[debug] [2026-03-24T00:11:11.370Z] [Firebase Plugin] Activating Firebase extension.
[debug] [2026-03-24T00:11:23.314Z] [Firebase Plugin] requireAuthWrapper
[debug] [2026-03-24T00:11:23.315Z] > command requires scopes: ["email","openid","https://www.googleapis.com/auth/cloudplatformprojects.readonly","https://www.googleapis.com/auth/firebase","https://www.googleapis.com/auth/cloud-platform"]
[debug] [2026-03-24T00:11:23.315Z] > authorizing via signed-in user (mmarkusmalone@gmail.com)
[debug] [2026-03-24T00:11:23.317Z] Checked if tokens are valid: false, expires at: 1774308714206
[debug] [2026-03-24T00:11:23.318Z] Checked if tokens are valid: false, expires at: 1774308714206
[debug] [2026-03-24T00:11:23.318Z] > refreshing access token with scopes: []
[debug] [2026-03-24T00:11:23.319Z] >>> [apiv2][query] POST https://www.googleapis.com/oauth2/v3/token [none]
[debug] [2026-03-24T00:11:23.319Z] >>> [apiv2][body] POST https://www.googleapis.com/oauth2/v3/token [omitted]
[debug] [2026-03-24T00:11:23.325Z] [Firebase Plugin] VSCode notification server listening on port 40001
[info] [Firebase Plugin] Starting Data Connect toolkit (version 3.2.1) on port 50001
[debug] [2026-03-24T00:11:23.686Z] 'fdc build' failed with error: Unable to build your Data Connect schema and connectors (exit code 1): E0323 20:11:23.685110    2569 cmd.go:43] Error loading data connect config: could not find dataconnect.yaml in `/Users/mayamarkus-malone/Documents/Personal_CS/bcup/dataconnect`
 {"metadata":{"emulator":{"name":"dataconnect"},"message":"'fdc build' failed with error: Unable to build your Data Connect schema and connectors (exit code 1): E0323 20:11:23.685110    2569 cmd.go:43] Error loading data connect config: could not find dataconnect.yaml in `/Users/mayamarkus-malone/Documents/Personal_CS/bcup/dataconnect`\n"}}
[debug] [2026-03-24T00:11:23.688Z] Ignoring unsupported arg: auto_download {"metadata":{"emulator":{"name":"dataconnect"},"message":"Ignoring unsupported arg: auto_download"}}
[debug] [2026-03-24T00:11:23.688Z] Ignoring unsupported arg: port {"metadata":{"emulator":{"name":"dataconnect"},"message":"Ignoring unsupported arg: port"}}
[debug] [2026-03-24T00:11:23.688Z] Starting Data Connect Emulator with command {"binary":"/Users/mayamarkus-malone/.cache/firebase/emulators/dataconnect-emulator-3.2.1","args":["--logtostderr","-v=2","dev","--listen=localhost:50001","--config_dir=/Users/mayamarkus-malone/Documents/Personal_CS/bcup/dataconnect","--enable_output_schema_extensions=true","--enable_output_generated_sdk=true"],"optionalArgs":["listen","config_dir","enable_output_schema_extensions","enable_output_generated_sdk"],"joinArgs":true,"shell":false,"port":9399} {"metadata":{"emulator":{"name":"dataconnect"},"message":"Starting Data Connect Emulator with command {\"binary\":\"/Users/mayamarkus-malone/.cache/firebase/emulators/dataconnect-emulator-3.2.1\",\"args\":[\"--logtostderr\",\"-v=2\",\"dev\",\"--listen=localhost:50001\",\"--config_dir=/Users/mayamarkus-malone/Documents/Personal_CS/bcup/dataconnect\",\"--enable_output_schema_extensions=true\",\"--enable_output_generated_sdk=true\"],\"optionalArgs\":[\"listen\",\"config_dir\",\"enable_output_schema_extensions\",\"enable_output_generated_sdk\"],\"joinArgs\":true,\"shell\":false,\"port\":9399}"}}
[info] i  dataconnect: Data Connect Emulator logging to dataconnect-debug.log {"metadata":{"emulator":{"name":"dataconnect"},"message":"Data Connect Emulator logging to dataconnect-debug.log"}}
[debug] [2026-03-24T00:11:23.771Z] E0323 20:11:23.770639    2571 dev.go:83] Failed to load initial config from "/Users/mayamarkus-malone/Documents/Personal_CS/bcup/dataconnect": could not find dataconnect.yaml in `/Users/mayamarkus-malone/Documents/Personal_CS/bcup/dataconnect`
 {"metadata":{"emulator":{"name":"dataconnect"},"message":"E0323 20:11:23.770639    2571 dev.go:83] Failed to load initial config from \"/Users/mayamarkus-malone/Documents/Personal_CS/bcup/dataconnect\": could not find dataconnect.yaml in `/Users/mayamarkus-malone/Documents/Personal_CS/bcup/dataconnect`\n"}}
[debug] [2026-03-24T00:11:23.772Z] E0323 20:11:23.772119    2571 watch.go:116] watchAllDir unable to walk dir `/Users/mayamarkus-malone/Documents/Personal_CS/bcup/dataconnect`: lstat /Users/mayamarkus-malone/Documents/Personal_CS/bcup/dataconnect: no such file or directory
 {"metadata":{"emulator":{"name":"dataconnect"},"message":"E0323 20:11:23.772119    2571 watch.go:116] watchAllDir unable to walk dir `/Users/mayamarkus-malone/Documents/Personal_CS/bcup/dataconnect`: lstat /Users/mayamarkus-malone/Documents/Personal_CS/bcup/dataconnect: no such file or directory\n"}}
[debug] [2026-03-24T00:11:23.776Z] I0323 20:11:23.776677    2571 dev.go:104] Listening on address (HTTP + gRPC): 127.0.0.1:50001
 {"metadata":{"emulator":{"name":"dataconnect"},"message":"I0323 20:11:23.776677    2571 dev.go:104] Listening on address (HTTP + gRPC): 127.0.0.1:50001\n"}}
[debug] [2026-03-24T00:11:23.894Z] <<< [apiv2][status] POST https://www.googleapis.com/oauth2/v3/token 200
[debug] [2026-03-24T00:11:23.894Z] <<< [apiv2][body] POST https://www.googleapis.com/oauth2/v3/token [omitted]
[debug] [2026-03-24T00:11:23.907Z] [Firebase Plugin] User found:  mmarkusmalone@gmail.com
[info] [Firebase Plugin] (Core:Project) New user detected, fetching projects
[debug] [2026-03-24T00:11:23.908Z] Checked if tokens are valid: true, expires at: 1774314682894
[debug] [2026-03-24T00:11:23.908Z] >>> [apiv2][query] GET https://firebase.googleapis.com/v1beta1/projects pageSize=1000
[error] [Firebase Plugin] error:  {}
[debug] [2026-03-24T00:11:24.376Z] <<< [apiv2][status] GET https://firebase.googleapis.com/v1beta1/projects 200
[debug] [2026-03-24T00:11:24.376Z] <<< [apiv2][body] GET https://firebase.googleapis.com/v1beta1/projects [omitted]
[debug] [2026-03-24T00:11:33.775Z] E0323 20:11:33.775483    2571 watch.go:40] Failed to load config from "/Users/mayamarkus-malone/Documents/Personal_CS/bcup/dataconnect": could not find dataconnect.yaml in `/Users/mayamarkus-malone/Documents/Personal_CS/bcup/dataconnect`
 {"metadata":{"emulator":{"name":"dataconnect"},"message":"E0323 20:11:33.775483    2571 watch.go:40] Failed to load config from \"/Users/mayamarkus-malone/Documents/Personal_CS/bcup/dataconnect\": could not find dataconnect.yaml in `/Users/mayamarkus-malone/Documents/Personal_CS/bcup/dataconnect`\n"}}
[debug] [2026-03-24T00:11:43.783Z] E0323 20:11:43.783071    2571 watch.go:40] Failed to load config from "/Users/mayamarkus-malone/Documents/Personal_CS/bcup/dataconnect": could not find dataconnect.yaml in `/Users/mayamarkus-malone/Documents/Personal_CS/bcup/dataconnect`
 {"metadata":{"emulator":{"name":"dataconnect"},"message":"E0323 20:11:43.783071    2571 watch.go:40] Failed to load config from \"/Users/mayamarkus-malone/Documents/Personal_CS/bcup/dataconnect\": could not find dataconnect.yaml in `/Users/mayamarkus-malone/Documents/Personal_CS/bcup/dataconnect`\n"}}
[debug] [2026-03-24T00:11:53.779Z] E0323 20:11:53.778350    2571 watch.go:40] Failed to load config from "/Users/mayamarkus-malone/Documents/Personal_CS/bcup/dataconnect": could not find dataconnect.yaml in `/Users/mayamarkus-malone/Documents/Personal_CS/bcup/dataconnect`
 {"metadata":{"emulator":{"name":"dataconnect"},"message":"E0323 20:11:53.778350    2571 watch.go:40] Failed to load config from \"/Users/mayamarkus-malone/Documents/Personal_CS/bcup/dataconnect\": could not find dataconnect.yaml in `/Users/mayamarkus-malone/Documents/Personal_CS/bcup/dataconnect`\n"}}
[debug] [2026-03-24T00:12:03.779Z] E0323 20:12:03.778174    2571 watch.go:40] Failed to load config from "/Users/mayamarkus-malone/Documents/Personal_CS/bcup/dataconnect": could not find dataconnect.yaml in `/Users/mayamarkus-malone/Documents/Personal_CS/bcup/dataconnect`
 {"metadata":{"emulator":{"name":"dataconnect"},"message":"E0323 20:12:03.778174    2571 watch.go:40] Failed to load config from \"/Users/mayamarkus-malone/Documents/Personal_CS/bcup/dataconnect\": could not find dataconnect.yaml in `/Users/mayamarkus-malone/Documents/Personal_CS/bcup/dataconnect`\n"}}
[debug] [2026-03-24T00:12:13.782Z] E0323 20:12:13.778936    2571 watch.go:40] Failed to load config from "/Users/mayamarkus-malone/Documents/Personal_CS/bcup/dataconnect": could not find dataconnect.yaml in `/Users/mayamarkus-malone/Documents/Personal_CS/bcup/dataconnect`
 {"metadata":{"emulator":{"name":"dataconnect"},"message":"E0323 20:12:13.778936    2571 watch.go:40] Failed to load config from \"/Users/mayamarkus-malone/Documents/Personal_CS/bcup/dataconnect\": could not find dataconnect.yaml in `/Users/mayamarkus-malone/Documents/Personal_CS/bcup/dataconnect`\n"}}
[debug] [2026-03-24T00:12:23.790Z] E0323 20:12:23.787270    2571 watch.go:40] Failed to load config from "/Users/mayamarkus-malone/Documents/Personal_CS/bcup/dataconnect": could not find dataconnect.yaml in `/Users/mayamarkus-malone/Documents/Personal_CS/bcup/dataconnect`
E0323 20:12:23.777657    2571 watch.go:116] watchAllDir unable to walk dir `/Users/mayamarkus-malone/Documents/Personal_CS/bcup/dataconnect`: lstat /Users/mayamarkus-malone/Documents/Personal_CS/bcup/dataconnect: no such file or directory
 {"metadata":{"emulator":{"name":"dataconnect"},"message":"E0323 20:12:23.787270    2571 watch.go:40] Failed to load config from \"/Users/mayamarkus-malone/Documents/Personal_CS/bcup/dataconnect\": could not find dataconnect.yaml in `/Users/mayamarkus-malone/Documents/Personal_CS/bcup/dataconnect`\nE0323 20:12:23.777657    2571 watch.go:116] watchAllDir unable to walk dir `/Users/mayamarkus-malone/Documents/Personal_CS/bcup/dataconnect`: lstat /Users/mayamarkus-malone/Documents/Personal_CS/bcup/dataconnect: no such file or directory\n"}}
[debug] [2026-03-24T00:12:33.774Z] E0323 20:12:33.774205    2571 watch.go:40] Failed to load config from "/Users/mayamarkus-malone/Documents/Personal_CS/bcup/dataconnect": could not find dataconnect.yaml in `/Users/mayamarkus-malone/Documents/Personal_CS/bcup/dataconnect`
 {"metadata":{"emulator":{"name":"dataconnect"},"message":"E0323 20:12:33.774205    2571 watch.go:40] Failed to load config from \"/Users/mayamarkus-malone/Documents/Personal_CS/bcup/dataconnect\": could not find dataconnect.yaml in `/Users/mayamarkus-malone/Documents/Personal_CS/bcup/dataconnect`\n"}}
[debug] [2026-03-24T00:12:43.779Z] E0323 20:12:43.778481    2571 watch.go:40] Failed to load config from "/Users/mayamarkus-malone/Documents/Personal_CS/bcup/dataconnect": could not find dataconnect.yaml in `/Users/mayamarkus-malone/Documents/Personal_CS/bcup/dataconnect`
 {"metadata":{"emulator":{"name":"dataconnect"},"message":"E0323 20:12:43.778481    2571 watch.go:40] Failed to load config from \"/Users/mayamarkus-malone/Documents/Personal_CS/bcup/dataconnect\": could not find dataconnect.yaml in `/Users/mayamarkus-malone/Documents/Personal_CS/bcup/dataconnect`\n"}}
[debug] [2026-03-24T00:12:53.776Z] E0323 20:12:53.775521    2571 watch.go:40] Failed to load config from "/Users/mayamarkus-malone/Documents/Personal_CS/bcup/dataconnect": could not find dataconnect.yaml in `/Users/mayamarkus-malone/Documents/Personal_CS/bcup/dataconnect`
 {"metadata":{"emulator":{"name":"dataconnect"},"message":"E0323 20:12:53.775521    2571 watch.go:40] Failed to load config from \"/Users/mayamarkus-malone/Documents/Personal_CS/bcup/dataconnect\": could not find dataconnect.yaml in `/Users/mayamarkus-malone/Documents/Personal_CS/bcup/dataconnect`\n"}}
[debug] [2026-03-24T00:13:03.775Z] E0323 20:13:03.774876    2571 watch.go:40] Failed to load config from "/Users/mayamarkus-malone/Documents/Personal_CS/bcup/dataconnect": could not find dataconnect.yaml in `/Users/mayamarkus-malone/Documents/Personal_CS/bcup/dataconnect`
 {"metadata":{"emulator":{"name":"dataconnect"},"message":"E0323 20:13:03.774876    2571 watch.go:40] Failed to load config from \"/Users/mayamarkus-malone/Documents/Personal_CS/bcup/dataconnect\": could not find dataconnect.yaml in `/Users/mayamarkus-malone/Documents/Personal_CS/bcup/dataconnect`\n"}}
[debug] [2026-03-24T00:13:13.774Z] E0323 20:13:13.774187    2571 watch.go:40] Failed to load config from "/Users/mayamarkus-malone/Documents/Personal_CS/bcup/dataconnect": could not find dataconnect.yaml in `/Users/mayamarkus-malone/Documents/Personal_CS/bcup/dataconnect`
 {"metadata":{"emulator":{"name":"dataconnect"},"message":"E0323 20:13:13.774187    2571 watch.go:40] Failed to load config from \"/Users/mayamarkus-malone/Documents/Personal_CS/bcup/dataconnect\": could not find dataconnect.yaml in `/Users/mayamarkus-malone/Documents/Personal_CS/bcup/dataconnect`\n"}}
[debug] [2026-03-24T00:13:23.777Z] E0323 20:13:23.776602    2571 watch.go:116] watchAllDir unable to walk dir `/Users/mayamarkus-malone/Documents/Personal_CS/bcup/dataconnect`: lstat /Users/mayamarkus-malone/Documents/Personal_CS/bcup/dataconnect: no such file or directory
E0323 20:13:23.776756    2571 watch.go:40] Failed to load config from "/Users/mayamarkus-malone/Documents/Personal_CS/bcup/dataconnect": could not find dataconnect.yaml in `/Users/mayamarkus-malone/Documents/Personal_CS/bcup/dataconnect`
 {"metadata":{"emulator":{"name":"dataconnect"},"message":"E0323 20:13:23.776602    2571 watch.go:116] watchAllDir unable to walk dir `/Users/mayamarkus-malone/Documents/Personal_CS/bcup/dataconnect`: lstat /Users/mayamarkus-malone/Documents/Personal_CS/bcup/dataconnect: no such file or directory\nE0323 20:13:23.776756    2571 watch.go:40] Failed to load config from \"/Users/mayamarkus-malone/Documents/Personal_CS/bcup/dataconnect\": could not find dataconnect.yaml in `/Users/mayamarkus-malone/Documents/Personal_CS/bcup/dataconnect`\n"}}
[debug] [2026-03-24T00:13:33.777Z] E0323 20:13:33.776401    2571 watch.go:40] Failed to load config from "/Users/mayamarkus-malone/Documents/Personal_CS/bcup/dataconnect": could not find dataconnect.yaml in `/Users/mayamarkus-malone/Documents/Personal_CS/bcup/dataconnect`
 {"metadata":{"emulator":{"name":"dataconnect"},"message":"E0323 20:13:33.776401    2571 watch.go:40] Failed to load config from \"/Users/mayamarkus-malone/Documents/Personal_CS/bcup/dataconnect\": could not find dataconnect.yaml in `/Users/mayamarkus-malone/Documents/Personal_CS/bcup/dataconnect`\n"}}
[debug] [2026-03-24T00:13:43.785Z] E0323 20:13:43.785173    2571 watch.go:40] Failed to load config from "/Users/mayamarkus-malone/Documents/Personal_CS/bcup/dataconnect": could not find dataconnect.yaml in `/Users/mayamarkus-malone/Documents/Personal_CS/bcup/dataconnect`
 {"metadata":{"emulator":{"name":"dataconnect"},"message":"E0323 20:13:43.785173    2571 watch.go:40] Failed to load config from \"/Users/mayamarkus-malone/Documents/Personal_CS/bcup/dataconnect\": could not find dataconnect.yaml in `/Users/mayamarkus-malone/Documents/Personal_CS/bcup/dataconnect`\n"}}
[debug] [2026-03-24T00:13:53.774Z] E0323 20:13:53.774119    2571 watch.go:40] Failed to load config from "/Users/mayamarkus-malone/Documents/Personal_CS/bcup/dataconnect": could not find dataconnect.yaml in `/Users/mayamarkus-malone/Documents/Personal_CS/bcup/dataconnect`
 {"metadata":{"emulator":{"name":"dataconnect"},"message":"E0323 20:13:53.774119    2571 watch.go:40] Failed to load config from \"/Users/mayamarkus-malone/Documents/Personal_CS/bcup/dataconnect\": could not find dataconnect.yaml in `/Users/mayamarkus-malone/Documents/Personal_CS/bcup/dataconnect`\n"}}
[debug] [2026-03-24T00:14:03.775Z] E0323 20:14:03.775279    2571 watch.go:40] Failed to load config from "/Users/mayamarkus-malone/Documents/Personal_CS/bcup/dataconnect": could not find dataconnect.yaml in `/Users/mayamarkus-malone/Documents/Personal_CS/bcup/dataconnect`
 {"metadata":{"emulator":{"name":"dataconnect"},"message":"E0323 20:14:03.775279    2571 watch.go:40] Failed to load config from \"/Users/mayamarkus-malone/Documents/Personal_CS/bcup/dataconnect\": could not find dataconnect.yaml in `/Users/mayamarkus-malone/Documents/Personal_CS/bcup/dataconnect`\n"}}
[debug] [2026-03-24T00:14:13.775Z] E0323 20:14:13.774936    2571 watch.go:40] Failed to load config from "/Users/mayamarkus-malone/Documents/Personal_CS/bcup/dataconnect": could not find dataconnect.yaml in `/Users/mayamarkus-malone/Documents/Personal_CS/bcup/dataconnect`
 {"metadata":{"emulator":{"name":"dataconnect"},"message":"E0323 20:14:13.774936    2571 watch.go:40] Failed to load config from \"/Users/mayamarkus-malone/Documents/Personal_CS/bcup/dataconnect\": could not find dataconnect.yaml in `/Users/mayamarkus-malone/Documents/Personal_CS/bcup/dataconnect`\n"}}
[debug] [2026-03-24T00:14:23.775Z] E0323 20:14:23.775336    2571 watch.go:40] Failed to load config from "/Users/mayamarkus-malone/Documents/Personal_CS/bcup/dataconnect": could not find dataconnect.yaml in `/Users/mayamarkus-malone/Documents/Personal_CS/bcup/dataconnect`
 {"metadata":{"emulator":{"name":"dataconnect"},"message":"E0323 20:14:23.775336    2571 watch.go:40] Failed to load config from \"/Users/mayamarkus-malone/Documents/Personal_CS/bcup/dataconnect\": could not find dataconnect.yaml in `/Users/mayamarkus-malone/Documents/Personal_CS/bcup/dataconnect`\n"}}
[debug] [2026-03-24T00:14:23.777Z] E0323 20:14:23.775087    2571 watch.go:116] watchAllDir unable to walk dir `/Users/mayamarkus-malone/Documents/Personal_CS/bcup/dataconnect`: lstat /Users/mayamarkus-malone/Documents/Personal_CS/bcup/dataconnect: no such file or directory
 {"metadata":{"emulator":{"name":"dataconnect"},"message":"E0323 20:14:23.775087    2571 watch.go:116] watchAllDir unable to walk dir `/Users/mayamarkus-malone/Documents/Personal_CS/bcup/dataconnect`: lstat /Users/mayamarkus-malone/Documents/Personal_CS/bcup/dataconnect: no such file or directory\n"}}
[debug] [2026-03-24T00:14:33.775Z] E0323 20:14:33.775716    2571 watch.go:40] Failed to load config from "/Users/mayamarkus-malone/Documents/Personal_CS/bcup/dataconnect": could not find dataconnect.yaml in `/Users/mayamarkus-malone/Documents/Personal_CS/bcup/dataconnect`
 {"metadata":{"emulator":{"name":"dataconnect"},"message":"E0323 20:14:33.775716    2571 watch.go:40] Failed to load config from \"/Users/mayamarkus-malone/Documents/Personal_CS/bcup/dataconnect\": could not find dataconnect.yaml in `/Users/mayamarkus-malone/Documents/Personal_CS/bcup/dataconnect`\n"}}
[debug] [2026-03-24T00:14:43.774Z] E0323 20:14:43.774567    2571 watch.go:40] Failed to load config from "/Users/mayamarkus-malone/Documents/Personal_CS/bcup/dataconnect": could not find dataconnect.yaml in `/Users/mayamarkus-malone/Documents/Personal_CS/bcup/dataconnect`
 {"metadata":{"emulator":{"name":"dataconnect"},"message":"E0323 20:14:43.774567    2571 watch.go:40] Failed to load config from \"/Users/mayamarkus-malone/Documents/Personal_CS/bcup/dataconnect\": could not find dataconnect.yaml in `/Users/mayamarkus-malone/Documents/Personal_CS/bcup/dataconnect`\n"}}
[debug] [2026-03-24T00:14:53.775Z] E0323 20:14:53.775467    2571 watch.go:40] Failed to load config from "/Users/mayamarkus-malone/Documents/Personal_CS/bcup/dataconnect": could not find dataconnect.yaml in `/Users/mayamarkus-malone/Documents/Personal_CS/bcup/dataconnect`
 {"metadata":{"emulator":{"name":"dataconnect"},"message":"E0323 20:14:53.775467    2571 watch.go:40] Failed to load config from \"/Users/mayamarkus-malone/Documents/Personal_CS/bcup/dataconnect\": could not find dataconnect.yaml in `/Users/mayamarkus-malone/Documents/Personal_CS/bcup/dataconnect`\n"}}
[debug] [2026-03-24T00:15:03.775Z] E0323 20:15:03.775672    2571 watch.go:40] Failed to load config from "/Users/mayamarkus-malone/Documents/Personal_CS/bcup/dataconnect": could not find dataconnect.yaml in `/Users/mayamarkus-malone/Documents/Personal_CS/bcup/dataconnect`
 {"metadata":{"emulator":{"name":"dataconnect"},"message":"E0323 20:15:03.775672    2571 watch.go:40] Failed to load config from \"/Users/mayamarkus-malone/Documents/Personal_CS/bcup/dataconnect\": could not find dataconnect.yaml in `/Users/mayamarkus-malone/Documents/Personal_CS/bcup/dataconnect`\n"}}
[debug] [2026-03-24T00:15:13.775Z] E0323 20:15:13.775572    2571 watch.go:40] Failed to load config from "/Users/mayamarkus-malone/Documents/Personal_CS/bcup/dataconnect": could not find dataconnect.yaml in `/Users/mayamarkus-malone/Documents/Personal_CS/bcup/dataconnect`
 {"metadata":{"emulator":{"name":"dataconnect"},"message":"E0323 20:15:13.775572    2571 watch.go:40] Failed to load config from \"/Users/mayamarkus-malone/Documents/Personal_CS/bcup/dataconnect\": could not find dataconnect.yaml in `/Users/mayamarkus-malone/Documents/Personal_CS/bcup/dataconnect`\n"}}
[debug] [2026-03-24T00:15:23.775Z] E0323 20:15:23.774819    2571 watch.go:40] Failed to load config from "/Users/mayamarkus-malone/Documents/Personal_CS/bcup/dataconnect": could not find dataconnect.yaml in `/Users/mayamarkus-malone/Documents/Personal_CS/bcup/dataconnect`
E0323 20:15:23.774785    2571 watch.go:116] watchAllDir unable to walk dir `/Users/mayamarkus-malone/Documents/Personal_CS/bcup/dataconnect`: lstat /Users/mayamarkus-malone/Documents/Personal_CS/bcup/dataconnect: no such file or directory
 {"metadata":{"emulator":{"name":"dataconnect"},"message":"E0323 20:15:23.774819    2571 watch.go:40] Failed to load config from \"/Users/mayamarkus-malone/Documents/Personal_CS/bcup/dataconnect\": could not find dataconnect.yaml in `/Users/mayamarkus-malone/Documents/Personal_CS/bcup/dataconnect`\nE0323 20:15:23.774785    2571 watch.go:116] watchAllDir unable to walk dir `/Users/mayamarkus-malone/Documents/Personal_CS/bcup/dataconnect`: lstat /Users/mayamarkus-malone/Documents/Personal_CS/bcup/dataconnect: no such file or directory\n"}}
[debug] [2026-03-24T00:15:33.776Z] E0323 20:15:33.775959    2571 watch.go:40] Failed to load config from "/Users/mayamarkus-malone/Documents/Personal_CS/bcup/dataconnect": could not find dataconnect.yaml in `/Users/mayamarkus-malone/Documents/Personal_CS/bcup/dataconnect`
 {"metadata":{"emulator":{"name":"dataconnect"},"message":"E0323 20:15:33.775959    2571 watch.go:40] Failed to load config from \"/Users/mayamarkus-malone/Documents/Personal_CS/bcup/dataconnect\": could not find dataconnect.yaml in `/Users/mayamarkus-malone/Documents/Personal_CS/bcup/dataconnect`\n"}}
[debug] [2026-03-24T00:15:43.776Z] E0323 20:15:43.776062    2571 watch.go:40] Failed to load config from "/Users/mayamarkus-malone/Documents/Personal_CS/bcup/dataconnect": could not find dataconnect.yaml in `/Users/mayamarkus-malone/Documents/Personal_CS/bcup/dataconnect`
 {"metadata":{"emulator":{"name":"dataconnect"},"message":"E0323 20:15:43.776062    2571 watch.go:40] Failed to load config from \"/Users/mayamarkus-malone/Documents/Personal_CS/bcup/dataconnect\": could not find dataconnect.yaml in `/Users/mayamarkus-malone/Documents/Personal_CS/bcup/dataconnect`\n"}}
[debug] [2026-03-24T00:15:53.776Z] E0323 20:15:53.775923    2571 watch.go:40] Failed to load config from "/Users/mayamarkus-malone/Documents/Personal_CS/bcup/dataconnect": could not find dataconnect.yaml in `/Users/mayamarkus-malone/Documents/Personal_CS/bcup/dataconnect`
 {"metadata":{"emulator":{"name":"dataconnect"},"message":"E0323 20:15:53.775923    2571 watch.go:40] Failed to load config from \"/Users/mayamarkus-malone/Documents/Personal_CS/bcup/dataconnect\": could not find dataconnect.yaml in `/Users/mayamarkus-malone/Documents/Personal_CS/bcup/dataconnect`\n"}}
[debug] [2026-03-24T00:16:03.776Z] E0323 20:16:03.775984    2571 watch.go:40] Failed to load config from "/Users/mayamarkus-malone/Documents/Personal_CS/bcup/dataconnect": could not find dataconnect.yaml in `/Users/mayamarkus-malone/Documents/Personal_CS/bcup/dataconnect`
 {"metadata":{"emulator":{"name":"dataconnect"},"message":"E0323 20:16:03.775984    2571 watch.go:40] Failed to load config from \"/Users/mayamarkus-malone/Documents/Personal_CS/bcup/dataconnect\": could not find dataconnect.yaml in `/Users/mayamarkus-malone/Documents/Personal_CS/bcup/dataconnect`\n"}}
[debug] [2026-03-24T00:16:13.776Z] E0323 20:16:13.776172    2571 watch.go:40] Failed to load config from "/Users/mayamarkus-malone/Documents/Personal_CS/bcup/dataconnect": could not find dataconnect.yaml in `/Users/mayamarkus-malone/Documents/Personal_CS/bcup/dataconnect`
 {"metadata":{"emulator":{"name":"dataconnect"},"message":"E0323 20:16:13.776172    2571 watch.go:40] Failed to load config from \"/Users/mayamarkus-malone/Documents/Personal_CS/bcup/dataconnect\": could not find dataconnect.yaml in `/Users/mayamarkus-malone/Documents/Personal_CS/bcup/dataconnect`\n"}}
[debug] [2026-03-24T00:16:23.775Z] E0323 20:16:23.775403    2571 watch.go:116] watchAllDir unable to walk dir `/Users/mayamarkus-malone/Documents/Personal_CS/bcup/dataconnect`: lstat /Users/mayamarkus-malone/Documents/Personal_CS/bcup/dataconnect: no such file or directory
E0323 20:16:23.775708    2571 watch.go:40] Failed to load config from "/Users/mayamarkus-malone/Documents/Personal_CS/bcup/dataconnect": could not find dataconnect.yaml in `/Users/mayamarkus-malone/Documents/Personal_CS/bcup/dataconnect`
 {"metadata":{"emulator":{"name":"dataconnect"},"message":"E0323 20:16:23.775403    2571 watch.go:116] watchAllDir unable to walk dir `/Users/mayamarkus-malone/Documents/Personal_CS/bcup/dataconnect`: lstat /Users/mayamarkus-malone/Documents/Personal_CS/bcup/dataconnect: no such file or directory\nE0323 20:16:23.775708    2571 watch.go:40] Failed to load config from \"/Users/mayamarkus-malone/Documents/Personal_CS/bcup/dataconnect\": could not find dataconnect.yaml in `/Users/mayamarkus-malone/Documents/Personal_CS/bcup/dataconnect`\n"}}
[debug] [2026-03-24T00:16:33.778Z] E0323 20:16:33.777834    2571 watch.go:40] Failed to load config from "/Users/mayamarkus-malone/Documents/Personal_CS/bcup/dataconnect": could not find dataconnect.yaml in `/Users/mayamarkus-malone/Documents/Personal_CS/bcup/dataconnect`
 {"metadata":{"emulator":{"name":"dataconnect"},"message":"E0323 20:16:33.777834    2571 watch.go:40] Failed to load config from \"/Users/mayamarkus-malone/Documents/Personal_CS/bcup/dataconnect\": could not find dataconnect.yaml in `/Users/mayamarkus-malone/Documents/Personal_CS/bcup/dataconnect`\n"}}
[debug] [2026-03-24T00:16:43.775Z] E0323 20:16:43.775423    2571 watch.go:40] Failed to load config from "/Users/mayamarkus-malone/Documents/Personal_CS/bcup/dataconnect": could not find dataconnect.yaml in `/Users/mayamarkus-malone/Documents/Personal_CS/bcup/dataconnect`
 {"metadata":{"emulator":{"name":"dataconnect"},"message":"E0323 20:16:43.775423    2571 watch.go:40] Failed to load config from \"/Users/mayamarkus-malone/Documents/Personal_CS/bcup/dataconnect\": could not find dataconnect.yaml in `/Users/mayamarkus-malone/Documents/Personal_CS/bcup/dataconnect`\n"}}
[debug] [2026-03-24T00:16:53.776Z] E0323 20:16:53.776380    2571 watch.go:40] Failed to load config from "/Users/mayamarkus-malone/Documents/Personal_CS/bcup/dataconnect": could not find dataconnect.yaml in `/Users/mayamarkus-malone/Documents/Personal_CS/bcup/dataconnect`
 {"metadata":{"emulator":{"name":"dataconnect"},"message":"E0323 20:16:53.776380    2571 watch.go:40] Failed to load config from \"/Users/mayamarkus-malone/Documents/Personal_CS/bcup/dataconnect\": could not find dataconnect.yaml in `/Users/mayamarkus-malone/Documents/Personal_CS/bcup/dataconnect`\n"}}
[debug] [2026-03-24T00:17:03.777Z] E0323 20:17:03.777646    2571 watch.go:40] Failed to load config from "/Users/mayamarkus-malone/Documents/Personal_CS/bcup/dataconnect": could not find dataconnect.yaml in `/Users/mayamarkus-malone/Documents/Personal_CS/bcup/dataconnect`
 {"metadata":{"emulator":{"name":"dataconnect"},"message":"E0323 20:17:03.777646    2571 watch.go:40] Failed to load config from \"/Users/mayamarkus-malone/Documents/Personal_CS/bcup/dataconnect\": could not find dataconnect.yaml in `/Users/mayamarkus-malone/Documents/Personal_CS/bcup/dataconnect`\n"}}
[debug] [2026-03-24T00:17:13.776Z] E0323 20:17:13.776414    2571 watch.go:40] Failed to load config from "/Users/mayamarkus-malone/Documents/Personal_CS/bcup/dataconnect": could not find dataconnect.yaml in `/Users/mayamarkus-malone/Documents/Personal_CS/bcup/dataconnect`
 {"metadata":{"emulator":{"name":"dataconnect"},"message":"E0323 20:17:13.776414    2571 watch.go:40] Failed to load config from \"/Users/mayamarkus-malone/Documents/Personal_CS/bcup/dataconnect\": could not find dataconnect.yaml in `/Users/mayamarkus-malone/Documents/Personal_CS/bcup/dataconnect`\n"}}
[debug] [2026-03-24T00:17:23.776Z] E0323 20:17:23.776576    2571 watch.go:40] Failed to load config from "/Users/mayamarkus-malone/Documents/Personal_CS/bcup/dataconnect": could not find dataconnect.yaml in `/Users/mayamarkus-malone/Documents/Personal_CS/bcup/dataconnect`
 {"metadata":{"emulator":{"name":"dataconnect"},"message":"E0323 20:17:23.776576    2571 watch.go:40] Failed to load config from \"/Users/mayamarkus-malone/Documents/Personal_CS/bcup/dataconnect\": could not find dataconnect.yaml in `/Users/mayamarkus-malone/Documents/Personal_CS/bcup/dataconnect`\n"}}
[debug] [2026-03-24T00:17:23.778Z] E0323 20:17:23.776576    2571 watch.go:116] watchAllDir unable to walk dir `/Users/mayamarkus-malone/Documents/Personal_CS/bcup/dataconnect`: lstat /Users/mayamarkus-malone/Documents/Personal_CS/bcup/dataconnect: no such file or directory
 {"metadata":{"emulator":{"name":"dataconnect"},"message":"E0323 20:17:23.776576    2571 watch.go:116] watchAllDir unable to walk dir `/Users/mayamarkus-malone/Documents/Personal_CS/bcup/dataconnect`: lstat /Users/mayamarkus-malone/Documents/Personal_CS/bcup/dataconnect: no such file or directory\n"}}
[debug] [2026-03-24T00:17:33.777Z] E0323 20:17:33.777150    2571 watch.go:40] Failed to load config from "/Users/mayamarkus-malone/Documents/Personal_CS/bcup/dataconnect": could not find dataconnect.yaml in `/Users/mayamarkus-malone/Documents/Personal_CS/bcup/dataconnect`
 {"metadata":{"emulator":{"name":"dataconnect"},"message":"E0323 20:17:33.777150    2571 watch.go:40] Failed to load config from \"/Users/mayamarkus-malone/Documents/Personal_CS/bcup/dataconnect\": could not find dataconnect.yaml in `/Users/mayamarkus-malone/Documents/Personal_CS/bcup/dataconnect`\n"}}
[debug] [2026-03-24T00:17:43.776Z] E0323 20:17:43.776370    2571 watch.go:40] Failed to load config from "/Users/mayamarkus-malone/Documents/Personal_CS/bcup/dataconnect": could not find dataconnect.yaml in `/Users/mayamarkus-malone/Documents/Personal_CS/bcup/dataconnect`
 {"metadata":{"emulator":{"name":"dataconnect"},"message":"E0323 20:17:43.776370    2571 watch.go:40] Failed to load config from \"/Users/mayamarkus-malone/Documents/Personal_CS/bcup/dataconnect\": could not find dataconnect.yaml in `/Users/mayamarkus-malone/Documents/Personal_CS/bcup/dataconnect`\n"}}
[debug] [2026-03-24T00:17:53.777Z] E0323 20:17:53.776792    2571 watch.go:40] Failed to load config from "/Users/mayamarkus-malone/Documents/Personal_CS/bcup/dataconnect": could not find dataconnect.yaml in `/Users/mayamarkus-malone/Documents/Personal_CS/bcup/dataconnect`
 {"metadata":{"emulator":{"name":"dataconnect"},"message":"E0323 20:17:53.776792    2571 watch.go:40] Failed to load config from \"/Users/mayamarkus-malone/Documents/Personal_CS/bcup/dataconnect\": could not find dataconnect.yaml in `/Users/mayamarkus-malone/Documents/Personal_CS/bcup/dataconnect`\n"}}
[debug] [2026-03-24T00:18:03.776Z] E0323 20:18:03.776300    2571 watch.go:40] Failed to load config from "/Users/mayamarkus-malone/Documents/Personal_CS/bcup/dataconnect": could not find dataconnect.yaml in `/Users/mayamarkus-malone/Documents/Personal_CS/bcup/dataconnect`
 {"metadata":{"emulator":{"name":"dataconnect"},"message":"E0323 20:18:03.776300    2571 watch.go:40] Failed to load config from \"/Users/mayamarkus-malone/Documents/Personal_CS/bcup/dataconnect\": could not find dataconnect.yaml in `/Users/mayamarkus-malone/Documents/Personal_CS/bcup/dataconnect`\n"}}
[debug] [2026-03-24T00:18:13.777Z] E0323 20:18:13.777089    2571 watch.go:40] Failed to load config from "/Users/mayamarkus-malone/Documents/Personal_CS/bcup/dataconnect": could not find dataconnect.yaml in `/Users/mayamarkus-malone/Documents/Personal_CS/bcup/dataconnect`
 {"metadata":{"emulator":{"name":"dataconnect"},"message":"E0323 20:18:13.777089    2571 watch.go:40] Failed to load config from \"/Users/mayamarkus-malone/Documents/Personal_CS/bcup/dataconnect\": could not find dataconnect.yaml in `/Users/mayamarkus-malone/Documents/Personal_CS/bcup/dataconnect`\n"}}
[debug] [2026-03-24T00:18:23.777Z] E0323 20:18:23.777083    2571 watch.go:40] Failed to load config from "/Users/mayamarkus-malone/Documents/Personal_CS/bcup/dataconnect": could not find dataconnect.yaml in `/Users/mayamarkus-malone/Documents/Personal_CS/bcup/dataconnect`
E0323 20:18:23.777047    2571 watch.go:116] watchAllDir unable to walk dir `/Users/mayamarkus-malone/Documents/Personal_CS/bcup/dataconnect`: lstat /Users/mayamarkus-malone/Documents/Personal_CS/bcup/dataconnect: no such file or directory
 {"metadata":{"emulator":{"name":"dataconnect"},"message":"E0323 20:18:23.777083    2571 watch.go:40] Failed to load config from \"/Users/mayamarkus-malone/Documents/Personal_CS/bcup/dataconnect\": could not find dataconnect.yaml in `/Users/mayamarkus-malone/Documents/Personal_CS/bcup/dataconnect`\nE0323 20:18:23.777047    2571 watch.go:116] watchAllDir unable to walk dir `/Users/mayamarkus-malone/Documents/Personal_CS/bcup/dataconnect`: lstat /Users/mayamarkus-malone/Documents/Personal_CS/bcup/dataconnect: no such file or directory\n"}}
[debug] [2026-03-24T00:18:33.779Z] E0323 20:18:33.778071    2571 watch.go:40] Failed to load config from "/Users/mayamarkus-malone/Documents/Personal_CS/bcup/dataconnect": could not find dataconnect.yaml in `/Users/mayamarkus-malone/Documents/Personal_CS/bcup/dataconnect`
 {"metadata":{"emulator":{"name":"dataconnect"},"message":"E0323 20:18:33.778071    2571 watch.go:40] Failed to load config from \"/Users/mayamarkus-malone/Documents/Personal_CS/bcup/dataconnect\": could not find dataconnect.yaml in `/Users/mayamarkus-malone/Documents/Personal_CS/bcup/dataconnect`\n"}}
[debug] [2026-03-24T00:18:43.777Z] E0323 20:18:43.777425    2571 watch.go:40] Failed to load config from "/Users/mayamarkus-malone/Documents/Personal_CS/bcup/dataconnect": could not find dataconnect.yaml in `/Users/mayamarkus-malone/Documents/Personal_CS/bcup/dataconnect`
 {"metadata":{"emulator":{"name":"dataconnect"},"message":"E0323 20:18:43.777425    2571 watch.go:40] Failed to load config from \"/Users/mayamarkus-malone/Documents/Personal_CS/bcup/dataconnect\": could not find dataconnect.yaml in `/Users/mayamarkus-malone/Documents/Personal_CS/bcup/dataconnect`\n"}}
[debug] [2026-03-24T00:18:53.778Z] E0323 20:18:53.777931    2571 watch.go:40] Failed to load config from "/Users/mayamarkus-malone/Documents/Personal_CS/bcup/dataconnect": could not find dataconnect.yaml in `/Users/mayamarkus-malone/Documents/Personal_CS/bcup/dataconnect`
 {"metadata":{"emulator":{"name":"dataconnect"},"message":"E0323 20:18:53.777931    2571 watch.go:40] Failed to load config from \"/Users/mayamarkus-malone/Documents/Personal_CS/bcup/dataconnect\": could not find dataconnect.yaml in `/Users/mayamarkus-malone/Documents/Personal_CS/bcup/dataconnect`\n"}}
[debug] [2026-03-24T00:19:03.777Z] E0323 20:19:03.777451    2571 watch.go:40] Failed to load config from "/Users/mayamarkus-malone/Documents/Personal_CS/bcup/dataconnect": could not find dataconnect.yaml in `/Users/mayamarkus-malone/Documents/Personal_CS/bcup/dataconnect`
 {"metadata":{"emulator":{"name":"dataconnect"},"message":"E0323 20:19:03.777451    2571 watch.go:40] Failed to load config from \"/Users/mayamarkus-malone/Documents/Personal_CS/bcup/dataconnect\": could not find dataconnect.yaml in `/Users/mayamarkus-malone/Documents/Personal_CS/bcup/dataconnect`\n"}}
[debug] [2026-03-24T00:19:13.777Z] E0323 20:19:13.777349    2571 watch.go:40] Failed to load config from "/Users/mayamarkus-malone/Documents/Personal_CS/bcup/dataconnect": could not find dataconnect.yaml in `/Users/mayamarkus-malone/Documents/Personal_CS/bcup/dataconnect`
 {"metadata":{"emulator":{"name":"dataconnect"},"message":"E0323 20:19:13.777349    2571 watch.go:40] Failed to load config from \"/Users/mayamarkus-malone/Documents/Personal_CS/bcup/dataconnect\": could not find dataconnect.yaml in `/Users/mayamarkus-malone/Documents/Personal_CS/bcup/dataconnect`\n"}}
[debug] [2026-03-24T00:19:23.778Z] E0323 20:19:23.777570    2571 watch.go:116] watchAllDir unable to walk dir `/Users/mayamarkus-malone/Documents/Personal_CS/bcup/dataconnect`: lstat /Users/mayamarkus-malone/Documents/Personal_CS/bcup/dataconnect: no such file or directory
E0323 20:19:23.777702    2571 watch.go:40] Failed to load config from "/Users/mayamarkus-malone/Documents/Personal_CS/bcup/dataconnect": could not find dataconnect.yaml in `/Users/mayamarkus-malone/Documents/Personal_CS/bcup/dataconnect`
 {"metadata":{"emulator":{"name":"dataconnect"},"message":"E0323 20:19:23.777570    2571 watch.go:116] watchAllDir unable to walk dir `/Users/mayamarkus-malone/Documents/Personal_CS/bcup/dataconnect`: lstat /Users/mayamarkus-malone/Documents/Personal_CS/bcup/dataconnect: no such file or directory\nE0323 20:19:23.777702    2571 watch.go:40] Failed to load config from \"/Users/mayamarkus-malone/Documents/Personal_CS/bcup/dataconnect\": could not find dataconnect.yaml in `/Users/mayamarkus-malone/Documents/Personal_CS/bcup/dataconnect`\n"}}
[debug] [2026-03-24T00:19:33.777Z] E0323 20:19:33.776898    2571 watch.go:40] Failed to load config from "/Users/mayamarkus-malone/Documents/Personal_CS/bcup/dataconnect": could not find dataconnect.yaml in `/Users/mayamarkus-malone/Documents/Personal_CS/bcup/dataconnect`
 {"metadata":{"emulator":{"name":"dataconnect"},"message":"E0323 20:19:33.776898    2571 watch.go:40] Failed to load config from \"/Users/mayamarkus-malone/Documents/Personal_CS/bcup/dataconnect\": could not find dataconnect.yaml in `/Users/mayamarkus-malone/Documents/Personal_CS/bcup/dataconnect`\n"}}
[debug] [2026-03-24T00:19:43.777Z] E0323 20:19:43.777379    2571 watch.go:40] Failed to load config from "/Users/mayamarkus-malone/Documents/Personal_CS/bcup/dataconnect": could not find dataconnect.yaml in `/Users/mayamarkus-malone/Documents/Personal_CS/bcup/dataconnect`
 {"metadata":{"emulator":{"name":"dataconnect"},"message":"E0323 20:19:43.777379    2571 watch.go:40] Failed to load config from \"/Users/mayamarkus-malone/Documents/Personal_CS/bcup/dataconnect\": could not find dataconnect.yaml in `/Users/mayamarkus-malone/Documents/Personal_CS/bcup/dataconnect`\n"}}
[debug] [2026-03-24T00:19:53.778Z] E0323 20:19:53.778273    2571 watch.go:40] Failed to load config from "/Users/mayamarkus-malone/Documents/Personal_CS/bcup/dataconnect": could not find dataconnect.yaml in `/Users/mayamarkus-malone/Documents/Personal_CS/bcup/dataconnect`
 {"metadata":{"emulator":{"name":"dataconnect"},"message":"E0323 20:19:53.778273    2571 watch.go:40] Failed to load config from \"/Users/mayamarkus-malone/Documents/Personal_CS/bcup/dataconnect\": could not find dataconnect.yaml in `/Users/mayamarkus-malone/Documents/Personal_CS/bcup/dataconnect`\n"}}
[debug] [2026-03-24T00:20:03.778Z] E0323 20:20:03.778069    2571 watch.go:40] Failed to load config from "/Users/mayamarkus-malone/Documents/Personal_CS/bcup/dataconnect": could not find dataconnect.yaml in `/Users/mayamarkus-malone/Documents/Personal_CS/bcup/dataconnect`
 {"metadata":{"emulator":{"name":"dataconnect"},"message":"E0323 20:20:03.778069    2571 watch.go:40] Failed to load config from \"/Users/mayamarkus-malone/Documents/Personal_CS/bcup/dataconnect\": could not find dataconnect.yaml in `/Users/mayamarkus-malone/Documents/Personal_CS/bcup/dataconnect`\n"}}
[debug] [2026-03-24T00:20:13.777Z] E0323 20:20:13.777341    2571 watch.go:40] Failed to load config from "/Users/mayamarkus-malone/Documents/Personal_CS/bcup/dataconnect": could not find dataconnect.yaml in `/Users/mayamarkus-malone/Documents/Personal_CS/bcup/dataconnect`
 {"metadata":{"emulator":{"name":"dataconnect"},"message":"E0323 20:20:13.777341    2571 watch.go:40] Failed to load config from \"/Users/mayamarkus-malone/Documents/Personal_CS/bcup/dataconnect\": could not find dataconnect.yaml in `/Users/mayamarkus-malone/Documents/Personal_CS/bcup/dataconnect`\n"}}
[debug] [2026-03-24T00:20:23.779Z] E0323 20:20:23.779203    2571 watch.go:116] watchAllDir unable to walk dir `/Users/mayamarkus-malone/Documents/Personal_CS/bcup/dataconnect`: lstat /Users/mayamarkus-malone/Documents/Personal_CS/bcup/dataconnect: no such file or directory
 {"metadata":{"emulator":{"name":"dataconnect"},"message":"E0323 20:20:23.779203    2571 watch.go:116] watchAllDir unable to walk dir `/Users/mayamarkus-malone/Documents/Personal_CS/bcup/dataconnect`: lstat /Users/mayamarkus-malone/Documents/Personal_CS/bcup/dataconnect: no such file or directory\n"}}
[debug] [2026-03-24T00:20:23.781Z] E0323 20:20:23.780879    2571 watch.go:40] Failed to load config from "/Users/mayamarkus-malone/Documents/Personal_CS/bcup/dataconnect": could not find dataconnect.yaml in `/Users/mayamarkus-malone/Documents/Personal_CS/bcup/dataconnect`
 {"metadata":{"emulator":{"name":"dataconnect"},"message":"E0323 20:20:23.780879    2571 watch.go:40] Failed to load config from \"/Users/mayamarkus-malone/Documents/Personal_CS/bcup/dataconnect\": could not find dataconnect.yaml in `/Users/mayamarkus-malone/Documents/Personal_CS/bcup/dataconnect`\n"}}
[debug] [2026-03-24T00:20:33.777Z] E0323 20:20:33.777690    2571 watch.go:40] Failed to load config from "/Users/mayamarkus-malone/Documents/Personal_CS/bcup/dataconnect": could not find dataconnect.yaml in `/Users/mayamarkus-malone/Documents/Personal_CS/bcup/dataconnect`
 {"metadata":{"emulator":{"name":"dataconnect"},"message":"E0323 20:20:33.777690    2571 watch.go:40] Failed to load config from \"/Users/mayamarkus-malone/Documents/Personal_CS/bcup/dataconnect\": could not find dataconnect.yaml in `/Users/mayamarkus-malone/Documents/Personal_CS/bcup/dataconnect`\n"}}
[debug] [2026-03-24T00:20:43.779Z] E0323 20:20:43.778938    2571 watch.go:40] Failed to load config from "/Users/mayamarkus-malone/Documents/Personal_CS/bcup/dataconnect": could not find dataconnect.yaml in `/Users/mayamarkus-malone/Documents/Personal_CS/bcup/dataconnect`
 {"metadata":{"emulator":{"name":"dataconnect"},"message":"E0323 20:20:43.778938    2571 watch.go:40] Failed to load config from \"/Users/mayamarkus-malone/Documents/Personal_CS/bcup/dataconnect\": could not find dataconnect.yaml in `/Users/mayamarkus-malone/Documents/Personal_CS/bcup/dataconnect`\n"}}
[debug] [2026-03-24T00:20:53.778Z] E0323 20:20:53.777870    2571 watch.go:40] Failed to load config from "/Users/mayamarkus-malone/Documents/Personal_CS/bcup/dataconnect": could not find dataconnect.yaml in `/Users/mayamarkus-malone/Documents/Personal_CS/bcup/dataconnect`
 {"metadata":{"emulator":{"name":"dataconnect"},"message":"E0323 20:20:53.777870    2571 watch.go:40] Failed to load config from \"/Users/mayamarkus-malone/Documents/Personal_CS/bcup/dataconnect\": could not find dataconnect.yaml in `/Users/mayamarkus-malone/Documents/Personal_CS/bcup/dataconnect`\n"}}
[debug] [2026-03-24T00:21:03.778Z] E0323 20:21:03.778458    2571 watch.go:40] Failed to load config from "/Users/mayamarkus-malone/Documents/Personal_CS/bcup/dataconnect": could not find dataconnect.yaml in `/Users/mayamarkus-malone/Documents/Personal_CS/bcup/dataconnect`
 {"metadata":{"emulator":{"name":"dataconnect"},"message":"E0323 20:21:03.778458    2571 watch.go:40] Failed to load config from \"/Users/mayamarkus-malone/Documents/Personal_CS/bcup/dataconnect\": could not find dataconnect.yaml in `/Users/mayamarkus-malone/Documents/Personal_CS/bcup/dataconnect`\n"}}
[debug] [2026-03-24T00:21:13.779Z] E0323 20:21:13.779040    2571 watch.go:40] Failed to load config from "/Users/mayamarkus-malone/Documents/Personal_CS/bcup/dataconnect": could not find dataconnect.yaml in `/Users/mayamarkus-malone/Documents/Personal_CS/bcup/dataconnect`
 {"metadata":{"emulator":{"name":"dataconnect"},"message":"E0323 20:21:13.779040    2571 watch.go:40] Failed to load config from \"/Users/mayamarkus-malone/Documents/Personal_CS/bcup/dataconnect\": could not find dataconnect.yaml in `/Users/mayamarkus-malone/Documents/Personal_CS/bcup/dataconnect`\n"}}
[debug] [2026-03-24T00:21:23.778Z] E0323 20:21:23.778611    2571 watch.go:116] watchAllDir unable to walk dir `/Users/mayamarkus-malone/Documents/Personal_CS/bcup/dataconnect`: lstat /Users/mayamarkus-malone/Documents/Personal_CS/bcup/dataconnect: no such file or directory
E0323 20:21:23.778668    2571 watch.go:40] Failed to load config from "/Users/mayamarkus-malone/Documents/Personal_CS/bcup/dataconnect": could not find dataconnect.yaml in `/Users/mayamarkus-malone/Documents/Personal_CS/bcup/dataconnect`
 {"metadata":{"emulator":{"name":"dataconnect"},"message":"E0323 20:21:23.778611    2571 watch.go:116] watchAllDir unable to walk dir `/Users/mayamarkus-malone/Documents/Personal_CS/bcup/dataconnect`: lstat /Users/mayamarkus-malone/Documents/Personal_CS/bcup/dataconnect: no such file or directory\nE0323 20:21:23.778668    2571 watch.go:40] Failed to load config from \"/Users/mayamarkus-malone/Documents/Personal_CS/bcup/dataconnect\": could not find dataconnect.yaml in `/Users/mayamarkus-malone/Documents/Personal_CS/bcup/dataconnect`\n"}}
[debug] [2026-03-24T00:21:33.778Z] E0323 20:21:33.778124    2571 watch.go:40] Failed to load config from "/Users/mayamarkus-malone/Documents/Personal_CS/bcup/dataconnect": could not find dataconnect.yaml in `/Users/mayamarkus-malone/Documents/Personal_CS/bcup/dataconnect`
 {"metadata":{"emulator":{"name":"dataconnect"},"message":"E0323 20:21:33.778124    2571 watch.go:40] Failed to load config from \"/Users/mayamarkus-malone/Documents/Personal_CS/bcup/dataconnect\": could not find dataconnect.yaml in `/Users/mayamarkus-malone/Documents/Personal_CS/bcup/dataconnect`\n"}}
[debug] [2026-03-24T00:21:43.778Z] E0323 20:21:43.778722    2571 watch.go:40] Failed to load config from "/Users/mayamarkus-malone/Documents/Personal_CS/bcup/dataconnect": could not find dataconnect.yaml in `/Users/mayamarkus-malone/Documents/Personal_CS/bcup/dataconnect`
 {"metadata":{"emulator":{"name":"dataconnect"},"message":"E0323 20:21:43.778722    2571 watch.go:40] Failed to load config from \"/Users/mayamarkus-malone/Documents/Personal_CS/bcup/dataconnect\": could not find dataconnect.yaml in `/Users/mayamarkus-malone/Documents/Personal_CS/bcup/dataconnect`\n"}}
[debug] [2026-03-24T00:21:53.782Z] E0323 20:21:53.781894    2571 watch.go:40] Failed to load config from "/Users/mayamarkus-malone/Documents/Personal_CS/bcup/dataconnect": could not find dataconnect.yaml in `/Users/mayamarkus-malone/Documents/Personal_CS/bcup/dataconnect`
 {"metadata":{"emulator":{"name":"dataconnect"},"message":"E0323 20:21:53.781894    2571 watch.go:40] Failed to load config from \"/Users/mayamarkus-malone/Documents/Personal_CS/bcup/dataconnect\": could not find dataconnect.yaml in `/Users/mayamarkus-malone/Documents/Personal_CS/bcup/dataconnect`\n"}}
[debug] [2026-03-24T00:22:03.782Z] E0323 20:22:03.781161    2571 watch.go:40] Failed to load config from "/Users/mayamarkus-malone/Documents/Personal_CS/bcup/dataconnect": could not find dataconnect.yaml in `/Users/mayamarkus-malone/Documents/Personal_CS/bcup/dataconnect`
 {"metadata":{"emulator":{"name":"dataconnect"},"message":"E0323 20:22:03.781161    2571 watch.go:40] Failed to load config from \"/Users/mayamarkus-malone/Documents/Personal_CS/bcup/dataconnect\": could not find dataconnect.yaml in `/Users/mayamarkus-malone/Documents/Personal_CS/bcup/dataconnect`\n"}}
[debug] [2026-03-24T00:22:13.779Z] E0323 20:22:13.779336    2571 watch.go:40] Failed to load config from "/Users/mayamarkus-malone/Documents/Personal_CS/bcup/dataconnect": could not find dataconnect.yaml in `/Users/mayamarkus-malone/Documents/Personal_CS/bcup/dataconnect`
 {"metadata":{"emulator":{"name":"dataconnect"},"message":"E0323 20:22:13.779336    2571 watch.go:40] Failed to load config from \"/Users/mayamarkus-malone/Documents/Personal_CS/bcup/dataconnect\": could not find dataconnect.yaml in `/Users/mayamarkus-malone/Documents/Personal_CS/bcup/dataconnect`\n"}}
[debug] [2026-03-24T00:22:23.780Z] E0323 20:22:23.780166    2571 watch.go:116] watchAllDir unable to walk dir `/Users/mayamarkus-malone/Documents/Personal_CS/bcup/dataconnect`: lstat /Users/mayamarkus-malone/Documents/Personal_CS/bcup/dataconnect: no such file or directory
E0323 20:22:23.780383    2571 watch.go:40] Failed to load config from "/Users/mayamarkus-malone/Documents/Personal_CS/bcup/dataconnect": could not find dataconnect.yaml in `/Users/mayamarkus-malone/Documents/Personal_CS/bcup/dataconnect`
 {"metadata":{"emulator":{"name":"dataconnect"},"message":"E0323 20:22:23.780166    2571 watch.go:116] watchAllDir unable to walk dir `/Users/mayamarkus-malone/Documents/Personal_CS/bcup/dataconnect`: lstat /Users/mayamarkus-malone/Documents/Personal_CS/bcup/dataconnect: no such file or directory\nE0323 20:22:23.780383    2571 watch.go:40] Failed to load config from \"/Users/mayamarkus-malone/Documents/Personal_CS/bcup/dataconnect\": could not find dataconnect.yaml in `/Users/mayamarkus-malone/Documents/Personal_CS/bcup/dataconnect`\n"}}
[debug] [2026-03-24T00:22:33.780Z] E0323 20:22:33.779858    2571 watch.go:40] Failed to load config from "/Users/mayamarkus-malone/Documents/Personal_CS/bcup/dataconnect": could not find dataconnect.yaml in `/Users/mayamarkus-malone/Documents/Personal_CS/bcup/dataconnect`
 {"metadata":{"emulator":{"name":"dataconnect"},"message":"E0323 20:22:33.779858    2571 watch.go:40] Failed to load config from \"/Users/mayamarkus-malone/Documents/Personal_CS/bcup/dataconnect\": could not find dataconnect.yaml in `/Users/mayamarkus-malone/Documents/Personal_CS/bcup/dataconnect`\n"}}
[debug] [2026-03-24T00:22:43.780Z] E0323 20:22:43.779956    2571 watch.go:40] Failed to load config from "/Users/mayamarkus-malone/Documents/Personal_CS/bcup/dataconnect": could not find dataconnect.yaml in `/Users/mayamarkus-malone/Documents/Personal_CS/bcup/dataconnect`
 {"metadata":{"emulator":{"name":"dataconnect"},"message":"E0323 20:22:43.779956    2571 watch.go:40] Failed to load config from \"/Users/mayamarkus-malone/Documents/Personal_CS/bcup/dataconnect\": could not find dataconnect.yaml in `/Users/mayamarkus-malone/Documents/Personal_CS/bcup/dataconnect`\n"}}
[debug] [2026-03-24T00:22:53.779Z] E0323 20:22:53.779511    2571 watch.go:40] Failed to load config from "/Users/mayamarkus-malone/Documents/Personal_CS/bcup/dataconnect": could not find dataconnect.yaml in `/Users/mayamarkus-malone/Documents/Personal_CS/bcup/dataconnect`
 {"metadata":{"emulator":{"name":"dataconnect"},"message":"E0323 20:22:53.779511    2571 watch.go:40] Failed to load config from \"/Users/mayamarkus-malone/Documents/Personal_CS/bcup/dataconnect\": could not find dataconnect.yaml in `/Users/mayamarkus-malone/Documents/Personal_CS/bcup/dataconnect`\n"}}
[debug] [2026-03-24T00:23:03.779Z] E0323 20:23:03.779526    2571 watch.go:40] Failed to load config from "/Users/mayamarkus-malone/Documents/Personal_CS/bcup/dataconnect": could not find dataconnect.yaml in `/Users/mayamarkus-malone/Documents/Personal_CS/bcup/dataconnect`
 {"metadata":{"emulator":{"name":"dataconnect"},"message":"E0323 20:23:03.779526    2571 watch.go:40] Failed to load config from \"/Users/mayamarkus-malone/Documents/Personal_CS/bcup/dataconnect\": could not find dataconnect.yaml in `/Users/mayamarkus-malone/Documents/Personal_CS/bcup/dataconnect`\n"}}
[debug] [2026-03-24T00:23:13.780Z] E0323 20:23:13.779988    2571 watch.go:40] Failed to load config from "/Users/mayamarkus-malone/Documents/Personal_CS/bcup/dataconnect": could not find dataconnect.yaml in `/Users/mayamarkus-malone/Documents/Personal_CS/bcup/dataconnect`
 {"metadata":{"emulator":{"name":"dataconnect"},"message":"E0323 20:23:13.779988    2571 watch.go:40] Failed to load config from \"/Users/mayamarkus-malone/Documents/Personal_CS/bcup/dataconnect\": could not find dataconnect.yaml in `/Users/mayamarkus-malone/Documents/Personal_CS/bcup/dataconnect`\n"}}
[debug] [2026-03-24T00:23:23.779Z] E0323 20:23:23.779544    2571 watch.go:40] Failed to load config from "/Users/mayamarkus-malone/Documents/Personal_CS/bcup/dataconnect": could not find dataconnect.yaml in `/Users/mayamarkus-malone/Documents/Personal_CS/bcup/dataconnect`
 {"metadata":{"emulator":{"name":"dataconnect"},"message":"E0323 20:23:23.779544    2571 watch.go:40] Failed to load config from \"/Users/mayamarkus-malone/Documents/Personal_CS/bcup/dataconnect\": could not find dataconnect.yaml in `/Users/mayamarkus-malone/Documents/Personal_CS/bcup/dataconnect`\n"}}
[debug] [2026-03-24T00:23:23.780Z] E0323 20:23:23.779535    2571 watch.go:116] watchAllDir unable to walk dir `/Users/mayamarkus-malone/Documents/Personal_CS/bcup/dataconnect`: lstat /Users/mayamarkus-malone/Documents/Personal_CS/bcup/dataconnect: no such file or directory
 {"metadata":{"emulator":{"name":"dataconnect"},"message":"E0323 20:23:23.779535    2571 watch.go:116] watchAllDir unable to walk dir `/Users/mayamarkus-malone/Documents/Personal_CS/bcup/dataconnect`: lstat /Users/mayamarkus-malone/Documents/Personal_CS/bcup/dataconnect: no such file or directory\n"}}
[debug] [2026-03-24T00:23:33.780Z] E0323 20:23:33.780196    2571 watch.go:40] Failed to load config from "/Users/mayamarkus-malone/Documents/Personal_CS/bcup/dataconnect": could not find dataconnect.yaml in `/Users/mayamarkus-malone/Documents/Personal_CS/bcup/dataconnect`
 {"metadata":{"emulator":{"name":"dataconnect"},"message":"E0323 20:23:33.780196    2571 watch.go:40] Failed to load config from \"/Users/mayamarkus-malone/Documents/Personal_CS/bcup/dataconnect\": could not find dataconnect.yaml in `/Users/mayamarkus-malone/Documents/Personal_CS/bcup/dataconnect`\n"}}
[debug] [2026-03-24T00:23:43.780Z] E0323 20:23:43.780050    2571 watch.go:40] Failed to load config from "/Users/mayamarkus-malone/Documents/Personal_CS/bcup/dataconnect": could not find dataconnect.yaml in `/Users/mayamarkus-malone/Documents/Personal_CS/bcup/dataconnect`
 {"metadata":{"emulator":{"name":"dataconnect"},"message":"E0323 20:23:43.780050    2571 watch.go:40] Failed to load config from \"/Users/mayamarkus-malone/Documents/Personal_CS/bcup/dataconnect\": could not find dataconnect.yaml in `/Users/mayamarkus-malone/Documents/Personal_CS/bcup/dataconnect`\n"}}
[debug] [2026-03-24T00:23:53.779Z] E0323 20:23:53.779526    2571 watch.go:40] Failed to load config from "/Users/mayamarkus-malone/Documents/Personal_CS/bcup/dataconnect": could not find dataconnect.yaml in `/Users/mayamarkus-malone/Documents/Personal_CS/bcup/dataconnect`
 {"metadata":{"emulator":{"name":"dataconnect"},"message":"E0323 20:23:53.779526    2571 watch.go:40] Failed to load config from \"/Users/mayamarkus-malone/Documents/Personal_CS/bcup/dataconnect\": could not find dataconnect.yaml in `/Users/mayamarkus-malone/Documents/Personal_CS/bcup/dataconnect`\n"}}
[debug] [2026-03-24T00:24:03.780Z] E0323 20:24:03.780298    2571 watch.go:40] Failed to load config from "/Users/mayamarkus-malone/Documents/Personal_CS/bcup/dataconnect": could not find dataconnect.yaml in `/Users/mayamarkus-malone/Documents/Personal_CS/bcup/dataconnect`
 {"metadata":{"emulator":{"name":"dataconnect"},"message":"E0323 20:24:03.780298    2571 watch.go:40] Failed to load config from \"/Users/mayamarkus-malone/Documents/Personal_CS/bcup/dataconnect\": could not find dataconnect.yaml in `/Users/mayamarkus-malone/Documents/Personal_CS/bcup/dataconnect`\n"}}
[debug] [2026-03-24T00:24:13.783Z] E0323 20:24:13.780094    2571 watch.go:40] Failed to load config from "/Users/mayamarkus-malone/Documents/Personal_CS/bcup/dataconnect": could not find dataconnect.yaml in `/Users/mayamarkus-malone/Documents/Personal_CS/bcup/dataconnect`
 {"metadata":{"emulator":{"name":"dataconnect"},"message":"E0323 20:24:13.780094    2571 watch.go:40] Failed to load config from \"/Users/mayamarkus-malone/Documents/Personal_CS/bcup/dataconnect\": could not find dataconnect.yaml in `/Users/mayamarkus-malone/Documents/Personal_CS/bcup/dataconnect`\n"}}
[debug] [2026-03-24T00:24:23.785Z] E0323 20:24:23.785142    2571 watch.go:40] Failed to load config from "/Users/mayamarkus-malone/Documents/Personal_CS/bcup/dataconnect": could not find dataconnect.yaml in `/Users/mayamarkus-malone/Documents/Personal_CS/bcup/dataconnect`
 {"metadata":{"emulator":{"name":"dataconnect"},"message":"E0323 20:24:23.785142    2571 watch.go:40] Failed to load config from \"/Users/mayamarkus-malone/Documents/Personal_CS/bcup/dataconnect\": could not find dataconnect.yaml in `/Users/mayamarkus-malone/Documents/Personal_CS/bcup/dataconnect`\n"}}
[debug] [2026-03-24T00:24:23.786Z] E0323 20:24:23.783742    2571 watch.go:116] watchAllDir unable to walk dir `/Users/mayamarkus-malone/Documents/Personal_CS/bcup/dataconnect`: lstat /Users/mayamarkus-malone/Documents/Personal_CS/bcup/dataconnect: no such file or directory
 {"metadata":{"emulator":{"name":"dataconnect"},"message":"E0323 20:24:23.783742    2571 watch.go:116] watchAllDir unable to walk dir `/Users/mayamarkus-malone/Documents/Personal_CS/bcup/dataconnect`: lstat /Users/mayamarkus-malone/Documents/Personal_CS/bcup/dataconnect: no such file or directory\n"}}
[debug] [2026-03-24T00:24:33.781Z] E0323 20:24:33.779871    2571 watch.go:40] Failed to load config from "/Users/mayamarkus-malone/Documents/Personal_CS/bcup/dataconnect": could not find dataconnect.yaml in `/Users/mayamarkus-malone/Documents/Personal_CS/bcup/dataconnect`
 {"metadata":{"emulator":{"name":"dataconnect"},"message":"E0323 20:24:33.779871    2571 watch.go:40] Failed to load config from \"/Users/mayamarkus-malone/Documents/Personal_CS/bcup/dataconnect\": could not find dataconnect.yaml in `/Users/mayamarkus-malone/Documents/Personal_CS/bcup/dataconnect`\n"}}
[debug] [2026-03-24T00:24:43.780Z] E0323 20:24:43.780068    2571 watch.go:40] Failed to load config from "/Users/mayamarkus-malone/Documents/Personal_CS/bcup/dataconnect": could not find dataconnect.yaml in `/Users/mayamarkus-malone/Documents/Personal_CS/bcup/dataconnect`
 {"metadata":{"emulator":{"name":"dataconnect"},"message":"E0323 20:24:43.780068    2571 watch.go:40] Failed to load config from \"/Users/mayamarkus-malone/Documents/Personal_CS/bcup/dataconnect\": could not find dataconnect.yaml in `/Users/mayamarkus-malone/Documents/Personal_CS/bcup/dataconnect`\n"}}
[debug] [2026-03-24T00:24:53.786Z] E0323 20:24:53.786167    2571 watch.go:40] Failed to load config from "/Users/mayamarkus-malone/Documents/Personal_CS/bcup/dataconnect": could not find dataconnect.yaml in `/Users/mayamarkus-malone/Documents/Personal_CS/bcup/dataconnect`
 {"metadata":{"emulator":{"name":"dataconnect"},"message":"E0323 20:24:53.786167    2571 watch.go:40] Failed to load config from \"/Users/mayamarkus-malone/Documents/Personal_CS/bcup/dataconnect\": could not find dataconnect.yaml in `/Users/mayamarkus-malone/Documents/Personal_CS/bcup/dataconnect`\n"}}
[debug] [2026-03-24T00:25:03.782Z] E0323 20:25:03.782084    2571 watch.go:40] Failed to load config from "/Users/mayamarkus-malone/Documents/Personal_CS/bcup/dataconnect": could not find dataconnect.yaml in `/Users/mayamarkus-malone/Documents/Personal_CS/bcup/dataconnect`
 {"metadata":{"emulator":{"name":"dataconnect"},"message":"E0323 20:25:03.782084    2571 watch.go:40] Failed to load config from \"/Users/mayamarkus-malone/Documents/Personal_CS/bcup/dataconnect\": could not find dataconnect.yaml in `/Users/mayamarkus-malone/Documents/Personal_CS/bcup/dataconnect`\n"}}
[debug] [2026-03-24T00:25:13.781Z] E0323 20:25:13.781114    2571 watch.go:40] Failed to load config from "/Users/mayamarkus-malone/Documents/Personal_CS/bcup/dataconnect": could not find dataconnect.yaml in `/Users/mayamarkus-malone/Documents/Personal_CS/bcup/dataconnect`
 {"metadata":{"emulator":{"name":"dataconnect"},"message":"E0323 20:25:13.781114    2571 watch.go:40] Failed to load config from \"/Users/mayamarkus-malone/Documents/Personal_CS/bcup/dataconnect\": could not find dataconnect.yaml in `/Users/mayamarkus-malone/Documents/Personal_CS/bcup/dataconnect`\n"}}
[debug] [2026-03-24T00:25:23.782Z] E0323 20:25:23.781978    2571 watch.go:116] watchAllDir unable to walk dir `/Users/mayamarkus-malone/Documents/Personal_CS/bcup/dataconnect`: lstat /Users/mayamarkus-malone/Documents/Personal_CS/bcup/dataconnect: no such file or directory
E0323 20:25:23.782403    2571 watch.go:40] Failed to load config from "/Users/mayamarkus-malone/Documents/Personal_CS/bcup/dataconnect": could not find dataconnect.yaml in `/Users/mayamarkus-malone/Documents/Personal_CS/bcup/dataconnect`
 {"metadata":{"emulator":{"name":"dataconnect"},"message":"E0323 20:25:23.781978    2571 watch.go:116] watchAllDir unable to walk dir `/Users/mayamarkus-malone/Documents/Personal_CS/bcup/dataconnect`: lstat /Users/mayamarkus-malone/Documents/Personal_CS/bcup/dataconnect: no such file or directory\nE0323 20:25:23.782403    2571 watch.go:40] Failed to load config from \"/Users/mayamarkus-malone/Documents/Personal_CS/bcup/dataconnect\": could not find dataconnect.yaml in `/Users/mayamarkus-malone/Documents/Personal_CS/bcup/dataconnect`\n"}}
[debug] [2026-03-24T00:25:33.781Z] E0323 20:25:33.781626    2571 watch.go:40] Failed to load config from "/Users/mayamarkus-malone/Documents/Personal_CS/bcup/dataconnect": could not find dataconnect.yaml in `/Users/mayamarkus-malone/Documents/Personal_CS/bcup/dataconnect`
 {"metadata":{"emulator":{"name":"dataconnect"},"message":"E0323 20:25:33.781626    2571 watch.go:40] Failed to load config from \"/Users/mayamarkus-malone/Documents/Personal_CS/bcup/dataconnect\": could not find dataconnect.yaml in `/Users/mayamarkus-malone/Documents/Personal_CS/bcup/dataconnect`\n"}}
[debug] [2026-03-24T00:25:43.785Z] E0323 20:25:43.783630    2571 watch.go:40] Failed to load config from "/Users/mayamarkus-malone/Documents/Personal_CS/bcup/dataconnect": could not find dataconnect.yaml in `/Users/mayamarkus-malone/Documents/Personal_CS/bcup/dataconnect`
 {"metadata":{"emulator":{"name":"dataconnect"},"message":"E0323 20:25:43.783630    2571 watch.go:40] Failed to load config from \"/Users/mayamarkus-malone/Documents/Personal_CS/bcup/dataconnect\": could not find dataconnect.yaml in `/Users/mayamarkus-malone/Documents/Personal_CS/bcup/dataconnect`\n"}}
[debug] [2026-03-24T00:25:53.786Z] E0323 20:25:53.782294    2571 watch.go:40] Failed to load config from "/Users/mayamarkus-malone/Documents/Personal_CS/bcup/dataconnect": could not find dataconnect.yaml in `/Users/mayamarkus-malone/Documents/Personal_CS/bcup/dataconnect`
 {"metadata":{"emulator":{"name":"dataconnect"},"message":"E0323 20:25:53.782294    2571 watch.go:40] Failed to load config from \"/Users/mayamarkus-malone/Documents/Personal_CS/bcup/dataconnect\": could not find dataconnect.yaml in `/Users/mayamarkus-malone/Documents/Personal_CS/bcup/dataconnect`\n"}}
[debug] [2026-03-24T00:26:03.781Z] E0323 20:26:03.780817    2571 watch.go:40] Failed to load config from "/Users/mayamarkus-malone/Documents/Personal_CS/bcup/dataconnect": could not find dataconnect.yaml in `/Users/mayamarkus-malone/Documents/Personal_CS/bcup/dataconnect`
 {"metadata":{"emulator":{"name":"dataconnect"},"message":"E0323 20:26:03.780817    2571 watch.go:40] Failed to load config from \"/Users/mayamarkus-malone/Documents/Personal_CS/bcup/dataconnect\": could not find dataconnect.yaml in `/Users/mayamarkus-malone/Documents/Personal_CS/bcup/dataconnect`\n"}}
[debug] [2026-03-24T00:26:13.781Z] E0323 20:26:13.781340    2571 watch.go:40] Failed to load config from "/Users/mayamarkus-malone/Documents/Personal_CS/bcup/dataconnect": could not find dataconnect.yaml in `/Users/mayamarkus-malone/Documents/Personal_CS/bcup/dataconnect`
 {"metadata":{"emulator":{"name":"dataconnect"},"message":"E0323 20:26:13.781340    2571 watch.go:40] Failed to load config from \"/Users/mayamarkus-malone/Documents/Personal_CS/bcup/dataconnect\": could not find dataconnect.yaml in `/Users/mayamarkus-malone/Documents/Personal_CS/bcup/dataconnect`\n"}}
[debug] [2026-03-24T00:26:23.778Z] E0323 20:26:23.778597    2571 watch.go:40] Failed to load config from "/Users/mayamarkus-malone/Documents/Personal_CS/bcup/dataconnect": could not find dataconnect.yaml in `/Users/mayamarkus-malone/Documents/Personal_CS/bcup/dataconnect`
 {"metadata":{"emulator":{"name":"dataconnect"},"message":"E0323 20:26:23.778597    2571 watch.go:40] Failed to load config from \"/Users/mayamarkus-malone/Documents/Personal_CS/bcup/dataconnect\": could not find dataconnect.yaml in `/Users/mayamarkus-malone/Documents/Personal_CS/bcup/dataconnect`\n"}}
[debug] [2026-03-24T00:26:23.780Z] E0323 20:26:23.778289    2571 watch.go:116] watchAllDir unable to walk dir `/Users/mayamarkus-malone/Documents/Personal_CS/bcup/dataconnect`: lstat /Users/mayamarkus-malone/Documents/Personal_CS/bcup/dataconnect: no such file or directory
 {"metadata":{"emulator":{"name":"dataconnect"},"message":"E0323 20:26:23.778289    2571 watch.go:116] watchAllDir unable to walk dir `/Users/mayamarkus-malone/Documents/Personal_CS/bcup/dataconnect`: lstat /Users/mayamarkus-malone/Documents/Personal_CS/bcup/dataconnect: no such file or directory\n"}}
[debug] [2026-03-24T00:26:33.775Z] E0323 20:26:33.775411    2571 watch.go:40] Failed to load config from "/Users/mayamarkus-malone/Documents/Personal_CS/bcup/dataconnect": could not find dataconnect.yaml in `/Users/mayamarkus-malone/Documents/Personal_CS/bcup/dataconnect`
 {"metadata":{"emulator":{"name":"dataconnect"},"message":"E0323 20:26:33.775411    2571 watch.go:40] Failed to load config from \"/Users/mayamarkus-malone/Documents/Personal_CS/bcup/dataconnect\": could not find dataconnect.yaml in `/Users/mayamarkus-malone/Documents/Personal_CS/bcup/dataconnect`\n"}}
[debug] [2026-03-24T00:26:43.774Z] E0323 20:26:43.773846    2571 watch.go:40] Failed to load config from "/Users/mayamarkus-malone/Documents/Personal_CS/bcup/dataconnect": could not find dataconnect.yaml in `/Users/mayamarkus-malone/Documents/Personal_CS/bcup/dataconnect`
 {"metadata":{"emulator":{"name":"dataconnect"},"message":"E0323 20:26:43.773846    2571 watch.go:40] Failed to load config from \"/Users/mayamarkus-malone/Documents/Personal_CS/bcup/dataconnect\": could not find dataconnect.yaml in `/Users/mayamarkus-malone/Documents/Personal_CS/bcup/dataconnect`\n"}}
[debug] [2026-03-24T00:26:53.771Z] E0323 20:26:53.771592    2571 watch.go:40] Failed to load config from "/Users/mayamarkus-malone/Documents/Personal_CS/bcup/dataconnect": could not find dataconnect.yaml in `/Users/mayamarkus-malone/Documents/Personal_CS/bcup/dataconnect`
 {"metadata":{"emulator":{"name":"dataconnect"},"message":"E0323 20:26:53.771592    2571 watch.go:40] Failed to load config from \"/Users/mayamarkus-malone/Documents/Personal_CS/bcup/dataconnect\": could not find dataconnect.yaml in `/Users/mayamarkus-malone/Documents/Personal_CS/bcup/dataconnect`\n"}}
[debug] [2026-03-24T00:27:03.773Z] E0323 20:27:03.773560    2571 watch.go:40] Failed to load config from "/Users/mayamarkus-malone/Documents/Personal_CS/bcup/dataconnect": could not find dataconnect.yaml in `/Users/mayamarkus-malone/Documents/Personal_CS/bcup/dataconnect`
 {"metadata":{"emulator":{"name":"dataconnect"},"message":"E0323 20:27:03.773560    2571 watch.go:40] Failed to load config from \"/Users/mayamarkus-malone/Documents/Personal_CS/bcup/dataconnect\": could not find dataconnect.yaml in `/Users/mayamarkus-malone/Documents/Personal_CS/bcup/dataconnect`\n"}}
[debug] [2026-03-24T00:27:13.772Z] E0323 20:27:13.771163    2571 watch.go:40] Failed to load config from "/Users/mayamarkus-malone/Documents/Personal_CS/bcup/dataconnect": could not find dataconnect.yaml in `/Users/mayamarkus-malone/Documents/Personal_CS/bcup/dataconnect`
 {"metadata":{"emulator":{"name":"dataconnect"},"message":"E0323 20:27:13.771163    2571 watch.go:40] Failed to load config from \"/Users/mayamarkus-malone/Documents/Personal_CS/bcup/dataconnect\": could not find dataconnect.yaml in `/Users/mayamarkus-malone/Documents/Personal_CS/bcup/dataconnect`\n"}}
[debug] [2026-03-24T00:27:23.772Z] E0323 20:27:23.771804    2571 watch.go:116] watchAllDir unable to walk dir `/Users/mayamarkus-malone/Documents/Personal_CS/bcup/dataconnect`: lstat /Users/mayamarkus-malone/Documents/Personal_CS/bcup/dataconnect: no such file or directory
 {"metadata":{"emulator":{"name":"dataconnect"},"message":"E0323 20:27:23.771804    2571 watch.go:116] watchAllDir unable to walk dir `/Users/mayamarkus-malone/Documents/Personal_CS/bcup/dataconnect`: lstat /Users/mayamarkus-malone/Documents/Personal_CS/bcup/dataconnect: no such file or directory\n"}}
[debug] [2026-03-24T00:27:23.773Z] E0323 20:27:23.771909    2571 watch.go:40] Failed to load config from "/Users/mayamarkus-malone/Documents/Personal_CS/bcup/dataconnect": could not find dataconnect.yaml in `/Users/mayamarkus-malone/Documents/Personal_CS/bcup/dataconnect`
 {"metadata":{"emulator":{"name":"dataconnect"},"message":"E0323 20:27:23.771909    2571 watch.go:40] Failed to load config from \"/Users/mayamarkus-malone/Documents/Personal_CS/bcup/dataconnect\": could not find dataconnect.yaml in `/Users/mayamarkus-malone/Documents/Personal_CS/bcup/dataconnect`\n"}}
[debug] [2026-03-24T00:27:33.771Z] E0323 20:27:33.770874    2571 watch.go:40] Failed to load config from "/Users/mayamarkus-malone/Documents/Personal_CS/bcup/dataconnect": could not find dataconnect.yaml in `/Users/mayamarkus-malone/Documents/Personal_CS/bcup/dataconnect`
 {"metadata":{"emulator":{"name":"dataconnect"},"message":"E0323 20:27:33.770874    2571 watch.go:40] Failed to load config from \"/Users/mayamarkus-malone/Documents/Personal_CS/bcup/dataconnect\": could not find dataconnect.yaml in `/Users/mayamarkus-malone/Documents/Personal_CS/bcup/dataconnect`\n"}}
[debug] [2026-03-24T00:27:43.772Z] E0323 20:27:43.772281    2571 watch.go:40] Failed to load config from "/Users/mayamarkus-malone/Documents/Personal_CS/bcup/dataconnect": could not find dataconnect.yaml in `/Users/mayamarkus-malone/Documents/Personal_CS/bcup/dataconnect`
 {"metadata":{"emulator":{"name":"dataconnect"},"message":"E0323 20:27:43.772281    2571 watch.go:40] Failed to load config from \"/Users/mayamarkus-malone/Documents/Personal_CS/bcup/dataconnect\": could not find dataconnect.yaml in `/Users/mayamarkus-malone/Documents/Personal_CS/bcup/dataconnect`\n"}}
[debug] [2026-03-24T00:27:53.771Z] E0323 20:27:53.771315    2571 watch.go:40] Failed to load config from "/Users/mayamarkus-malone/Documents/Personal_CS/bcup/dataconnect": could not find dataconnect.yaml in `/Users/mayamarkus-malone/Documents/Personal_CS/bcup/dataconnect`
 {"metadata":{"emulator":{"name":"dataconnect"},"message":"E0323 20:27:53.771315    2571 watch.go:40] Failed to load config from \"/Users/mayamarkus-malone/Documents/Personal_CS/bcup/dataconnect\": could not find dataconnect.yaml in `/Users/mayamarkus-malone/Documents/Personal_CS/bcup/dataconnect`\n"}}
[debug] [2026-03-24T00:28:03.772Z] E0323 20:28:03.771938    2571 watch.go:40] Failed to load config from "/Users/mayamarkus-malone/Documents/Personal_CS/bcup/dataconnect": could not find dataconnect.yaml in `/Users/mayamarkus-malone/Documents/Personal_CS/bcup/dataconnect`
 {"metadata":{"emulator":{"name":"dataconnect"},"message":"E0323 20:28:03.771938    2571 watch.go:40] Failed to load config from \"/Users/mayamarkus-malone/Documents/Personal_CS/bcup/dataconnect\": could not find dataconnect.yaml in `/Users/mayamarkus-malone/Documents/Personal_CS/bcup/dataconnect`\n"}}
[debug] [2026-03-24T00:28:13.775Z] E0323 20:28:13.772056    2571 watch.go:40] Failed to load config from "/Users/mayamarkus-malone/Documents/Personal_CS/bcup/dataconnect": could not find dataconnect.yaml in `/Users/mayamarkus-malone/Documents/Personal_CS/bcup/dataconnect`
 {"metadata":{"emulator":{"name":"dataconnect"},"message":"E0323 20:28:13.772056    2571 watch.go:40] Failed to load config from \"/Users/mayamarkus-malone/Documents/Personal_CS/bcup/dataconnect\": could not find dataconnect.yaml in `/Users/mayamarkus-malone/Documents/Personal_CS/bcup/dataconnect`\n"}}
[debug] [2026-03-24T00:28:23.776Z] E0323 20:28:23.774373    2571 watch.go:40] Failed to load config from "/Users/mayamarkus-malone/Documents/Personal_CS/bcup/dataconnect": could not find dataconnect.yaml in `/Users/mayamarkus-malone/Documents/Personal_CS/bcup/dataconnect`
 {"metadata":{"emulator":{"name":"dataconnect"},"message":"E0323 20:28:23.774373    2571 watch.go:40] Failed to load config from \"/Users/mayamarkus-malone/Documents/Personal_CS/bcup/dataconnect\": could not find dataconnect.yaml in `/Users/mayamarkus-malone/Documents/Personal_CS/bcup/dataconnect`\n"}}
[debug] [2026-03-24T00:28:23.778Z] E0323 20:28:23.771977    2571 watch.go:116] watchAllDir unable to walk dir `/Users/mayamarkus-malone/Documents/Personal_CS/bcup/dataconnect`: lstat /Users/mayamarkus-malone/Documents/Personal_CS/bcup/dataconnect: no such file or directory
 {"metadata":{"emulator":{"name":"dataconnect"},"message":"E0323 20:28:23.771977    2571 watch.go:116] watchAllDir unable to walk dir `/Users/mayamarkus-malone/Documents/Personal_CS/bcup/dataconnect`: lstat /Users/mayamarkus-malone/Documents/Personal_CS/bcup/dataconnect: no such file or directory\n"}}
[debug] [2026-03-24T00:28:33.774Z] E0323 20:28:33.772427    2571 watch.go:40] Failed to load config from "/Users/mayamarkus-malone/Documents/Personal_CS/bcup/dataconnect": could not find dataconnect.yaml in `/Users/mayamarkus-malone/Documents/Personal_CS/bcup/dataconnect`
 {"metadata":{"emulator":{"name":"dataconnect"},"message":"E0323 20:28:33.772427    2571 watch.go:40] Failed to load config from \"/Users/mayamarkus-malone/Documents/Personal_CS/bcup/dataconnect\": could not find dataconnect.yaml in `/Users/mayamarkus-malone/Documents/Personal_CS/bcup/dataconnect`\n"}}
[debug] [2026-03-24T00:28:43.771Z] E0323 20:28:43.771708    2571 watch.go:40] Failed to load config from "/Users/mayamarkus-malone/Documents/Personal_CS/bcup/dataconnect": could not find dataconnect.yaml in `/Users/mayamarkus-malone/Documents/Personal_CS/bcup/dataconnect`
 {"metadata":{"emulator":{"name":"dataconnect"},"message":"E0323 20:28:43.771708    2571 watch.go:40] Failed to load config from \"/Users/mayamarkus-malone/Documents/Personal_CS/bcup/dataconnect\": could not find dataconnect.yaml in `/Users/mayamarkus-malone/Documents/Personal_CS/bcup/dataconnect`\n"}}
[debug] [2026-03-24T00:28:53.771Z] E0323 20:28:53.771363    2571 watch.go:40] Failed to load config from "/Users/mayamarkus-malone/Documents/Personal_CS/bcup/dataconnect": could not find dataconnect.yaml in `/Users/mayamarkus-malone/Documents/Personal_CS/bcup/dataconnect`
 {"metadata":{"emulator":{"name":"dataconnect"},"message":"E0323 20:28:53.771363    2571 watch.go:40] Failed to load config from \"/Users/mayamarkus-malone/Documents/Personal_CS/bcup/dataconnect\": could not find dataconnect.yaml in `/Users/mayamarkus-malone/Documents/Personal_CS/bcup/dataconnect`\n"}}
[debug] [2026-03-24T00:29:03.772Z] E0323 20:29:03.772359    2571 watch.go:40] Failed to load config from "/Users/mayamarkus-malone/Documents/Personal_CS/bcup/dataconnect": could not find dataconnect.yaml in `/Users/mayamarkus-malone/Documents/Personal_CS/bcup/dataconnect`
 {"metadata":{"emulator":{"name":"dataconnect"},"message":"E0323 20:29:03.772359    2571 watch.go:40] Failed to load config from \"/Users/mayamarkus-malone/Documents/Personal_CS/bcup/dataconnect\": could not find dataconnect.yaml in `/Users/mayamarkus-malone/Documents/Personal_CS/bcup/dataconnect`\n"}}
[debug] [2026-03-24T00:29:13.774Z] E0323 20:29:13.774521    2571 watch.go:40] Failed to load config from "/Users/mayamarkus-malone/Documents/Personal_CS/bcup/dataconnect": could not find dataconnect.yaml in `/Users/mayamarkus-malone/Documents/Personal_CS/bcup/dataconnect`
 {"metadata":{"emulator":{"name":"dataconnect"},"message":"E0323 20:29:13.774521    2571 watch.go:40] Failed to load config from \"/Users/mayamarkus-malone/Documents/Personal_CS/bcup/dataconnect\": could not find dataconnect.yaml in `/Users/mayamarkus-malone/Documents/Personal_CS/bcup/dataconnect`\n"}}
[debug] [2026-03-24T00:29:23.773Z] E0323 20:29:23.772600    2571 watch.go:40] Failed to load config from "/Users/mayamarkus-malone/Documents/Personal_CS/bcup/dataconnect": could not find dataconnect.yaml in `/Users/mayamarkus-malone/Documents/Personal_CS/bcup/dataconnect`
 {"metadata":{"emulator":{"name":"dataconnect"},"message":"E0323 20:29:23.772600    2571 watch.go:40] Failed to load config from \"/Users/mayamarkus-malone/Documents/Personal_CS/bcup/dataconnect\": could not find dataconnect.yaml in `/Users/mayamarkus-malone/Documents/Personal_CS/bcup/dataconnect`\n"}}
[debug] [2026-03-24T00:29:23.776Z] E0323 20:29:23.772292    2571 watch.go:116] watchAllDir unable to walk dir `/Users/mayamarkus-malone/Documents/Personal_CS/bcup/dataconnect`: lstat /Users/mayamarkus-malone/Documents/Personal_CS/bcup/dataconnect: no such file or directory
 {"metadata":{"emulator":{"name":"dataconnect"},"message":"E0323 20:29:23.772292    2571 watch.go:116] watchAllDir unable to walk dir `/Users/mayamarkus-malone/Documents/Personal_CS/bcup/dataconnect`: lstat /Users/mayamarkus-malone/Documents/Personal_CS/bcup/dataconnect: no such file or directory\n"}}
[debug] [2026-03-24T00:29:33.773Z] E0323 20:29:33.772683    2571 watch.go:40] Failed to load config from "/Users/mayamarkus-malone/Documents/Personal_CS/bcup/dataconnect": could not find dataconnect.yaml in `/Users/mayamarkus-malone/Documents/Personal_CS/bcup/dataconnect`
 {"metadata":{"emulator":{"name":"dataconnect"},"message":"E0323 20:29:33.772683    2571 watch.go:40] Failed to load config from \"/Users/mayamarkus-malone/Documents/Personal_CS/bcup/dataconnect\": could not find dataconnect.yaml in `/Users/mayamarkus-malone/Documents/Personal_CS/bcup/dataconnect`\n"}}
[debug] [2026-03-24T00:29:43.772Z] E0323 20:29:43.771878    2571 watch.go:40] Failed to load config from "/Users/mayamarkus-malone/Documents/Personal_CS/bcup/dataconnect": could not find dataconnect.yaml in `/Users/mayamarkus-malone/Documents/Personal_CS/bcup/dataconnect`
 {"metadata":{"emulator":{"name":"dataconnect"},"message":"E0323 20:29:43.771878    2571 watch.go:40] Failed to load config from \"/Users/mayamarkus-malone/Documents/Personal_CS/bcup/dataconnect\": could not find dataconnect.yaml in `/Users/mayamarkus-malone/Documents/Personal_CS/bcup/dataconnect`\n"}}
[debug] [2026-03-24T00:29:53.772Z] E0323 20:29:53.772605    2571 watch.go:40] Failed to load config from "/Users/mayamarkus-malone/Documents/Personal_CS/bcup/dataconnect": could not find dataconnect.yaml in `/Users/mayamarkus-malone/Documents/Personal_CS/bcup/dataconnect`
 {"metadata":{"emulator":{"name":"dataconnect"},"message":"E0323 20:29:53.772605    2571 watch.go:40] Failed to load config from \"/Users/mayamarkus-malone/Documents/Personal_CS/bcup/dataconnect\": could not find dataconnect.yaml in `/Users/mayamarkus-malone/Documents/Personal_CS/bcup/dataconnect`\n"}}
[debug] [2026-03-24T00:30:03.774Z] E0323 20:30:03.773481    2571 watch.go:40] Failed to load config from "/Users/mayamarkus-malone/Documents/Personal_CS/bcup/dataconnect": could not find dataconnect.yaml in `/Users/mayamarkus-malone/Documents/Personal_CS/bcup/dataconnect`
 {"metadata":{"emulator":{"name":"dataconnect"},"message":"E0323 20:30:03.773481    2571 watch.go:40] Failed to load config from \"/Users/mayamarkus-malone/Documents/Personal_CS/bcup/dataconnect\": could not find dataconnect.yaml in `/Users/mayamarkus-malone/Documents/Personal_CS/bcup/dataconnect`\n"}}
[debug] [2026-03-24T00:30:13.772Z] E0323 20:30:13.771916    2571 watch.go:40] Failed to load config from "/Users/mayamarkus-malone/Documents/Personal_CS/bcup/dataconnect": could not find dataconnect.yaml in `/Users/mayamarkus-malone/Documents/Personal_CS/bcup/dataconnect`
 {"metadata":{"emulator":{"name":"dataconnect"},"message":"E0323 20:30:13.771916    2571 watch.go:40] Failed to load config from \"/Users/mayamarkus-malone/Documents/Personal_CS/bcup/dataconnect\": could not find dataconnect.yaml in `/Users/mayamarkus-malone/Documents/Personal_CS/bcup/dataconnect`\n"}}
[debug] [2026-03-24T00:30:23.772Z] E0323 20:30:23.772632    2571 watch.go:40] Failed to load config from "/Users/mayamarkus-malone/Documents/Personal_CS/bcup/dataconnect": could not find dataconnect.yaml in `/Users/mayamarkus-malone/Documents/Personal_CS/bcup/dataconnect`
E0323 20:30:23.772579    2571 watch.go:116] watchAllDir unable to walk dir `/Users/mayamarkus-malone/Documents/Personal_CS/bcup/dataconnect`: lstat /Users/mayamarkus-malone/Documents/Personal_CS/bcup/dataconnect: no such file or directory
 {"metadata":{"emulator":{"name":"dataconnect"},"message":"E0323 20:30:23.772632    2571 watch.go:40] Failed to load config from \"/Users/mayamarkus-malone/Documents/Personal_CS/bcup/dataconnect\": could not find dataconnect.yaml in `/Users/mayamarkus-malone/Documents/Personal_CS/bcup/dataconnect`\nE0323 20:30:23.772579    2571 watch.go:116] watchAllDir unable to walk dir `/Users/mayamarkus-malone/Documents/Personal_CS/bcup/dataconnect`: lstat /Users/mayamarkus-malone/Documents/Personal_CS/bcup/dataconnect: no such file or directory\n"}}
[debug] [2026-03-24T00:30:33.773Z] E0323 20:30:33.772766    2571 watch.go:40] Failed to load config from "/Users/mayamarkus-malone/Documents/Personal_CS/bcup/dataconnect": could not find dataconnect.yaml in `/Users/mayamarkus-malone/Documents/Personal_CS/bcup/dataconnect`
 {"metadata":{"emulator":{"name":"dataconnect"},"message":"E0323 20:30:33.772766    2571 watch.go:40] Failed to load config from \"/Users/mayamarkus-malone/Documents/Personal_CS/bcup/dataconnect\": could not find dataconnect.yaml in `/Users/mayamarkus-malone/Documents/Personal_CS/bcup/dataconnect`\n"}}
[debug] [2026-03-24T00:30:43.774Z] E0323 20:30:43.773175    2571 watch.go:40] Failed to load config from "/Users/mayamarkus-malone/Documents/Personal_CS/bcup/dataconnect": could not find dataconnect.yaml in `/Users/mayamarkus-malone/Documents/Personal_CS/bcup/dataconnect`
 {"metadata":{"emulator":{"name":"dataconnect"},"message":"E0323 20:30:43.773175    2571 watch.go:40] Failed to load config from \"/Users/mayamarkus-malone/Documents/Personal_CS/bcup/dataconnect\": could not find dataconnect.yaml in `/Users/mayamarkus-malone/Documents/Personal_CS/bcup/dataconnect`\n"}}
[debug] [2026-03-24T00:30:53.789Z] E0323 20:30:53.789323    2571 watch.go:40] Failed to load config from "/Users/mayamarkus-malone/Documents/Personal_CS/bcup/dataconnect": could not find dataconnect.yaml in `/Users/mayamarkus-malone/Documents/Personal_CS/bcup/dataconnect`
 {"metadata":{"emulator":{"name":"dataconnect"},"message":"E0323 20:30:53.789323    2571 watch.go:40] Failed to load config from \"/Users/mayamarkus-malone/Documents/Personal_CS/bcup/dataconnect\": could not find dataconnect.yaml in `/Users/mayamarkus-malone/Documents/Personal_CS/bcup/dataconnect`\n"}}
[debug] [2026-03-24T00:31:03.773Z] E0323 20:31:03.772914    2571 watch.go:40] Failed to load config from "/Users/mayamarkus-malone/Documents/Personal_CS/bcup/dataconnect": could not find dataconnect.yaml in `/Users/mayamarkus-malone/Documents/Personal_CS/bcup/dataconnect`
 {"metadata":{"emulator":{"name":"dataconnect"},"message":"E0323 20:31:03.772914    2571 watch.go:40] Failed to load config from \"/Users/mayamarkus-malone/Documents/Personal_CS/bcup/dataconnect\": could not find dataconnect.yaml in `/Users/mayamarkus-malone/Documents/Personal_CS/bcup/dataconnect`\n"}}
[debug] [2026-03-24T00:31:13.774Z] E0323 20:31:13.773260    2571 watch.go:40] Failed to load config from "/Users/mayamarkus-malone/Documents/Personal_CS/bcup/dataconnect": could not find dataconnect.yaml in `/Users/mayamarkus-malone/Documents/Personal_CS/bcup/dataconnect`
 {"metadata":{"emulator":{"name":"dataconnect"},"message":"E0323 20:31:13.773260    2571 watch.go:40] Failed to load config from \"/Users/mayamarkus-malone/Documents/Personal_CS/bcup/dataconnect\": could not find dataconnect.yaml in `/Users/mayamarkus-malone/Documents/Personal_CS/bcup/dataconnect`\n"}}
[debug] [2026-03-24T00:31:23.774Z] E0323 20:31:23.773879    2571 watch.go:40] Failed to load config from "/Users/mayamarkus-malone/Documents/Personal_CS/bcup/dataconnect": could not find dataconnect.yaml in `/Users/mayamarkus-malone/Documents/Personal_CS/bcup/dataconnect`
 {"metadata":{"emulator":{"name":"dataconnect"},"message":"E0323 20:31:23.773879    2571 watch.go:40] Failed to load config from \"/Users/mayamarkus-malone/Documents/Personal_CS/bcup/dataconnect\": could not find dataconnect.yaml in `/Users/mayamarkus-malone/Documents/Personal_CS/bcup/dataconnect`\n"}}
[debug] [2026-03-24T00:31:23.775Z] E0323 20:31:23.773579    2571 watch.go:116] watchAllDir unable to walk dir `/Users/mayamarkus-malone/Documents/Personal_CS/bcup/dataconnect`: lstat /Users/mayamarkus-malone/Documents/Personal_CS/bcup/dataconnect: no such file or directory
 {"metadata":{"emulator":{"name":"dataconnect"},"message":"E0323 20:31:23.773579    2571 watch.go:116] watchAllDir unable to walk dir `/Users/mayamarkus-malone/Documents/Personal_CS/bcup/dataconnect`: lstat /Users/mayamarkus-malone/Documents/Personal_CS/bcup/dataconnect: no such file or directory\n"}}
[debug] [2026-03-24T00:31:33.774Z] E0323 20:31:33.773919    2571 watch.go:40] Failed to load config from "/Users/mayamarkus-malone/Documents/Personal_CS/bcup/dataconnect": could not find dataconnect.yaml in `/Users/mayamarkus-malone/Documents/Personal_CS/bcup/dataconnect`
 {"metadata":{"emulator":{"name":"dataconnect"},"message":"E0323 20:31:33.773919    2571 watch.go:40] Failed to load config from \"/Users/mayamarkus-malone/Documents/Personal_CS/bcup/dataconnect\": could not find dataconnect.yaml in `/Users/mayamarkus-malone/Documents/Personal_CS/bcup/dataconnect`\n"}}
[debug] [2026-03-24T00:31:43.772Z] E0323 20:31:43.772496    2571 watch.go:40] Failed to load config from "/Users/mayamarkus-malone/Documents/Personal_CS/bcup/dataconnect": could not find dataconnect.yaml in `/Users/mayamarkus-malone/Documents/Personal_CS/bcup/dataconnect`
 {"metadata":{"emulator":{"name":"dataconnect"},"message":"E0323 20:31:43.772496    2571 watch.go:40] Failed to load config from \"/Users/mayamarkus-malone/Documents/Personal_CS/bcup/dataconnect\": could not find dataconnect.yaml in `/Users/mayamarkus-malone/Documents/Personal_CS/bcup/dataconnect`\n"}}
[debug] [2026-03-24T00:31:53.774Z] E0323 20:31:53.773919    2571 watch.go:40] Failed to load config from "/Users/mayamarkus-malone/Documents/Personal_CS/bcup/dataconnect": could not find dataconnect.yaml in `/Users/mayamarkus-malone/Documents/Personal_CS/bcup/dataconnect`
 {"metadata":{"emulator":{"name":"dataconnect"},"message":"E0323 20:31:53.773919    2571 watch.go:40] Failed to load config from \"/Users/mayamarkus-malone/Documents/Personal_CS/bcup/dataconnect\": could not find dataconnect.yaml in `/Users/mayamarkus-malone/Documents/Personal_CS/bcup/dataconnect`\n"}}
[debug] [2026-03-24T00:32:03.773Z] E0323 20:32:03.773520    2571 watch.go:40] Failed to load config from "/Users/mayamarkus-malone/Documents/Personal_CS/bcup/dataconnect": could not find dataconnect.yaml in `/Users/mayamarkus-malone/Documents/Personal_CS/bcup/dataconnect`
 {"metadata":{"emulator":{"name":"dataconnect"},"message":"E0323 20:32:03.773520    2571 watch.go:40] Failed to load config from \"/Users/mayamarkus-malone/Documents/Personal_CS/bcup/dataconnect\": could not find dataconnect.yaml in `/Users/mayamarkus-malone/Documents/Personal_CS/bcup/dataconnect`\n"}}
[debug] [2026-03-24T00:32:13.773Z] E0323 20:32:13.773348    2571 watch.go:40] Failed to load config from "/Users/mayamarkus-malone/Documents/Personal_CS/bcup/dataconnect": could not find dataconnect.yaml in `/Users/mayamarkus-malone/Documents/Personal_CS/bcup/dataconnect`
 {"metadata":{"emulator":{"name":"dataconnect"},"message":"E0323 20:32:13.773348    2571 watch.go:40] Failed to load config from \"/Users/mayamarkus-malone/Documents/Personal_CS/bcup/dataconnect\": could not find dataconnect.yaml in `/Users/mayamarkus-malone/Documents/Personal_CS/bcup/dataconnect`\n"}}
[debug] [2026-03-24T00:32:23.774Z] E0323 20:32:23.773518    2571 watch.go:116] watchAllDir unable to walk dir `/Users/mayamarkus-malone/Documents/Personal_CS/bcup/dataconnect`: lstat /Users/mayamarkus-malone/Documents/Personal_CS/bcup/dataconnect: no such file or directory
 {"metadata":{"emulator":{"name":"dataconnect"},"message":"E0323 20:32:23.773518    2571 watch.go:116] watchAllDir unable to walk dir `/Users/mayamarkus-malone/Documents/Personal_CS/bcup/dataconnect`: lstat /Users/mayamarkus-malone/Documents/Personal_CS/bcup/dataconnect: no such file or directory\n"}}
[debug] [2026-03-24T00:32:23.775Z] E0323 20:32:23.773665    2571 watch.go:40] Failed to load config from "/Users/mayamarkus-malone/Documents/Personal_CS/bcup/dataconnect": could not find dataconnect.yaml in `/Users/mayamarkus-malone/Documents/Personal_CS/bcup/dataconnect`
 {"metadata":{"emulator":{"name":"dataconnect"},"message":"E0323 20:32:23.773665    2571 watch.go:40] Failed to load config from \"/Users/mayamarkus-malone/Documents/Personal_CS/bcup/dataconnect\": could not find dataconnect.yaml in `/Users/mayamarkus-malone/Documents/Personal_CS/bcup/dataconnect`\n"}}
[debug] [2026-03-24T00:32:33.773Z] E0323 20:32:33.773766    2571 watch.go:40] Failed to load config from "/Users/mayamarkus-malone/Documents/Personal_CS/bcup/dataconnect": could not find dataconnect.yaml in `/Users/mayamarkus-malone/Documents/Personal_CS/bcup/dataconnect`
 {"metadata":{"emulator":{"name":"dataconnect"},"message":"E0323 20:32:33.773766    2571 watch.go:40] Failed to load config from \"/Users/mayamarkus-malone/Documents/Personal_CS/bcup/dataconnect\": could not find dataconnect.yaml in `/Users/mayamarkus-malone/Documents/Personal_CS/bcup/dataconnect`\n"}}
[debug] [2026-03-24T00:32:43.773Z] E0323 20:32:43.773406    2571 watch.go:40] Failed to load config from "/Users/mayamarkus-malone/Documents/Personal_CS/bcup/dataconnect": could not find dataconnect.yaml in `/Users/mayamarkus-malone/Documents/Personal_CS/bcup/dataconnect`
 {"metadata":{"emulator":{"name":"dataconnect"},"message":"E0323 20:32:43.773406    2571 watch.go:40] Failed to load config from \"/Users/mayamarkus-malone/Documents/Personal_CS/bcup/dataconnect\": could not find dataconnect.yaml in `/Users/mayamarkus-malone/Documents/Personal_CS/bcup/dataconnect`\n"}}
[debug] [2026-03-24T00:32:53.774Z] E0323 20:32:53.774408    2571 watch.go:40] Failed to load config from "/Users/mayamarkus-malone/Documents/Personal_CS/bcup/dataconnect": could not find dataconnect.yaml in `/Users/mayamarkus-malone/Documents/Personal_CS/bcup/dataconnect`
 {"metadata":{"emulator":{"name":"dataconnect"},"message":"E0323 20:32:53.774408    2571 watch.go:40] Failed to load config from \"/Users/mayamarkus-malone/Documents/Personal_CS/bcup/dataconnect\": could not find dataconnect.yaml in `/Users/mayamarkus-malone/Documents/Personal_CS/bcup/dataconnect`\n"}}
[debug] [2026-03-24T00:33:03.776Z] E0323 20:33:03.774278    2571 watch.go:40] Failed to load config from "/Users/mayamarkus-malone/Documents/Personal_CS/bcup/dataconnect": could not find dataconnect.yaml in `/Users/mayamarkus-malone/Documents/Personal_CS/bcup/dataconnect`
 {"metadata":{"emulator":{"name":"dataconnect"},"message":"E0323 20:33:03.774278    2571 watch.go:40] Failed to load config from \"/Users/mayamarkus-malone/Documents/Personal_CS/bcup/dataconnect\": could not find dataconnect.yaml in `/Users/mayamarkus-malone/Documents/Personal_CS/bcup/dataconnect`\n"}}
[debug] [2026-03-24T00:33:13.775Z] E0323 20:33:13.774555    2571 watch.go:40] Failed to load config from "/Users/mayamarkus-malone/Documents/Personal_CS/bcup/dataconnect": could not find dataconnect.yaml in `/Users/mayamarkus-malone/Documents/Personal_CS/bcup/dataconnect`
 {"metadata":{"emulator":{"name":"dataconnect"},"message":"E0323 20:33:13.774555    2571 watch.go:40] Failed to load config from \"/Users/mayamarkus-malone/Documents/Personal_CS/bcup/dataconnect\": could not find dataconnect.yaml in `/Users/mayamarkus-malone/Documents/Personal_CS/bcup/dataconnect`\n"}}
[debug] [2026-03-24T00:33:23.773Z] E0323 20:33:23.773579    2571 watch.go:116] watchAllDir unable to walk dir `/Users/mayamarkus-malone/Documents/Personal_CS/bcup/dataconnect`: lstat /Users/mayamarkus-malone/Documents/Personal_CS/bcup/dataconnect: no such file or directory
E0323 20:33:23.773662    2571 watch.go:40] Failed to load config from "/Users/mayamarkus-malone/Documents/Personal_CS/bcup/dataconnect": could not find dataconnect.yaml in `/Users/mayamarkus-malone/Documents/Personal_CS/bcup/dataconnect`
 {"metadata":{"emulator":{"name":"dataconnect"},"message":"E0323 20:33:23.773579    2571 watch.go:116] watchAllDir unable to walk dir `/Users/mayamarkus-malone/Documents/Personal_CS/bcup/dataconnect`: lstat /Users/mayamarkus-malone/Documents/Personal_CS/bcup/dataconnect: no such file or directory\nE0323 20:33:23.773662    2571 watch.go:40] Failed to load config from \"/Users/mayamarkus-malone/Documents/Personal_CS/bcup/dataconnect\": could not find dataconnect.yaml in `/Users/mayamarkus-malone/Documents/Personal_CS/bcup/dataconnect`\n"}}
[debug] [2026-03-24T00:33:33.773Z] E0323 20:33:33.773700    2571 watch.go:40] Failed to load config from "/Users/mayamarkus-malone/Documents/Personal_CS/bcup/dataconnect": could not find dataconnect.yaml in `/Users/mayamarkus-malone/Documents/Personal_CS/bcup/dataconnect`
 {"metadata":{"emulator":{"name":"dataconnect"},"message":"E0323 20:33:33.773700    2571 watch.go:40] Failed to load config from \"/Users/mayamarkus-malone/Documents/Personal_CS/bcup/dataconnect\": could not find dataconnect.yaml in `/Users/mayamarkus-malone/Documents/Personal_CS/bcup/dataconnect`\n"}}
[debug] [2026-03-24T00:33:43.773Z] E0323 20:33:43.773486    2571 watch.go:40] Failed to load config from "/Users/mayamarkus-malone/Documents/Personal_CS/bcup/dataconnect": could not find dataconnect.yaml in `/Users/mayamarkus-malone/Documents/Personal_CS/bcup/dataconnect`
 {"metadata":{"emulator":{"name":"dataconnect"},"message":"E0323 20:33:43.773486    2571 watch.go:40] Failed to load config from \"/Users/mayamarkus-malone/Documents/Personal_CS/bcup/dataconnect\": could not find dataconnect.yaml in `/Users/mayamarkus-malone/Documents/Personal_CS/bcup/dataconnect`\n"}}
[debug] [2026-03-24T00:33:53.774Z] E0323 20:33:53.773971    2571 watch.go:40] Failed to load config from "/Users/mayamarkus-malone/Documents/Personal_CS/bcup/dataconnect": could not find dataconnect.yaml in `/Users/mayamarkus-malone/Documents/Personal_CS/bcup/dataconnect`
 {"metadata":{"emulator":{"name":"dataconnect"},"message":"E0323 20:33:53.773971    2571 watch.go:40] Failed to load config from \"/Users/mayamarkus-malone/Documents/Personal_CS/bcup/dataconnect\": could not find dataconnect.yaml in `/Users/mayamarkus-malone/Documents/Personal_CS/bcup/dataconnect`\n"}}
[debug] [2026-03-24T00:34:03.781Z] E0323 20:34:03.774487    2571 watch.go:40] Failed to load config from "/Users/mayamarkus-malone/Documents/Personal_CS/bcup/dataconnect": could not find dataconnect.yaml in `/Users/mayamarkus-malone/Documents/Personal_CS/bcup/dataconnect`
 {"metadata":{"emulator":{"name":"dataconnect"},"message":"E0323 20:34:03.774487    2571 watch.go:40] Failed to load config from \"/Users/mayamarkus-malone/Documents/Personal_CS/bcup/dataconnect\": could not find dataconnect.yaml in `/Users/mayamarkus-malone/Documents/Personal_CS/bcup/dataconnect`\n"}}
[debug] [2026-03-24T00:34:13.774Z] E0323 20:34:13.773890    2571 watch.go:40] Failed to load config from "/Users/mayamarkus-malone/Documents/Personal_CS/bcup/dataconnect": could not find dataconnect.yaml in `/Users/mayamarkus-malone/Documents/Personal_CS/bcup/dataconnect`
 {"metadata":{"emulator":{"name":"dataconnect"},"message":"E0323 20:34:13.773890    2571 watch.go:40] Failed to load config from \"/Users/mayamarkus-malone/Documents/Personal_CS/bcup/dataconnect\": could not find dataconnect.yaml in `/Users/mayamarkus-malone/Documents/Personal_CS/bcup/dataconnect`\n"}}
[debug] [2026-03-24T00:34:23.774Z] E0323 20:34:23.774046    2571 watch.go:40] Failed to load config from "/Users/mayamarkus-malone/Documents/Personal_CS/bcup/dataconnect": could not find dataconnect.yaml in `/Users/mayamarkus-malone/Documents/Personal_CS/bcup/dataconnect`
 {"metadata":{"emulator":{"name":"dataconnect"},"message":"E0323 20:34:23.774046    2571 watch.go:40] Failed to load config from \"/Users/mayamarkus-malone/Documents/Personal_CS/bcup/dataconnect\": could not find dataconnect.yaml in `/Users/mayamarkus-malone/Documents/Personal_CS/bcup/dataconnect`\n"}}
[debug] [2026-03-24T00:34:23.776Z] E0323 20:34:23.774019    2571 watch.go:116] watchAllDir unable to walk dir `/Users/mayamarkus-malone/Documents/Personal_CS/bcup/dataconnect`: lstat /Users/mayamarkus-malone/Documents/Personal_CS/bcup/dataconnect: no such file or directory
 {"metadata":{"emulator":{"name":"dataconnect"},"message":"E0323 20:34:23.774019    2571 watch.go:116] watchAllDir unable to walk dir `/Users/mayamarkus-malone/Documents/Personal_CS/bcup/dataconnect`: lstat /Users/mayamarkus-malone/Documents/Personal_CS/bcup/dataconnect: no such file or directory\n"}}
[debug] [2026-03-24T00:34:33.774Z] E0323 20:34:33.773986    2571 watch.go:40] Failed to load config from "/Users/mayamarkus-malone/Documents/Personal_CS/bcup/dataconnect": could not find dataconnect.yaml in `/Users/mayamarkus-malone/Documents/Personal_CS/bcup/dataconnect`
 {"metadata":{"emulator":{"name":"dataconnect"},"message":"E0323 20:34:33.773986    2571 watch.go:40] Failed to load config from \"/Users/mayamarkus-malone/Documents/Personal_CS/bcup/dataconnect\": could not find dataconnect.yaml in `/Users/mayamarkus-malone/Documents/Personal_CS/bcup/dataconnect`\n"}}
[debug] [2026-03-24T00:34:43.775Z] E0323 20:34:43.775110    2571 watch.go:40] Failed to load config from "/Users/mayamarkus-malone/Documents/Personal_CS/bcup/dataconnect": could not find dataconnect.yaml in `/Users/mayamarkus-malone/Documents/Personal_CS/bcup/dataconnect`
 {"metadata":{"emulator":{"name":"dataconnect"},"message":"E0323 20:34:43.775110    2571 watch.go:40] Failed to load config from \"/Users/mayamarkus-malone/Documents/Personal_CS/bcup/dataconnect\": could not find dataconnect.yaml in `/Users/mayamarkus-malone/Documents/Personal_CS/bcup/dataconnect`\n"}}
[debug] [2026-03-24T00:34:53.773Z] E0323 20:34:53.773714    2571 watch.go:40] Failed to load config from "/Users/mayamarkus-malone/Documents/Personal_CS/bcup/dataconnect": could not find dataconnect.yaml in `/Users/mayamarkus-malone/Documents/Personal_CS/bcup/dataconnect`
 {"metadata":{"emulator":{"name":"dataconnect"},"message":"E0323 20:34:53.773714    2571 watch.go:40] Failed to load config from \"/Users/mayamarkus-malone/Documents/Personal_CS/bcup/dataconnect\": could not find dataconnect.yaml in `/Users/mayamarkus-malone/Documents/Personal_CS/bcup/dataconnect`\n"}}
[debug] [2026-03-24T00:35:03.774Z] E0323 20:35:03.774231    2571 watch.go:40] Failed to load config from "/Users/mayamarkus-malone/Documents/Personal_CS/bcup/dataconnect": could not find dataconnect.yaml in `/Users/mayamarkus-malone/Documents/Personal_CS/bcup/dataconnect`
 {"metadata":{"emulator":{"name":"dataconnect"},"message":"E0323 20:35:03.774231    2571 watch.go:40] Failed to load config from \"/Users/mayamarkus-malone/Documents/Personal_CS/bcup/dataconnect\": could not find dataconnect.yaml in `/Users/mayamarkus-malone/Documents/Personal_CS/bcup/dataconnect`\n"}}
[debug] [2026-03-24T00:35:13.775Z] E0323 20:35:13.775294    2571 watch.go:40] Failed to load config from "/Users/mayamarkus-malone/Documents/Personal_CS/bcup/dataconnect": could not find dataconnect.yaml in `/Users/mayamarkus-malone/Documents/Personal_CS/bcup/dataconnect`
 {"metadata":{"emulator":{"name":"dataconnect"},"message":"E0323 20:35:13.775294    2571 watch.go:40] Failed to load config from \"/Users/mayamarkus-malone/Documents/Personal_CS/bcup/dataconnect\": could not find dataconnect.yaml in `/Users/mayamarkus-malone/Documents/Personal_CS/bcup/dataconnect`\n"}}
[debug] [2026-03-24T00:35:23.773Z] E0323 20:35:23.773373    2571 watch.go:116] watchAllDir unable to walk dir `/Users/mayamarkus-malone/Documents/Personal_CS/bcup/dataconnect`: lstat /Users/mayamarkus-malone/Documents/Personal_CS/bcup/dataconnect: no such file or directory
 {"metadata":{"emulator":{"name":"dataconnect"},"message":"E0323 20:35:23.773373    2571 watch.go:116] watchAllDir unable to walk dir `/Users/mayamarkus-malone/Documents/Personal_CS/bcup/dataconnect`: lstat /Users/mayamarkus-malone/Documents/Personal_CS/bcup/dataconnect: no such file or directory\n"}}
[debug] [2026-03-24T00:35:23.773Z] E0323 20:35:23.773453    2571 watch.go:40] Failed to load config from "/Users/mayamarkus-malone/Documents/Personal_CS/bcup/dataconnect": could not find dataconnect.yaml in `/Users/mayamarkus-malone/Documents/Personal_CS/bcup/dataconnect`
 {"metadata":{"emulator":{"name":"dataconnect"},"message":"E0323 20:35:23.773453    2571 watch.go:40] Failed to load config from \"/Users/mayamarkus-malone/Documents/Personal_CS/bcup/dataconnect\": could not find dataconnect.yaml in `/Users/mayamarkus-malone/Documents/Personal_CS/bcup/dataconnect`\n"}}
[debug] [2026-03-24T00:35:33.775Z] E0323 20:35:33.774688    2571 watch.go:40] Failed to load config from "/Users/mayamarkus-malone/Documents/Personal_CS/bcup/dataconnect": could not find dataconnect.yaml in `/Users/mayamarkus-malone/Documents/Personal_CS/bcup/dataconnect`
 {"metadata":{"emulator":{"name":"dataconnect"},"message":"E0323 20:35:33.774688    2571 watch.go:40] Failed to load config from \"/Users/mayamarkus-malone/Documents/Personal_CS/bcup/dataconnect\": could not find dataconnect.yaml in `/Users/mayamarkus-malone/Documents/Personal_CS/bcup/dataconnect`\n"}}
[debug] [2026-03-24T00:35:43.775Z] E0323 20:35:43.775249    2571 watch.go:40] Failed to load config from "/Users/mayamarkus-malone/Documents/Personal_CS/bcup/dataconnect": could not find dataconnect.yaml in `/Users/mayamarkus-malone/Documents/Personal_CS/bcup/dataconnect`
 {"metadata":{"emulator":{"name":"dataconnect"},"message":"E0323 20:35:43.775249    2571 watch.go:40] Failed to load config from \"/Users/mayamarkus-malone/Documents/Personal_CS/bcup/dataconnect\": could not find dataconnect.yaml in `/Users/mayamarkus-malone/Documents/Personal_CS/bcup/dataconnect`\n"}}
[debug] [2026-03-24T00:35:53.775Z] E0323 20:35:53.775065    2571 watch.go:40] Failed to load config from "/Users/mayamarkus-malone/Documents/Personal_CS/bcup/dataconnect": could not find dataconnect.yaml in `/Users/mayamarkus-malone/Documents/Personal_CS/bcup/dataconnect`
 {"metadata":{"emulator":{"name":"dataconnect"},"message":"E0323 20:35:53.775065    2571 watch.go:40] Failed to load config from \"/Users/mayamarkus-malone/Documents/Personal_CS/bcup/dataconnect\": could not find dataconnect.yaml in `/Users/mayamarkus-malone/Documents/Personal_CS/bcup/dataconnect`\n"}}
[debug] [2026-03-24T00:36:03.777Z] E0323 20:36:03.776778    2571 watch.go:40] Failed to load config from "/Users/mayamarkus-malone/Documents/Personal_CS/bcup/dataconnect": could not find dataconnect.yaml in `/Users/mayamarkus-malone/Documents/Personal_CS/bcup/dataconnect`
 {"metadata":{"emulator":{"name":"dataconnect"},"message":"E0323 20:36:03.776778    2571 watch.go:40] Failed to load config from \"/Users/mayamarkus-malone/Documents/Personal_CS/bcup/dataconnect\": could not find dataconnect.yaml in `/Users/mayamarkus-malone/Documents/Personal_CS/bcup/dataconnect`\n"}}
[debug] [2026-03-24T00:36:13.774Z] E0323 20:36:13.774397    2571 watch.go:40] Failed to load config from "/Users/mayamarkus-malone/Documents/Personal_CS/bcup/dataconnect": could not find dataconnect.yaml in `/Users/mayamarkus-malone/Documents/Personal_CS/bcup/dataconnect`
 {"metadata":{"emulator":{"name":"dataconnect"},"message":"E0323 20:36:13.774397    2571 watch.go:40] Failed to load config from \"/Users/mayamarkus-malone/Documents/Personal_CS/bcup/dataconnect\": could not find dataconnect.yaml in `/Users/mayamarkus-malone/Documents/Personal_CS/bcup/dataconnect`\n"}}
[debug] [2026-03-24T00:36:23.776Z] E0323 20:36:23.775795    2571 watch.go:116] watchAllDir unable to walk dir `/Users/mayamarkus-malone/Documents/Personal_CS/bcup/dataconnect`: lstat /Users/mayamarkus-malone/Documents/Personal_CS/bcup/dataconnect: no such file or directory
E0323 20:36:23.776124    2571 watch.go:40] Failed to load config from "/Users/mayamarkus-malone/Documents/Personal_CS/bcup/dataconnect": could not find dataconnect.yaml in `/Users/mayamarkus-malone/Documents/Personal_CS/bcup/dataconnect`
 {"metadata":{"emulator":{"name":"dataconnect"},"message":"E0323 20:36:23.775795    2571 watch.go:116] watchAllDir unable to walk dir `/Users/mayamarkus-malone/Documents/Personal_CS/bcup/dataconnect`: lstat /Users/mayamarkus-malone/Documents/Personal_CS/bcup/dataconnect: no such file or directory\nE0323 20:36:23.776124    2571 watch.go:40] Failed to load config from \"/Users/mayamarkus-malone/Documents/Personal_CS/bcup/dataconnect\": could not find dataconnect.yaml in `/Users/mayamarkus-malone/Documents/Personal_CS/bcup/dataconnect`\n"}}
[debug] [2026-03-24T00:36:33.776Z] E0323 20:36:33.776007    2571 watch.go:40] Failed to load config from "/Users/mayamarkus-malone/Documents/Personal_CS/bcup/dataconnect": could not find dataconnect.yaml in `/Users/mayamarkus-malone/Documents/Personal_CS/bcup/dataconnect`
 {"metadata":{"emulator":{"name":"dataconnect"},"message":"E0323 20:36:33.776007    2571 watch.go:40] Failed to load config from \"/Users/mayamarkus-malone/Documents/Personal_CS/bcup/dataconnect\": could not find dataconnect.yaml in `/Users/mayamarkus-malone/Documents/Personal_CS/bcup/dataconnect`\n"}}
[debug] [2026-03-24T00:36:43.776Z] E0323 20:36:43.775473    2571 watch.go:40] Failed to load config from "/Users/mayamarkus-malone/Documents/Personal_CS/bcup/dataconnect": could not find dataconnect.yaml in `/Users/mayamarkus-malone/Documents/Personal_CS/bcup/dataconnect`
 {"metadata":{"emulator":{"name":"dataconnect"},"message":"E0323 20:36:43.775473    2571 watch.go:40] Failed to load config from \"/Users/mayamarkus-malone/Documents/Personal_CS/bcup/dataconnect\": could not find dataconnect.yaml in `/Users/mayamarkus-malone/Documents/Personal_CS/bcup/dataconnect`\n"}}
[debug] [2026-03-24T00:36:53.784Z] E0323 20:36:53.784068    2571 watch.go:40] Failed to load config from "/Users/mayamarkus-malone/Documents/Personal_CS/bcup/dataconnect": could not find dataconnect.yaml in `/Users/mayamarkus-malone/Documents/Personal_CS/bcup/dataconnect`
 {"metadata":{"emulator":{"name":"dataconnect"},"message":"E0323 20:36:53.784068    2571 watch.go:40] Failed to load config from \"/Users/mayamarkus-malone/Documents/Personal_CS/bcup/dataconnect\": could not find dataconnect.yaml in `/Users/mayamarkus-malone/Documents/Personal_CS/bcup/dataconnect`\n"}}
[debug] [2026-03-24T00:37:03.775Z] E0323 20:37:03.775348    2571 watch.go:40] Failed to load config from "/Users/mayamarkus-malone/Documents/Personal_CS/bcup/dataconnect": could not find dataconnect.yaml in `/Users/mayamarkus-malone/Documents/Personal_CS/bcup/dataconnect`
 {"metadata":{"emulator":{"name":"dataconnect"},"message":"E0323 20:37:03.775348    2571 watch.go:40] Failed to load config from \"/Users/mayamarkus-malone/Documents/Personal_CS/bcup/dataconnect\": could not find dataconnect.yaml in `/Users/mayamarkus-malone/Documents/Personal_CS/bcup/dataconnect`\n"}}
[debug] [2026-03-24T00:37:13.776Z] E0323 20:37:13.775545    2571 watch.go:40] Failed to load config from "/Users/mayamarkus-malone/Documents/Personal_CS/bcup/dataconnect": could not find dataconnect.yaml in `/Users/mayamarkus-malone/Documents/Personal_CS/bcup/dataconnect`
 {"metadata":{"emulator":{"name":"dataconnect"},"message":"E0323 20:37:13.775545    2571 watch.go:40] Failed to load config from \"/Users/mayamarkus-malone/Documents/Personal_CS/bcup/dataconnect\": could not find dataconnect.yaml in `/Users/mayamarkus-malone/Documents/Personal_CS/bcup/dataconnect`\n"}}
[debug] [2026-03-24T00:37:23.775Z] E0323 20:37:23.774976    2571 watch.go:116] watchAllDir unable to walk dir `/Users/mayamarkus-malone/Documents/Personal_CS/bcup/dataconnect`: lstat /Users/mayamarkus-malone/Documents/Personal_CS/bcup/dataconnect: no such file or directory
 {"metadata":{"emulator":{"name":"dataconnect"},"message":"E0323 20:37:23.774976    2571 watch.go:116] watchAllDir unable to walk dir `/Users/mayamarkus-malone/Documents/Personal_CS/bcup/dataconnect`: lstat /Users/mayamarkus-malone/Documents/Personal_CS/bcup/dataconnect: no such file or directory\n"}}
[debug] [2026-03-24T00:37:23.776Z] E0323 20:37:23.775328    2571 watch.go:40] Failed to load config from "/Users/mayamarkus-malone/Documents/Personal_CS/bcup/dataconnect": could not find dataconnect.yaml in `/Users/mayamarkus-malone/Documents/Personal_CS/bcup/dataconnect`
 {"metadata":{"emulator":{"name":"dataconnect"},"message":"E0323 20:37:23.775328    2571 watch.go:40] Failed to load config from \"/Users/mayamarkus-malone/Documents/Personal_CS/bcup/dataconnect\": could not find dataconnect.yaml in `/Users/mayamarkus-malone/Documents/Personal_CS/bcup/dataconnect`\n"}}
[debug] [2026-03-24T00:37:33.775Z] E0323 20:37:33.775033    2571 watch.go:40] Failed to load config from "/Users/mayamarkus-malone/Documents/Personal_CS/bcup/dataconnect": could not find dataconnect.yaml in `/Users/mayamarkus-malone/Documents/Personal_CS/bcup/dataconnect`
 {"metadata":{"emulator":{"name":"dataconnect"},"message":"E0323 20:37:33.775033    2571 watch.go:40] Failed to load config from \"/Users/mayamarkus-malone/Documents/Personal_CS/bcup/dataconnect\": could not find dataconnect.yaml in `/Users/mayamarkus-malone/Documents/Personal_CS/bcup/dataconnect`\n"}}
[debug] [2026-03-24T00:37:43.775Z] E0323 20:37:43.775063    2571 watch.go:40] Failed to load config from "/Users/mayamarkus-malone/Documents/Personal_CS/bcup/dataconnect": could not find dataconnect.yaml in `/Users/mayamarkus-malone/Documents/Personal_CS/bcup/dataconnect`
 {"metadata":{"emulator":{"name":"dataconnect"},"message":"E0323 20:37:43.775063    2571 watch.go:40] Failed to load config from \"/Users/mayamarkus-malone/Documents/Personal_CS/bcup/dataconnect\": could not find dataconnect.yaml in `/Users/mayamarkus-malone/Documents/Personal_CS/bcup/dataconnect`\n"}}
[debug] [2026-03-24T00:37:53.775Z] E0323 20:37:53.775122    2571 watch.go:40] Failed to load config from "/Users/mayamarkus-malone/Documents/Personal_CS/bcup/dataconnect": could not find dataconnect.yaml in `/Users/mayamarkus-malone/Documents/Personal_CS/bcup/dataconnect`
 {"metadata":{"emulator":{"name":"dataconnect"},"message":"E0323 20:37:53.775122    2571 watch.go:40] Failed to load config from \"/Users/mayamarkus-malone/Documents/Personal_CS/bcup/dataconnect\": could not find dataconnect.yaml in `/Users/mayamarkus-malone/Documents/Personal_CS/bcup/dataconnect`\n"}}
[debug] [2026-03-24T00:38:03.780Z] E0323 20:38:03.778618    2571 watch.go:40] Failed to load config from "/Users/mayamarkus-malone/Documents/Personal_CS/bcup/dataconnect": could not find dataconnect.yaml in `/Users/mayamarkus-malone/Documents/Personal_CS/bcup/dataconnect`
 {"metadata":{"emulator":{"name":"dataconnect"},"message":"E0323 20:38:03.778618    2571 watch.go:40] Failed to load config from \"/Users/mayamarkus-malone/Documents/Personal_CS/bcup/dataconnect\": could not find dataconnect.yaml in `/Users/mayamarkus-malone/Documents/Personal_CS/bcup/dataconnect`\n"}}
[debug] [2026-03-24T00:38:13.775Z] E0323 20:38:13.775484    2571 watch.go:40] Failed to load config from "/Users/mayamarkus-malone/Documents/Personal_CS/bcup/dataconnect": could not find dataconnect.yaml in `/Users/mayamarkus-malone/Documents/Personal_CS/bcup/dataconnect`
 {"metadata":{"emulator":{"name":"dataconnect"},"message":"E0323 20:38:13.775484    2571 watch.go:40] Failed to load config from \"/Users/mayamarkus-malone/Documents/Personal_CS/bcup/dataconnect\": could not find dataconnect.yaml in `/Users/mayamarkus-malone/Documents/Personal_CS/bcup/dataconnect`\n"}}
[debug] [2026-03-24T00:38:23.777Z] E0323 20:38:23.776613    2571 watch.go:116] watchAllDir unable to walk dir `/Users/mayamarkus-malone/Documents/Personal_CS/bcup/dataconnect`: lstat /Users/mayamarkus-malone/Documents/Personal_CS/bcup/dataconnect: no such file or directory
E0323 20:38:23.776780    2571 watch.go:40] Failed to load config from "/Users/mayamarkus-malone/Documents/Personal_CS/bcup/dataconnect": could not find dataconnect.yaml in `/Users/mayamarkus-malone/Documents/Personal_CS/bcup/dataconnect`
 {"metadata":{"emulator":{"name":"dataconnect"},"message":"E0323 20:38:23.776613    2571 watch.go:116] watchAllDir unable to walk dir `/Users/mayamarkus-malone/Documents/Personal_CS/bcup/dataconnect`: lstat /Users/mayamarkus-malone/Documents/Personal_CS/bcup/dataconnect: no such file or directory\nE0323 20:38:23.776780    2571 watch.go:40] Failed to load config from \"/Users/mayamarkus-malone/Documents/Personal_CS/bcup/dataconnect\": could not find dataconnect.yaml in `/Users/mayamarkus-malone/Documents/Personal_CS/bcup/dataconnect`\n"}}
[debug] [2026-03-24T00:38:33.776Z] E0323 20:38:33.775767    2571 watch.go:40] Failed to load config from "/Users/mayamarkus-malone/Documents/Personal_CS/bcup/dataconnect": could not find dataconnect.yaml in `/Users/mayamarkus-malone/Documents/Personal_CS/bcup/dataconnect`
 {"metadata":{"emulator":{"name":"dataconnect"},"message":"E0323 20:38:33.775767    2571 watch.go:40] Failed to load config from \"/Users/mayamarkus-malone/Documents/Personal_CS/bcup/dataconnect\": could not find dataconnect.yaml in `/Users/mayamarkus-malone/Documents/Personal_CS/bcup/dataconnect`\n"}}
[debug] [2026-03-24T00:38:43.777Z] E0323 20:38:43.777092    2571 watch.go:40] Failed to load config from "/Users/mayamarkus-malone/Documents/Personal_CS/bcup/dataconnect": could not find dataconnect.yaml in `/Users/mayamarkus-malone/Documents/Personal_CS/bcup/dataconnect`
 {"metadata":{"emulator":{"name":"dataconnect"},"message":"E0323 20:38:43.777092    2571 watch.go:40] Failed to load config from \"/Users/mayamarkus-malone/Documents/Personal_CS/bcup/dataconnect\": could not find dataconnect.yaml in `/Users/mayamarkus-malone/Documents/Personal_CS/bcup/dataconnect`\n"}}
[debug] [2026-03-24T00:38:53.774Z] E0323 20:38:53.774583    2571 watch.go:40] Failed to load config from "/Users/mayamarkus-malone/Documents/Personal_CS/bcup/dataconnect": could not find dataconnect.yaml in `/Users/mayamarkus-malone/Documents/Personal_CS/bcup/dataconnect`
 {"metadata":{"emulator":{"name":"dataconnect"},"message":"E0323 20:38:53.774583    2571 watch.go:40] Failed to load config from \"/Users/mayamarkus-malone/Documents/Personal_CS/bcup/dataconnect\": could not find dataconnect.yaml in `/Users/mayamarkus-malone/Documents/Personal_CS/bcup/dataconnect`\n"}}
[debug] [2026-03-24T00:39:03.779Z] E0323 20:39:03.779356    2571 watch.go:40] Failed to load config from "/Users/mayamarkus-malone/Documents/Personal_CS/bcup/dataconnect": could not find dataconnect.yaml in `/Users/mayamarkus-malone/Documents/Personal_CS/bcup/dataconnect`
 {"metadata":{"emulator":{"name":"dataconnect"},"message":"E0323 20:39:03.779356    2571 watch.go:40] Failed to load config from \"/Users/mayamarkus-malone/Documents/Personal_CS/bcup/dataconnect\": could not find dataconnect.yaml in `/Users/mayamarkus-malone/Documents/Personal_CS/bcup/dataconnect`\n"}}
[debug] [2026-03-24T00:39:13.775Z] E0323 20:39:13.775712    2571 watch.go:40] Failed to load config from "/Users/mayamarkus-malone/Documents/Personal_CS/bcup/dataconnect": could not find dataconnect.yaml in `/Users/mayamarkus-malone/Documents/Personal_CS/bcup/dataconnect`
 {"metadata":{"emulator":{"name":"dataconnect"},"message":"E0323 20:39:13.775712    2571 watch.go:40] Failed to load config from \"/Users/mayamarkus-malone/Documents/Personal_CS/bcup/dataconnect\": could not find dataconnect.yaml in `/Users/mayamarkus-malone/Documents/Personal_CS/bcup/dataconnect`\n"}}
[debug] [2026-03-24T00:39:23.775Z] E0323 20:39:23.775652    2571 watch.go:40] Failed to load config from "/Users/mayamarkus-malone/Documents/Personal_CS/bcup/dataconnect": could not find dataconnect.yaml in `/Users/mayamarkus-malone/Documents/Personal_CS/bcup/dataconnect`
E0323 20:39:23.775623    2571 watch.go:116] watchAllDir unable to walk dir `/Users/mayamarkus-malone/Documents/Personal_CS/bcup/dataconnect`: lstat /Users/mayamarkus-malone/Documents/Personal_CS/bcup/dataconnect: no such file or directory
 {"metadata":{"emulator":{"name":"dataconnect"},"message":"E0323 20:39:23.775652    2571 watch.go:40] Failed to load config from \"/Users/mayamarkus-malone/Documents/Personal_CS/bcup/dataconnect\": could not find dataconnect.yaml in `/Users/mayamarkus-malone/Documents/Personal_CS/bcup/dataconnect`\nE0323 20:39:23.775623    2571 watch.go:116] watchAllDir unable to walk dir `/Users/mayamarkus-malone/Documents/Personal_CS/bcup/dataconnect`: lstat /Users/mayamarkus-malone/Documents/Personal_CS/bcup/dataconnect: no such file or directory\n"}}
[debug] [2026-03-24T00:39:33.776Z] E0323 20:39:33.775838    2571 watch.go:40] Failed to load config from "/Users/mayamarkus-malone/Documents/Personal_CS/bcup/dataconnect": could not find dataconnect.yaml in `/Users/mayamarkus-malone/Documents/Personal_CS/bcup/dataconnect`
 {"metadata":{"emulator":{"name":"dataconnect"},"message":"E0323 20:39:33.775838    2571 watch.go:40] Failed to load config from \"/Users/mayamarkus-malone/Documents/Personal_CS/bcup/dataconnect\": could not find dataconnect.yaml in `/Users/mayamarkus-malone/Documents/Personal_CS/bcup/dataconnect`\n"}}
[debug] [2026-03-24T00:39:43.776Z] E0323 20:39:43.775933    2571 watch.go:40] Failed to load config from "/Users/mayamarkus-malone/Documents/Personal_CS/bcup/dataconnect": could not find dataconnect.yaml in `/Users/mayamarkus-malone/Documents/Personal_CS/bcup/dataconnect`
 {"metadata":{"emulator":{"name":"dataconnect"},"message":"E0323 20:39:43.775933    2571 watch.go:40] Failed to load config from \"/Users/mayamarkus-malone/Documents/Personal_CS/bcup/dataconnect\": could not find dataconnect.yaml in `/Users/mayamarkus-malone/Documents/Personal_CS/bcup/dataconnect`\n"}}
[debug] [2026-03-24T00:39:53.777Z] E0323 20:39:53.776472    2571 watch.go:40] Failed to load config from "/Users/mayamarkus-malone/Documents/Personal_CS/bcup/dataconnect": could not find dataconnect.yaml in `/Users/mayamarkus-malone/Documents/Personal_CS/bcup/dataconnect`
 {"metadata":{"emulator":{"name":"dataconnect"},"message":"E0323 20:39:53.776472    2571 watch.go:40] Failed to load config from \"/Users/mayamarkus-malone/Documents/Personal_CS/bcup/dataconnect\": could not find dataconnect.yaml in `/Users/mayamarkus-malone/Documents/Personal_CS/bcup/dataconnect`\n"}}
[debug] [2026-03-24T00:40:03.780Z] E0323 20:40:03.779950    2571 watch.go:40] Failed to load config from "/Users/mayamarkus-malone/Documents/Personal_CS/bcup/dataconnect": could not find dataconnect.yaml in `/Users/mayamarkus-malone/Documents/Personal_CS/bcup/dataconnect`
 {"metadata":{"emulator":{"name":"dataconnect"},"message":"E0323 20:40:03.779950    2571 watch.go:40] Failed to load config from \"/Users/mayamarkus-malone/Documents/Personal_CS/bcup/dataconnect\": could not find dataconnect.yaml in `/Users/mayamarkus-malone/Documents/Personal_CS/bcup/dataconnect`\n"}}
[debug] [2026-03-24T00:40:13.779Z] E0323 20:40:13.778722    2571 watch.go:40] Failed to load config from "/Users/mayamarkus-malone/Documents/Personal_CS/bcup/dataconnect": could not find dataconnect.yaml in `/Users/mayamarkus-malone/Documents/Personal_CS/bcup/dataconnect`
 {"metadata":{"emulator":{"name":"dataconnect"},"message":"E0323 20:40:13.778722    2571 watch.go:40] Failed to load config from \"/Users/mayamarkus-malone/Documents/Personal_CS/bcup/dataconnect\": could not find dataconnect.yaml in `/Users/mayamarkus-malone/Documents/Personal_CS/bcup/dataconnect`\n"}}
[debug] [2026-03-24T00:40:23.777Z] E0323 20:40:23.777238    2571 watch.go:116] watchAllDir unable to walk dir `/Users/mayamarkus-malone/Documents/Personal_CS/bcup/dataconnect`: lstat /Users/mayamarkus-malone/Documents/Personal_CS/bcup/dataconnect: no such file or directory
E0323 20:40:23.777292    2571 watch.go:40] Failed to load config from "/Users/mayamarkus-malone/Documents/Personal_CS/bcup/dataconnect": could not find dataconnect.yaml in `/Users/mayamarkus-malone/Documents/Personal_CS/bcup/dataconnect`
 {"metadata":{"emulator":{"name":"dataconnect"},"message":"E0323 20:40:23.777238    2571 watch.go:116] watchAllDir unable to walk dir `/Users/mayamarkus-malone/Documents/Personal_CS/bcup/dataconnect`: lstat /Users/mayamarkus-malone/Documents/Personal_CS/bcup/dataconnect: no such file or directory\nE0323 20:40:23.777292    2571 watch.go:40] Failed to load config from \"/Users/mayamarkus-malone/Documents/Personal_CS/bcup/dataconnect\": could not find dataconnect.yaml in `/Users/mayamarkus-malone/Documents/Personal_CS/bcup/dataconnect`\n"}}
[debug] [2026-03-24T00:40:33.776Z] E0323 20:40:33.776034    2571 watch.go:40] Failed to load config from "/Users/mayamarkus-malone/Documents/Personal_CS/bcup/dataconnect": could not find dataconnect.yaml in `/Users/mayamarkus-malone/Documents/Personal_CS/bcup/dataconnect`
 {"metadata":{"emulator":{"name":"dataconnect"},"message":"E0323 20:40:33.776034    2571 watch.go:40] Failed to load config from \"/Users/mayamarkus-malone/Documents/Personal_CS/bcup/dataconnect\": could not find dataconnect.yaml in `/Users/mayamarkus-malone/Documents/Personal_CS/bcup/dataconnect`\n"}}
[debug] [2026-03-24T00:40:43.778Z] E0323 20:40:43.777689    2571 watch.go:40] Failed to load config from "/Users/mayamarkus-malone/Documents/Personal_CS/bcup/dataconnect": could not find dataconnect.yaml in `/Users/mayamarkus-malone/Documents/Personal_CS/bcup/dataconnect`
 {"metadata":{"emulator":{"name":"dataconnect"},"message":"E0323 20:40:43.777689    2571 watch.go:40] Failed to load config from \"/Users/mayamarkus-malone/Documents/Personal_CS/bcup/dataconnect\": could not find dataconnect.yaml in `/Users/mayamarkus-malone/Documents/Personal_CS/bcup/dataconnect`\n"}}
[debug] [2026-03-24T00:40:53.778Z] E0323 20:40:53.777879    2571 watch.go:40] Failed to load config from "/Users/mayamarkus-malone/Documents/Personal_CS/bcup/dataconnect": could not find dataconnect.yaml in `/Users/mayamarkus-malone/Documents/Personal_CS/bcup/dataconnect`
 {"metadata":{"emulator":{"name":"dataconnect"},"message":"E0323 20:40:53.777879    2571 watch.go:40] Failed to load config from \"/Users/mayamarkus-malone/Documents/Personal_CS/bcup/dataconnect\": could not find dataconnect.yaml in `/Users/mayamarkus-malone/Documents/Personal_CS/bcup/dataconnect`\n"}}
[debug] [2026-03-24T00:41:03.778Z] E0323 20:41:03.777826    2571 watch.go:40] Failed to load config from "/Users/mayamarkus-malone/Documents/Personal_CS/bcup/dataconnect": could not find dataconnect.yaml in `/Users/mayamarkus-malone/Documents/Personal_CS/bcup/dataconnect`
 {"metadata":{"emulator":{"name":"dataconnect"},"message":"E0323 20:41:03.777826    2571 watch.go:40] Failed to load config from \"/Users/mayamarkus-malone/Documents/Personal_CS/bcup/dataconnect\": could not find dataconnect.yaml in `/Users/mayamarkus-malone/Documents/Personal_CS/bcup/dataconnect`\n"}}
[debug] [2026-03-24T00:41:13.776Z] E0323 20:41:13.776425    2571 watch.go:40] Failed to load config from "/Users/mayamarkus-malone/Documents/Personal_CS/bcup/dataconnect": could not find dataconnect.yaml in `/Users/mayamarkus-malone/Documents/Personal_CS/bcup/dataconnect`
 {"metadata":{"emulator":{"name":"dataconnect"},"message":"E0323 20:41:13.776425    2571 watch.go:40] Failed to load config from \"/Users/mayamarkus-malone/Documents/Personal_CS/bcup/dataconnect\": could not find dataconnect.yaml in `/Users/mayamarkus-malone/Documents/Personal_CS/bcup/dataconnect`\n"}}
[debug] [2026-03-24T00:41:23.776Z] E0323 20:41:23.776309    2571 watch.go:116] watchAllDir unable to walk dir `/Users/mayamarkus-malone/Documents/Personal_CS/bcup/dataconnect`: lstat /Users/mayamarkus-malone/Documents/Personal_CS/bcup/dataconnect: no such file or directory
E0323 20:41:23.776443    2571 watch.go:40] Failed to load config from "/Users/mayamarkus-malone/Documents/Personal_CS/bcup/dataconnect": could not find dataconnect.yaml in `/Users/mayamarkus-malone/Documents/Personal_CS/bcup/dataconnect`
 {"metadata":{"emulator":{"name":"dataconnect"},"message":"E0323 20:41:23.776309    2571 watch.go:116] watchAllDir unable to walk dir `/Users/mayamarkus-malone/Documents/Personal_CS/bcup/dataconnect`: lstat /Users/mayamarkus-malone/Documents/Personal_CS/bcup/dataconnect: no such file or directory\nE0323 20:41:23.776443    2571 watch.go:40] Failed to load config from \"/Users/mayamarkus-malone/Documents/Personal_CS/bcup/dataconnect\": could not find dataconnect.yaml in `/Users/mayamarkus-malone/Documents/Personal_CS/bcup/dataconnect`\n"}}
[debug] [2026-03-24T00:41:33.776Z] E0323 20:41:33.776275    2571 watch.go:40] Failed to load config from "/Users/mayamarkus-malone/Documents/Personal_CS/bcup/dataconnect": could not find dataconnect.yaml in `/Users/mayamarkus-malone/Documents/Personal_CS/bcup/dataconnect`
 {"metadata":{"emulator":{"name":"dataconnect"},"message":"E0323 20:41:33.776275    2571 watch.go:40] Failed to load config from \"/Users/mayamarkus-malone/Documents/Personal_CS/bcup/dataconnect\": could not find dataconnect.yaml in `/Users/mayamarkus-malone/Documents/Personal_CS/bcup/dataconnect`\n"}}
[debug] [2026-03-24T00:41:43.776Z] E0323 20:41:43.776337    2571 watch.go:40] Failed to load config from "/Users/mayamarkus-malone/Documents/Personal_CS/bcup/dataconnect": could not find dataconnect.yaml in `/Users/mayamarkus-malone/Documents/Personal_CS/bcup/dataconnect`
 {"metadata":{"emulator":{"name":"dataconnect"},"message":"E0323 20:41:43.776337    2571 watch.go:40] Failed to load config from \"/Users/mayamarkus-malone/Documents/Personal_CS/bcup/dataconnect\": could not find dataconnect.yaml in `/Users/mayamarkus-malone/Documents/Personal_CS/bcup/dataconnect`\n"}}
[debug] [2026-03-24T00:41:53.779Z] E0323 20:41:53.778600    2571 watch.go:40] Failed to load config from "/Users/mayamarkus-malone/Documents/Personal_CS/bcup/dataconnect": could not find dataconnect.yaml in `/Users/mayamarkus-malone/Documents/Personal_CS/bcup/dataconnect`
 {"metadata":{"emulator":{"name":"dataconnect"},"message":"E0323 20:41:53.778600    2571 watch.go:40] Failed to load config from \"/Users/mayamarkus-malone/Documents/Personal_CS/bcup/dataconnect\": could not find dataconnect.yaml in `/Users/mayamarkus-malone/Documents/Personal_CS/bcup/dataconnect`\n"}}
[debug] [2026-03-24T00:42:03.775Z] E0323 20:42:03.775648    2571 watch.go:40] Failed to load config from "/Users/mayamarkus-malone/Documents/Personal_CS/bcup/dataconnect": could not find dataconnect.yaml in `/Users/mayamarkus-malone/Documents/Personal_CS/bcup/dataconnect`
 {"metadata":{"emulator":{"name":"dataconnect"},"message":"E0323 20:42:03.775648    2571 watch.go:40] Failed to load config from \"/Users/mayamarkus-malone/Documents/Personal_CS/bcup/dataconnect\": could not find dataconnect.yaml in `/Users/mayamarkus-malone/Documents/Personal_CS/bcup/dataconnect`\n"}}
[debug] [2026-03-24T00:42:13.776Z] E0323 20:42:13.776562    2571 watch.go:40] Failed to load config from "/Users/mayamarkus-malone/Documents/Personal_CS/bcup/dataconnect": could not find dataconnect.yaml in `/Users/mayamarkus-malone/Documents/Personal_CS/bcup/dataconnect`
 {"metadata":{"emulator":{"name":"dataconnect"},"message":"E0323 20:42:13.776562    2571 watch.go:40] Failed to load config from \"/Users/mayamarkus-malone/Documents/Personal_CS/bcup/dataconnect\": could not find dataconnect.yaml in `/Users/mayamarkus-malone/Documents/Personal_CS/bcup/dataconnect`\n"}}
[debug] [2026-03-24T00:42:23.777Z] E0323 20:42:23.777234    2571 watch.go:116] watchAllDir unable to walk dir `/Users/mayamarkus-malone/Documents/Personal_CS/bcup/dataconnect`: lstat /Users/mayamarkus-malone/Documents/Personal_CS/bcup/dataconnect: no such file or directory
E0323 20:42:23.777349    2571 watch.go:40] Failed to load config from "/Users/mayamarkus-malone/Documents/Personal_CS/bcup/dataconnect": could not find dataconnect.yaml in `/Users/mayamarkus-malone/Documents/Personal_CS/bcup/dataconnect`
 {"metadata":{"emulator":{"name":"dataconnect"},"message":"E0323 20:42:23.777234    2571 watch.go:116] watchAllDir unable to walk dir `/Users/mayamarkus-malone/Documents/Personal_CS/bcup/dataconnect`: lstat /Users/mayamarkus-malone/Documents/Personal_CS/bcup/dataconnect: no such file or directory\nE0323 20:42:23.777349    2571 watch.go:40] Failed to load config from \"/Users/mayamarkus-malone/Documents/Personal_CS/bcup/dataconnect\": could not find dataconnect.yaml in `/Users/mayamarkus-malone/Documents/Personal_CS/bcup/dataconnect`\n"}}
[debug] [2026-03-24T00:42:33.778Z] E0323 20:42:33.778384    2571 watch.go:40] Failed to load config from "/Users/mayamarkus-malone/Documents/Personal_CS/bcup/dataconnect": could not find dataconnect.yaml in `/Users/mayamarkus-malone/Documents/Personal_CS/bcup/dataconnect`
 {"metadata":{"emulator":{"name":"dataconnect"},"message":"E0323 20:42:33.778384    2571 watch.go:40] Failed to load config from \"/Users/mayamarkus-malone/Documents/Personal_CS/bcup/dataconnect\": could not find dataconnect.yaml in `/Users/mayamarkus-malone/Documents/Personal_CS/bcup/dataconnect`\n"}}
[debug] [2026-03-24T00:42:43.778Z] E0323 20:42:43.778399    2571 watch.go:40] Failed to load config from "/Users/mayamarkus-malone/Documents/Personal_CS/bcup/dataconnect": could not find dataconnect.yaml in `/Users/mayamarkus-malone/Documents/Personal_CS/bcup/dataconnect`
 {"metadata":{"emulator":{"name":"dataconnect"},"message":"E0323 20:42:43.778399    2571 watch.go:40] Failed to load config from \"/Users/mayamarkus-malone/Documents/Personal_CS/bcup/dataconnect\": could not find dataconnect.yaml in `/Users/mayamarkus-malone/Documents/Personal_CS/bcup/dataconnect`\n"}}
[debug] [2026-03-24T00:42:53.779Z] E0323 20:42:53.776837    2571 watch.go:40] Failed to load config from "/Users/mayamarkus-malone/Documents/Personal_CS/bcup/dataconnect": could not find dataconnect.yaml in `/Users/mayamarkus-malone/Documents/Personal_CS/bcup/dataconnect`
 {"metadata":{"emulator":{"name":"dataconnect"},"message":"E0323 20:42:53.776837    2571 watch.go:40] Failed to load config from \"/Users/mayamarkus-malone/Documents/Personal_CS/bcup/dataconnect\": could not find dataconnect.yaml in `/Users/mayamarkus-malone/Documents/Personal_CS/bcup/dataconnect`\n"}}
[debug] [2026-03-24T00:43:03.776Z] E0323 20:43:03.776157    2571 watch.go:40] Failed to load config from "/Users/mayamarkus-malone/Documents/Personal_CS/bcup/dataconnect": could not find dataconnect.yaml in `/Users/mayamarkus-malone/Documents/Personal_CS/bcup/dataconnect`
 {"metadata":{"emulator":{"name":"dataconnect"},"message":"E0323 20:43:03.776157    2571 watch.go:40] Failed to load config from \"/Users/mayamarkus-malone/Documents/Personal_CS/bcup/dataconnect\": could not find dataconnect.yaml in `/Users/mayamarkus-malone/Documents/Personal_CS/bcup/dataconnect`\n"}}
[debug] [2026-03-24T00:43:13.777Z] E0323 20:43:13.776865    2571 watch.go:40] Failed to load config from "/Users/mayamarkus-malone/Documents/Personal_CS/bcup/dataconnect": could not find dataconnect.yaml in `/Users/mayamarkus-malone/Documents/Personal_CS/bcup/dataconnect`
 {"metadata":{"emulator":{"name":"dataconnect"},"message":"E0323 20:43:13.776865    2571 watch.go:40] Failed to load config from \"/Users/mayamarkus-malone/Documents/Personal_CS/bcup/dataconnect\": could not find dataconnect.yaml in `/Users/mayamarkus-malone/Documents/Personal_CS/bcup/dataconnect`\n"}}
[debug] [2026-03-24T00:43:23.776Z] E0323 20:43:23.776085    2571 watch.go:40] Failed to load config from "/Users/mayamarkus-malone/Documents/Personal_CS/bcup/dataconnect": could not find dataconnect.yaml in `/Users/mayamarkus-malone/Documents/Personal_CS/bcup/dataconnect`
E0323 20:43:23.775977    2571 watch.go:116] watchAllDir unable to walk dir `/Users/mayamarkus-malone/Documents/Personal_CS/bcup/dataconnect`: lstat /Users/mayamarkus-malone/Documents/Personal_CS/bcup/dataconnect: no such file or directory
 {"metadata":{"emulator":{"name":"dataconnect"},"message":"E0323 20:43:23.776085    2571 watch.go:40] Failed to load config from \"/Users/mayamarkus-malone/Documents/Personal_CS/bcup/dataconnect\": could not find dataconnect.yaml in `/Users/mayamarkus-malone/Documents/Personal_CS/bcup/dataconnect`\nE0323 20:43:23.775977    2571 watch.go:116] watchAllDir unable to walk dir `/Users/mayamarkus-malone/Documents/Personal_CS/bcup/dataconnect`: lstat /Users/mayamarkus-malone/Documents/Personal_CS/bcup/dataconnect: no such file or directory\n"}}
[debug] [2026-03-24T00:43:33.777Z] E0323 20:43:33.777018    2571 watch.go:40] Failed to load config from "/Users/mayamarkus-malone/Documents/Personal_CS/bcup/dataconnect": could not find dataconnect.yaml in `/Users/mayamarkus-malone/Documents/Personal_CS/bcup/dataconnect`
 {"metadata":{"emulator":{"name":"dataconnect"},"message":"E0323 20:43:33.777018    2571 watch.go:40] Failed to load config from \"/Users/mayamarkus-malone/Documents/Personal_CS/bcup/dataconnect\": could not find dataconnect.yaml in `/Users/mayamarkus-malone/Documents/Personal_CS/bcup/dataconnect`\n"}}
[debug] [2026-03-24T00:43:43.777Z] E0323 20:43:43.777329    2571 watch.go:40] Failed to load config from "/Users/mayamarkus-malone/Documents/Personal_CS/bcup/dataconnect": could not find dataconnect.yaml in `/Users/mayamarkus-malone/Documents/Personal_CS/bcup/dataconnect`
 {"metadata":{"emulator":{"name":"dataconnect"},"message":"E0323 20:43:43.777329    2571 watch.go:40] Failed to load config from \"/Users/mayamarkus-malone/Documents/Personal_CS/bcup/dataconnect\": could not find dataconnect.yaml in `/Users/mayamarkus-malone/Documents/Personal_CS/bcup/dataconnect`\n"}}
[debug] [2026-03-24T00:43:53.778Z] E0323 20:43:53.777893    2571 watch.go:40] Failed to load config from "/Users/mayamarkus-malone/Documents/Personal_CS/bcup/dataconnect": could not find dataconnect.yaml in `/Users/mayamarkus-malone/Documents/Personal_CS/bcup/dataconnect`
 {"metadata":{"emulator":{"name":"dataconnect"},"message":"E0323 20:43:53.777893    2571 watch.go:40] Failed to load config from \"/Users/mayamarkus-malone/Documents/Personal_CS/bcup/dataconnect\": could not find dataconnect.yaml in `/Users/mayamarkus-malone/Documents/Personal_CS/bcup/dataconnect`\n"}}
[debug] [2026-03-24T00:44:03.778Z] E0323 20:44:03.778385    2571 watch.go:40] Failed to load config from "/Users/mayamarkus-malone/Documents/Personal_CS/bcup/dataconnect": could not find dataconnect.yaml in `/Users/mayamarkus-malone/Documents/Personal_CS/bcup/dataconnect`
 {"metadata":{"emulator":{"name":"dataconnect"},"message":"E0323 20:44:03.778385    2571 watch.go:40] Failed to load config from \"/Users/mayamarkus-malone/Documents/Personal_CS/bcup/dataconnect\": could not find dataconnect.yaml in `/Users/mayamarkus-malone/Documents/Personal_CS/bcup/dataconnect`\n"}}
[debug] [2026-03-24T00:44:13.778Z] E0323 20:44:13.778094    2571 watch.go:40] Failed to load config from "/Users/mayamarkus-malone/Documents/Personal_CS/bcup/dataconnect": could not find dataconnect.yaml in `/Users/mayamarkus-malone/Documents/Personal_CS/bcup/dataconnect`
 {"metadata":{"emulator":{"name":"dataconnect"},"message":"E0323 20:44:13.778094    2571 watch.go:40] Failed to load config from \"/Users/mayamarkus-malone/Documents/Personal_CS/bcup/dataconnect\": could not find dataconnect.yaml in `/Users/mayamarkus-malone/Documents/Personal_CS/bcup/dataconnect`\n"}}
[debug] [2026-03-24T00:44:23.779Z] E0323 20:44:23.779335    2571 watch.go:40] Failed to load config from "/Users/mayamarkus-malone/Documents/Personal_CS/bcup/dataconnect": could not find dataconnect.yaml in `/Users/mayamarkus-malone/Documents/Personal_CS/bcup/dataconnect`
 {"metadata":{"emulator":{"name":"dataconnect"},"message":"E0323 20:44:23.779335    2571 watch.go:40] Failed to load config from \"/Users/mayamarkus-malone/Documents/Personal_CS/bcup/dataconnect\": could not find dataconnect.yaml in `/Users/mayamarkus-malone/Documents/Personal_CS/bcup/dataconnect`\n"}}
[debug] [2026-03-24T00:44:23.780Z] E0323 20:44:23.778844    2571 watch.go:116] watchAllDir unable to walk dir `/Users/mayamarkus-malone/Documents/Personal_CS/bcup/dataconnect`: lstat /Users/mayamarkus-malone/Documents/Personal_CS/bcup/dataconnect: no such file or directory
 {"metadata":{"emulator":{"name":"dataconnect"},"message":"E0323 20:44:23.778844    2571 watch.go:116] watchAllDir unable to walk dir `/Users/mayamarkus-malone/Documents/Personal_CS/bcup/dataconnect`: lstat /Users/mayamarkus-malone/Documents/Personal_CS/bcup/dataconnect: no such file or directory\n"}}
[debug] [2026-03-24T00:44:33.785Z] E0323 20:44:33.780145    2571 watch.go:40] Failed to load config from "/Users/mayamarkus-malone/Documents/Personal_CS/bcup/dataconnect": could not find dataconnect.yaml in `/Users/mayamarkus-malone/Documents/Personal_CS/bcup/dataconnect`
 {"metadata":{"emulator":{"name":"dataconnect"},"message":"E0323 20:44:33.780145    2571 watch.go:40] Failed to load config from \"/Users/mayamarkus-malone/Documents/Personal_CS/bcup/dataconnect\": could not find dataconnect.yaml in `/Users/mayamarkus-malone/Documents/Personal_CS/bcup/dataconnect`\n"}}
[debug] [2026-03-24T00:44:43.782Z] E0323 20:44:43.782581    2571 watch.go:40] Failed to load config from "/Users/mayamarkus-malone/Documents/Personal_CS/bcup/dataconnect": could not find dataconnect.yaml in `/Users/mayamarkus-malone/Documents/Personal_CS/bcup/dataconnect`
 {"metadata":{"emulator":{"name":"dataconnect"},"message":"E0323 20:44:43.782581    2571 watch.go:40] Failed to load config from \"/Users/mayamarkus-malone/Documents/Personal_CS/bcup/dataconnect\": could not find dataconnect.yaml in `/Users/mayamarkus-malone/Documents/Personal_CS/bcup/dataconnect`\n"}}
[debug] [2026-03-24T00:44:53.777Z] E0323 20:44:53.777778    2571 watch.go:40] Failed to load config from "/Users/mayamarkus-malone/Documents/Personal_CS/bcup/dataconnect": could not find dataconnect.yaml in `/Users/mayamarkus-malone/Documents/Personal_CS/bcup/dataconnect`
 {"metadata":{"emulator":{"name":"dataconnect"},"message":"E0323 20:44:53.777778    2571 watch.go:40] Failed to load config from \"/Users/mayamarkus-malone/Documents/Personal_CS/bcup/dataconnect\": could not find dataconnect.yaml in `/Users/mayamarkus-malone/Documents/Personal_CS/bcup/dataconnect`\n"}}
[debug] [2026-03-24T00:45:03.777Z] E0323 20:45:03.777627    2571 watch.go:40] Failed to load config from "/Users/mayamarkus-malone/Documents/Personal_CS/bcup/dataconnect": could not find dataconnect.yaml in `/Users/mayamarkus-malone/Documents/Personal_CS/bcup/dataconnect`
 {"metadata":{"emulator":{"name":"dataconnect"},"message":"E0323 20:45:03.777627    2571 watch.go:40] Failed to load config from \"/Users/mayamarkus-malone/Documents/Personal_CS/bcup/dataconnect\": could not find dataconnect.yaml in `/Users/mayamarkus-malone/Documents/Personal_CS/bcup/dataconnect`\n"}}
[debug] [2026-03-24T00:45:13.784Z] E0323 20:45:13.779853    2571 watch.go:40] Failed to load config from "/Users/mayamarkus-malone/Documents/Personal_CS/bcup/dataconnect": could not find dataconnect.yaml in `/Users/mayamarkus-malone/Documents/Personal_CS/bcup/dataconnect`
 {"metadata":{"emulator":{"name":"dataconnect"},"message":"E0323 20:45:13.779853    2571 watch.go:40] Failed to load config from \"/Users/mayamarkus-malone/Documents/Personal_CS/bcup/dataconnect\": could not find dataconnect.yaml in `/Users/mayamarkus-malone/Documents/Personal_CS/bcup/dataconnect`\n"}}
[debug] [2026-03-24T00:45:23.777Z] E0323 20:45:23.777701    2571 watch.go:40] Failed to load config from "/Users/mayamarkus-malone/Documents/Personal_CS/bcup/dataconnect": could not find dataconnect.yaml in `/Users/mayamarkus-malone/Documents/Personal_CS/bcup/dataconnect`
 {"metadata":{"emulator":{"name":"dataconnect"},"message":"E0323 20:45:23.777701    2571 watch.go:40] Failed to load config from \"/Users/mayamarkus-malone/Documents/Personal_CS/bcup/dataconnect\": could not find dataconnect.yaml in `/Users/mayamarkus-malone/Documents/Personal_CS/bcup/dataconnect`\n"}}
[debug] [2026-03-24T00:45:23.779Z] E0323 20:45:23.777700    2571 watch.go:116] watchAllDir unable to walk dir `/Users/mayamarkus-malone/Documents/Personal_CS/bcup/dataconnect`: lstat /Users/mayamarkus-malone/Documents/Personal_CS/bcup/dataconnect: no such file or directory
 {"metadata":{"emulator":{"name":"dataconnect"},"message":"E0323 20:45:23.777700    2571 watch.go:116] watchAllDir unable to walk dir `/Users/mayamarkus-malone/Documents/Personal_CS/bcup/dataconnect`: lstat /Users/mayamarkus-malone/Documents/Personal_CS/bcup/dataconnect: no such file or directory\n"}}
[debug] [2026-03-24T00:45:33.781Z] E0323 20:45:33.780759    2571 watch.go:40] Failed to load config from "/Users/mayamarkus-malone/Documents/Personal_CS/bcup/dataconnect": could not find dataconnect.yaml in `/Users/mayamarkus-malone/Documents/Personal_CS/bcup/dataconnect`
 {"metadata":{"emulator":{"name":"dataconnect"},"message":"E0323 20:45:33.780759    2571 watch.go:40] Failed to load config from \"/Users/mayamarkus-malone/Documents/Personal_CS/bcup/dataconnect\": could not find dataconnect.yaml in `/Users/mayamarkus-malone/Documents/Personal_CS/bcup/dataconnect`\n"}}
[debug] [2026-03-24T00:45:43.779Z] E0323 20:45:43.778945    2571 watch.go:40] Failed to load config from "/Users/mayamarkus-malone/Documents/Personal_CS/bcup/dataconnect": could not find dataconnect.yaml in `/Users/mayamarkus-malone/Documents/Personal_CS/bcup/dataconnect`
 {"metadata":{"emulator":{"name":"dataconnect"},"message":"E0323 20:45:43.778945    2571 watch.go:40] Failed to load config from \"/Users/mayamarkus-malone/Documents/Personal_CS/bcup/dataconnect\": could not find dataconnect.yaml in `/Users/mayamarkus-malone/Documents/Personal_CS/bcup/dataconnect`\n"}}
[debug] [2026-03-24T00:45:53.780Z] E0323 20:45:53.780274    2571 watch.go:40] Failed to load config from "/Users/mayamarkus-malone/Documents/Personal_CS/bcup/dataconnect": could not find dataconnect.yaml in `/Users/mayamarkus-malone/Documents/Personal_CS/bcup/dataconnect`
 {"metadata":{"emulator":{"name":"dataconnect"},"message":"E0323 20:45:53.780274    2571 watch.go:40] Failed to load config from \"/Users/mayamarkus-malone/Documents/Personal_CS/bcup/dataconnect\": could not find dataconnect.yaml in `/Users/mayamarkus-malone/Documents/Personal_CS/bcup/dataconnect`\n"}}
[debug] [2026-03-24T00:46:03.779Z] E0323 20:46:03.779210    2571 watch.go:40] Failed to load config from "/Users/mayamarkus-malone/Documents/Personal_CS/bcup/dataconnect": could not find dataconnect.yaml in `/Users/mayamarkus-malone/Documents/Personal_CS/bcup/dataconnect`
 {"metadata":{"emulator":{"name":"dataconnect"},"message":"E0323 20:46:03.779210    2571 watch.go:40] Failed to load config from \"/Users/mayamarkus-malone/Documents/Personal_CS/bcup/dataconnect\": could not find dataconnect.yaml in `/Users/mayamarkus-malone/Documents/Personal_CS/bcup/dataconnect`\n"}}
[debug] [2026-03-24T00:46:13.778Z] E0323 20:46:13.777924    2571 watch.go:40] Failed to load config from "/Users/mayamarkus-malone/Documents/Personal_CS/bcup/dataconnect": could not find dataconnect.yaml in `/Users/mayamarkus-malone/Documents/Personal_CS/bcup/dataconnect`
 {"metadata":{"emulator":{"name":"dataconnect"},"message":"E0323 20:46:13.777924    2571 watch.go:40] Failed to load config from \"/Users/mayamarkus-malone/Documents/Personal_CS/bcup/dataconnect\": could not find dataconnect.yaml in `/Users/mayamarkus-malone/Documents/Personal_CS/bcup/dataconnect`\n"}}
[debug] [2026-03-24T00:46:23.778Z] E0323 20:46:23.778577    2571 watch.go:40] Failed to load config from "/Users/mayamarkus-malone/Documents/Personal_CS/bcup/dataconnect": could not find dataconnect.yaml in `/Users/mayamarkus-malone/Documents/Personal_CS/bcup/dataconnect`
 {"metadata":{"emulator":{"name":"dataconnect"},"message":"E0323 20:46:23.778577    2571 watch.go:40] Failed to load config from \"/Users/mayamarkus-malone/Documents/Personal_CS/bcup/dataconnect\": could not find dataconnect.yaml in `/Users/mayamarkus-malone/Documents/Personal_CS/bcup/dataconnect`\n"}}
[debug] [2026-03-24T00:46:23.779Z] E0323 20:46:23.778503    2571 watch.go:116] watchAllDir unable to walk dir `/Users/mayamarkus-malone/Documents/Personal_CS/bcup/dataconnect`: lstat /Users/mayamarkus-malone/Documents/Personal_CS/bcup/dataconnect: no such file or directory
 {"metadata":{"emulator":{"name":"dataconnect"},"message":"E0323 20:46:23.778503    2571 watch.go:116] watchAllDir unable to walk dir `/Users/mayamarkus-malone/Documents/Personal_CS/bcup/dataconnect`: lstat /Users/mayamarkus-malone/Documents/Personal_CS/bcup/dataconnect: no such file or directory\n"}}
[debug] [2026-03-24T00:46:33.780Z] E0323 20:46:33.780719    2571 watch.go:40] Failed to load config from "/Users/mayamarkus-malone/Documents/Personal_CS/bcup/dataconnect": could not find dataconnect.yaml in `/Users/mayamarkus-malone/Documents/Personal_CS/bcup/dataconnect`
 {"metadata":{"emulator":{"name":"dataconnect"},"message":"E0323 20:46:33.780719    2571 watch.go:40] Failed to load config from \"/Users/mayamarkus-malone/Documents/Personal_CS/bcup/dataconnect\": could not find dataconnect.yaml in `/Users/mayamarkus-malone/Documents/Personal_CS/bcup/dataconnect`\n"}}
[debug] [2026-03-24T00:46:43.778Z] E0323 20:46:43.778048    2571 watch.go:40] Failed to load config from "/Users/mayamarkus-malone/Documents/Personal_CS/bcup/dataconnect": could not find dataconnect.yaml in `/Users/mayamarkus-malone/Documents/Personal_CS/bcup/dataconnect`
 {"metadata":{"emulator":{"name":"dataconnect"},"message":"E0323 20:46:43.778048    2571 watch.go:40] Failed to load config from \"/Users/mayamarkus-malone/Documents/Personal_CS/bcup/dataconnect\": could not find dataconnect.yaml in `/Users/mayamarkus-malone/Documents/Personal_CS/bcup/dataconnect`\n"}}
[debug] [2026-03-24T00:46:53.778Z] E0323 20:46:53.778092    2571 watch.go:40] Failed to load config from "/Users/mayamarkus-malone/Documents/Personal_CS/bcup/dataconnect": could not find dataconnect.yaml in `/Users/mayamarkus-malone/Documents/Personal_CS/bcup/dataconnect`
 {"metadata":{"emulator":{"name":"dataconnect"},"message":"E0323 20:46:53.778092    2571 watch.go:40] Failed to load config from \"/Users/mayamarkus-malone/Documents/Personal_CS/bcup/dataconnect\": could not find dataconnect.yaml in `/Users/mayamarkus-malone/Documents/Personal_CS/bcup/dataconnect`\n"}}
[debug] [2026-03-24T00:47:03.778Z] E0323 20:47:03.778467    2571 watch.go:40] Failed to load config from "/Users/mayamarkus-malone/Documents/Personal_CS/bcup/dataconnect": could not find dataconnect.yaml in `/Users/mayamarkus-malone/Documents/Personal_CS/bcup/dataconnect`
 {"metadata":{"emulator":{"name":"dataconnect"},"message":"E0323 20:47:03.778467    2571 watch.go:40] Failed to load config from \"/Users/mayamarkus-malone/Documents/Personal_CS/bcup/dataconnect\": could not find dataconnect.yaml in `/Users/mayamarkus-malone/Documents/Personal_CS/bcup/dataconnect`\n"}}
[debug] [2026-03-24T00:47:13.778Z] E0323 20:47:13.778181    2571 watch.go:40] Failed to load config from "/Users/mayamarkus-malone/Documents/Personal_CS/bcup/dataconnect": could not find dataconnect.yaml in `/Users/mayamarkus-malone/Documents/Personal_CS/bcup/dataconnect`
 {"metadata":{"emulator":{"name":"dataconnect"},"message":"E0323 20:47:13.778181    2571 watch.go:40] Failed to load config from \"/Users/mayamarkus-malone/Documents/Personal_CS/bcup/dataconnect\": could not find dataconnect.yaml in `/Users/mayamarkus-malone/Documents/Personal_CS/bcup/dataconnect`\n"}}
[debug] [2026-03-24T00:47:23.778Z] E0323 20:47:23.778276    2571 watch.go:116] watchAllDir unable to walk dir `/Users/mayamarkus-malone/Documents/Personal_CS/bcup/dataconnect`: lstat /Users/mayamarkus-malone/Documents/Personal_CS/bcup/dataconnect: no such file or directory
E0323 20:47:23.778306    2571 watch.go:40] Failed to load config from "/Users/mayamarkus-malone/Documents/Personal_CS/bcup/dataconnect": could not find dataconnect.yaml in `/Users/mayamarkus-malone/Documents/Personal_CS/bcup/dataconnect`
 {"metadata":{"emulator":{"name":"dataconnect"},"message":"E0323 20:47:23.778276    2571 watch.go:116] watchAllDir unable to walk dir `/Users/mayamarkus-malone/Documents/Personal_CS/bcup/dataconnect`: lstat /Users/mayamarkus-malone/Documents/Personal_CS/bcup/dataconnect: no such file or directory\nE0323 20:47:23.778306    2571 watch.go:40] Failed to load config from \"/Users/mayamarkus-malone/Documents/Personal_CS/bcup/dataconnect\": could not find dataconnect.yaml in `/Users/mayamarkus-malone/Documents/Personal_CS/bcup/dataconnect`\n"}}
[debug] [2026-03-24T00:47:33.780Z] E0323 20:47:33.779669    2571 watch.go:40] Failed to load config from "/Users/mayamarkus-malone/Documents/Personal_CS/bcup/dataconnect": could not find dataconnect.yaml in `/Users/mayamarkus-malone/Documents/Personal_CS/bcup/dataconnect`
 {"metadata":{"emulator":{"name":"dataconnect"},"message":"E0323 20:47:33.779669    2571 watch.go:40] Failed to load config from \"/Users/mayamarkus-malone/Documents/Personal_CS/bcup/dataconnect\": could not find dataconnect.yaml in `/Users/mayamarkus-malone/Documents/Personal_CS/bcup/dataconnect`\n"}}
[debug] [2026-03-24T00:47:43.778Z] E0323 20:47:43.778507    2571 watch.go:40] Failed to load config from "/Users/mayamarkus-malone/Documents/Personal_CS/bcup/dataconnect": could not find dataconnect.yaml in `/Users/mayamarkus-malone/Documents/Personal_CS/bcup/dataconnect`
 {"metadata":{"emulator":{"name":"dataconnect"},"message":"E0323 20:47:43.778507    2571 watch.go:40] Failed to load config from \"/Users/mayamarkus-malone/Documents/Personal_CS/bcup/dataconnect\": could not find dataconnect.yaml in `/Users/mayamarkus-malone/Documents/Personal_CS/bcup/dataconnect`\n"}}
[debug] [2026-03-24T00:47:53.778Z] E0323 20:47:53.778503    2571 watch.go:40] Failed to load config from "/Users/mayamarkus-malone/Documents/Personal_CS/bcup/dataconnect": could not find dataconnect.yaml in `/Users/mayamarkus-malone/Documents/Personal_CS/bcup/dataconnect`
 {"metadata":{"emulator":{"name":"dataconnect"},"message":"E0323 20:47:53.778503    2571 watch.go:40] Failed to load config from \"/Users/mayamarkus-malone/Documents/Personal_CS/bcup/dataconnect\": could not find dataconnect.yaml in `/Users/mayamarkus-malone/Documents/Personal_CS/bcup/dataconnect`\n"}}
[debug] [2026-03-24T00:48:03.779Z] E0323 20:48:03.779660    2571 watch.go:40] Failed to load config from "/Users/mayamarkus-malone/Documents/Personal_CS/bcup/dataconnect": could not find dataconnect.yaml in `/Users/mayamarkus-malone/Documents/Personal_CS/bcup/dataconnect`
 {"metadata":{"emulator":{"name":"dataconnect"},"message":"E0323 20:48:03.779660    2571 watch.go:40] Failed to load config from \"/Users/mayamarkus-malone/Documents/Personal_CS/bcup/dataconnect\": could not find dataconnect.yaml in `/Users/mayamarkus-malone/Documents/Personal_CS/bcup/dataconnect`\n"}}
[debug] [2026-03-24T00:48:13.778Z] E0323 20:48:13.778699    2571 watch.go:40] Failed to load config from "/Users/mayamarkus-malone/Documents/Personal_CS/bcup/dataconnect": could not find dataconnect.yaml in `/Users/mayamarkus-malone/Documents/Personal_CS/bcup/dataconnect`
 {"metadata":{"emulator":{"name":"dataconnect"},"message":"E0323 20:48:13.778699    2571 watch.go:40] Failed to load config from \"/Users/mayamarkus-malone/Documents/Personal_CS/bcup/dataconnect\": could not find dataconnect.yaml in `/Users/mayamarkus-malone/Documents/Personal_CS/bcup/dataconnect`\n"}}
[debug] [2026-03-24T00:48:23.779Z] E0323 20:48:23.778969    2571 watch.go:40] Failed to load config from "/Users/mayamarkus-malone/Documents/Personal_CS/bcup/dataconnect": could not find dataconnect.yaml in `/Users/mayamarkus-malone/Documents/Personal_CS/bcup/dataconnect`
 {"metadata":{"emulator":{"name":"dataconnect"},"message":"E0323 20:48:23.778969    2571 watch.go:40] Failed to load config from \"/Users/mayamarkus-malone/Documents/Personal_CS/bcup/dataconnect\": could not find dataconnect.yaml in `/Users/mayamarkus-malone/Documents/Personal_CS/bcup/dataconnect`\n"}}
[debug] [2026-03-24T00:48:23.781Z] E0323 20:48:23.778925    2571 watch.go:116] watchAllDir unable to walk dir `/Users/mayamarkus-malone/Documents/Personal_CS/bcup/dataconnect`: lstat /Users/mayamarkus-malone/Documents/Personal_CS/bcup/dataconnect: no such file or directory
 {"metadata":{"emulator":{"name":"dataconnect"},"message":"E0323 20:48:23.778925    2571 watch.go:116] watchAllDir unable to walk dir `/Users/mayamarkus-malone/Documents/Personal_CS/bcup/dataconnect`: lstat /Users/mayamarkus-malone/Documents/Personal_CS/bcup/dataconnect: no such file or directory\n"}}
[debug] [2026-03-24T00:48:33.778Z] E0323 20:48:33.778517    2571 watch.go:40] Failed to load config from "/Users/mayamarkus-malone/Documents/Personal_CS/bcup/dataconnect": could not find dataconnect.yaml in `/Users/mayamarkus-malone/Documents/Personal_CS/bcup/dataconnect`
 {"metadata":{"emulator":{"name":"dataconnect"},"message":"E0323 20:48:33.778517    2571 watch.go:40] Failed to load config from \"/Users/mayamarkus-malone/Documents/Personal_CS/bcup/dataconnect\": could not find dataconnect.yaml in `/Users/mayamarkus-malone/Documents/Personal_CS/bcup/dataconnect`\n"}}
[debug] [2026-03-24T00:48:43.779Z] E0323 20:48:43.778816    2571 watch.go:40] Failed to load config from "/Users/mayamarkus-malone/Documents/Personal_CS/bcup/dataconnect": could not find dataconnect.yaml in `/Users/mayamarkus-malone/Documents/Personal_CS/bcup/dataconnect`
 {"metadata":{"emulator":{"name":"dataconnect"},"message":"E0323 20:48:43.778816    2571 watch.go:40] Failed to load config from \"/Users/mayamarkus-malone/Documents/Personal_CS/bcup/dataconnect\": could not find dataconnect.yaml in `/Users/mayamarkus-malone/Documents/Personal_CS/bcup/dataconnect`\n"}}
[debug] [2026-03-24T00:48:53.779Z] E0323 20:48:53.778911    2571 watch.go:40] Failed to load config from "/Users/mayamarkus-malone/Documents/Personal_CS/bcup/dataconnect": could not find dataconnect.yaml in `/Users/mayamarkus-malone/Documents/Personal_CS/bcup/dataconnect`
 {"metadata":{"emulator":{"name":"dataconnect"},"message":"E0323 20:48:53.778911    2571 watch.go:40] Failed to load config from \"/Users/mayamarkus-malone/Documents/Personal_CS/bcup/dataconnect\": could not find dataconnect.yaml in `/Users/mayamarkus-malone/Documents/Personal_CS/bcup/dataconnect`\n"}}
[debug] [2026-03-24T00:49:03.779Z] E0323 20:49:03.779055    2571 watch.go:40] Failed to load config from "/Users/mayamarkus-malone/Documents/Personal_CS/bcup/dataconnect": could not find dataconnect.yaml in `/Users/mayamarkus-malone/Documents/Personal_CS/bcup/dataconnect`
 {"metadata":{"emulator":{"name":"dataconnect"},"message":"E0323 20:49:03.779055    2571 watch.go:40] Failed to load config from \"/Users/mayamarkus-malone/Documents/Personal_CS/bcup/dataconnect\": could not find dataconnect.yaml in `/Users/mayamarkus-malone/Documents/Personal_CS/bcup/dataconnect`\n"}}
[debug] [2026-03-24T00:49:13.779Z] E0323 20:49:13.779185    2571 watch.go:40] Failed to load config from "/Users/mayamarkus-malone/Documents/Personal_CS/bcup/dataconnect": could not find dataconnect.yaml in `/Users/mayamarkus-malone/Documents/Personal_CS/bcup/dataconnect`
 {"metadata":{"emulator":{"name":"dataconnect"},"message":"E0323 20:49:13.779185    2571 watch.go:40] Failed to load config from \"/Users/mayamarkus-malone/Documents/Personal_CS/bcup/dataconnect\": could not find dataconnect.yaml in `/Users/mayamarkus-malone/Documents/Personal_CS/bcup/dataconnect`\n"}}
[debug] [2026-03-24T00:49:23.776Z] E0323 20:49:23.776374    2571 watch.go:116] watchAllDir unable to walk dir `/Users/mayamarkus-malone/Documents/Personal_CS/bcup/dataconnect`: lstat /Users/mayamarkus-malone/Documents/Personal_CS/bcup/dataconnect: no such file or directory
E0323 20:49:23.776369    2571 watch.go:40] Failed to load config from "/Users/mayamarkus-malone/Documents/Personal_CS/bcup/dataconnect": could not find dataconnect.yaml in `/Users/mayamarkus-malone/Documents/Personal_CS/bcup/dataconnect`
 {"metadata":{"emulator":{"name":"dataconnect"},"message":"E0323 20:49:23.776374    2571 watch.go:116] watchAllDir unable to walk dir `/Users/mayamarkus-malone/Documents/Personal_CS/bcup/dataconnect`: lstat /Users/mayamarkus-malone/Documents/Personal_CS/bcup/dataconnect: no such file or directory\nE0323 20:49:23.776369    2571 watch.go:40] Failed to load config from \"/Users/mayamarkus-malone/Documents/Personal_CS/bcup/dataconnect\": could not find dataconnect.yaml in `/Users/mayamarkus-malone/Documents/Personal_CS/bcup/dataconnect`\n"}}
[debug] [2026-03-24T00:49:33.773Z] E0323 20:49:33.773033    2571 watch.go:40] Failed to load config from "/Users/mayamarkus-malone/Documents/Personal_CS/bcup/dataconnect": could not find dataconnect.yaml in `/Users/mayamarkus-malone/Documents/Personal_CS/bcup/dataconnect`
 {"metadata":{"emulator":{"name":"dataconnect"},"message":"E0323 20:49:33.773033    2571 watch.go:40] Failed to load config from \"/Users/mayamarkus-malone/Documents/Personal_CS/bcup/dataconnect\": could not find dataconnect.yaml in `/Users/mayamarkus-malone/Documents/Personal_CS/bcup/dataconnect`\n"}}
[debug] [2026-03-24T00:49:43.774Z] E0323 20:49:43.774575    2571 watch.go:40] Failed to load config from "/Users/mayamarkus-malone/Documents/Personal_CS/bcup/dataconnect": could not find dataconnect.yaml in `/Users/mayamarkus-malone/Documents/Personal_CS/bcup/dataconnect`
 {"metadata":{"emulator":{"name":"dataconnect"},"message":"E0323 20:49:43.774575    2571 watch.go:40] Failed to load config from \"/Users/mayamarkus-malone/Documents/Personal_CS/bcup/dataconnect\": could not find dataconnect.yaml in `/Users/mayamarkus-malone/Documents/Personal_CS/bcup/dataconnect`\n"}}
[debug] [2026-03-24T00:49:53.771Z] E0323 20:49:53.771618    2571 watch.go:40] Failed to load config from "/Users/mayamarkus-malone/Documents/Personal_CS/bcup/dataconnect": could not find dataconnect.yaml in `/Users/mayamarkus-malone/Documents/Personal_CS/bcup/dataconnect`
 {"metadata":{"emulator":{"name":"dataconnect"},"message":"E0323 20:49:53.771618    2571 watch.go:40] Failed to load config from \"/Users/mayamarkus-malone/Documents/Personal_CS/bcup/dataconnect\": could not find dataconnect.yaml in `/Users/mayamarkus-malone/Documents/Personal_CS/bcup/dataconnect`\n"}}
[debug] [2026-03-24T00:50:03.771Z] E0323 20:50:03.771409    2571 watch.go:40] Failed to load config from "/Users/mayamarkus-malone/Documents/Personal_CS/bcup/dataconnect": could not find dataconnect.yaml in `/Users/mayamarkus-malone/Documents/Personal_CS/bcup/dataconnect`
 {"metadata":{"emulator":{"name":"dataconnect"},"message":"E0323 20:50:03.771409    2571 watch.go:40] Failed to load config from \"/Users/mayamarkus-malone/Documents/Personal_CS/bcup/dataconnect\": could not find dataconnect.yaml in `/Users/mayamarkus-malone/Documents/Personal_CS/bcup/dataconnect`\n"}}
[debug] [2026-03-24T00:50:13.771Z] E0323 20:50:13.771410    2571 watch.go:40] Failed to load config from "/Users/mayamarkus-malone/Documents/Personal_CS/bcup/dataconnect": could not find dataconnect.yaml in `/Users/mayamarkus-malone/Documents/Personal_CS/bcup/dataconnect`
 {"metadata":{"emulator":{"name":"dataconnect"},"message":"E0323 20:50:13.771410    2571 watch.go:40] Failed to load config from \"/Users/mayamarkus-malone/Documents/Personal_CS/bcup/dataconnect\": could not find dataconnect.yaml in `/Users/mayamarkus-malone/Documents/Personal_CS/bcup/dataconnect`\n"}}
[debug] [2026-03-24T00:50:23.771Z] E0323 20:50:23.771033    2571 watch.go:116] watchAllDir unable to walk dir `/Users/mayamarkus-malone/Documents/Personal_CS/bcup/dataconnect`: lstat /Users/mayamarkus-malone/Documents/Personal_CS/bcup/dataconnect: no such file or directory
E0323 20:50:23.771140    2571 watch.go:40] Failed to load config from "/Users/mayamarkus-malone/Documents/Personal_CS/bcup/dataconnect": could not find dataconnect.yaml in `/Users/mayamarkus-malone/Documents/Personal_CS/bcup/dataconnect`
 {"metadata":{"emulator":{"name":"dataconnect"},"message":"E0323 20:50:23.771033    2571 watch.go:116] watchAllDir unable to walk dir `/Users/mayamarkus-malone/Documents/Personal_CS/bcup/dataconnect`: lstat /Users/mayamarkus-malone/Documents/Personal_CS/bcup/dataconnect: no such file or directory\nE0323 20:50:23.771140    2571 watch.go:40] Failed to load config from \"/Users/mayamarkus-malone/Documents/Personal_CS/bcup/dataconnect\": could not find dataconnect.yaml in `/Users/mayamarkus-malone/Documents/Personal_CS/bcup/dataconnect`\n"}}
[debug] [2026-03-24T00:50:33.771Z] E0323 20:50:33.771305    2571 watch.go:40] Failed to load config from "/Users/mayamarkus-malone/Documents/Personal_CS/bcup/dataconnect": could not find dataconnect.yaml in `/Users/mayamarkus-malone/Documents/Personal_CS/bcup/dataconnect`
 {"metadata":{"emulator":{"name":"dataconnect"},"message":"E0323 20:50:33.771305    2571 watch.go:40] Failed to load config from \"/Users/mayamarkus-malone/Documents/Personal_CS/bcup/dataconnect\": could not find dataconnect.yaml in `/Users/mayamarkus-malone/Documents/Personal_CS/bcup/dataconnect`\n"}}
[debug] [2026-03-24T00:50:43.770Z] E0323 20:50:43.770708    2571 watch.go:40] Failed to load config from "/Users/mayamarkus-malone/Documents/Personal_CS/bcup/dataconnect": could not find dataconnect.yaml in `/Users/mayamarkus-malone/Documents/Personal_CS/bcup/dataconnect`
 {"metadata":{"emulator":{"name":"dataconnect"},"message":"E0323 20:50:43.770708    2571 watch.go:40] Failed to load config from \"/Users/mayamarkus-malone/Documents/Personal_CS/bcup/dataconnect\": could not find dataconnect.yaml in `/Users/mayamarkus-malone/Documents/Personal_CS/bcup/dataconnect`\n"}}
[debug] [2026-03-24T00:50:53.770Z] E0323 20:50:53.770726    2571 watch.go:40] Failed to load config from "/Users/mayamarkus-malone/Documents/Personal_CS/bcup/dataconnect": could not find dataconnect.yaml in `/Users/mayamarkus-malone/Documents/Personal_CS/bcup/dataconnect`
 {"metadata":{"emulator":{"name":"dataconnect"},"message":"E0323 20:50:53.770726    2571 watch.go:40] Failed to load config from \"/Users/mayamarkus-malone/Documents/Personal_CS/bcup/dataconnect\": could not find dataconnect.yaml in `/Users/mayamarkus-malone/Documents/Personal_CS/bcup/dataconnect`\n"}}
[debug] [2026-03-24T00:51:03.771Z] E0323 20:51:03.770765    2571 watch.go:40] Failed to load config from "/Users/mayamarkus-malone/Documents/Personal_CS/bcup/dataconnect": could not find dataconnect.yaml in `/Users/mayamarkus-malone/Documents/Personal_CS/bcup/dataconnect`
 {"metadata":{"emulator":{"name":"dataconnect"},"message":"E0323 20:51:03.770765    2571 watch.go:40] Failed to load config from \"/Users/mayamarkus-malone/Documents/Personal_CS/bcup/dataconnect\": could not find dataconnect.yaml in `/Users/mayamarkus-malone/Documents/Personal_CS/bcup/dataconnect`\n"}}
[debug] [2026-03-24T00:51:13.770Z] E0323 20:51:13.770796    2571 watch.go:40] Failed to load config from "/Users/mayamarkus-malone/Documents/Personal_CS/bcup/dataconnect": could not find dataconnect.yaml in `/Users/mayamarkus-malone/Documents/Personal_CS/bcup/dataconnect`
 {"metadata":{"emulator":{"name":"dataconnect"},"message":"E0323 20:51:13.770796    2571 watch.go:40] Failed to load config from \"/Users/mayamarkus-malone/Documents/Personal_CS/bcup/dataconnect\": could not find dataconnect.yaml in `/Users/mayamarkus-malone/Documents/Personal_CS/bcup/dataconnect`\n"}}
[debug] [2026-03-24T00:51:23.771Z] E0323 20:51:23.771226    2571 watch.go:116] watchAllDir unable to walk dir `/Users/mayamarkus-malone/Documents/Personal_CS/bcup/dataconnect`: lstat /Users/mayamarkus-malone/Documents/Personal_CS/bcup/dataconnect: no such file or directory
E0323 20:51:23.771336    2571 watch.go:40] Failed to load config from "/Users/mayamarkus-malone/Documents/Personal_CS/bcup/dataconnect": could not find dataconnect.yaml in `/Users/mayamarkus-malone/Documents/Personal_CS/bcup/dataconnect`
 {"metadata":{"emulator":{"name":"dataconnect"},"message":"E0323 20:51:23.771226    2571 watch.go:116] watchAllDir unable to walk dir `/Users/mayamarkus-malone/Documents/Personal_CS/bcup/dataconnect`: lstat /Users/mayamarkus-malone/Documents/Personal_CS/bcup/dataconnect: no such file or directory\nE0323 20:51:23.771336    2571 watch.go:40] Failed to load config from \"/Users/mayamarkus-malone/Documents/Personal_CS/bcup/dataconnect\": could not find dataconnect.yaml in `/Users/mayamarkus-malone/Documents/Personal_CS/bcup/dataconnect`\n"}}
[debug] [2026-03-24T00:51:33.771Z] E0323 20:51:33.771246    2571 watch.go:40] Failed to load config from "/Users/mayamarkus-malone/Documents/Personal_CS/bcup/dataconnect": could not find dataconnect.yaml in `/Users/mayamarkus-malone/Documents/Personal_CS/bcup/dataconnect`
 {"metadata":{"emulator":{"name":"dataconnect"},"message":"E0323 20:51:33.771246    2571 watch.go:40] Failed to load config from \"/Users/mayamarkus-malone/Documents/Personal_CS/bcup/dataconnect\": could not find dataconnect.yaml in `/Users/mayamarkus-malone/Documents/Personal_CS/bcup/dataconnect`\n"}}
[debug] [2026-03-24T00:51:43.771Z] E0323 20:51:43.771310    2571 watch.go:40] Failed to load config from "/Users/mayamarkus-malone/Documents/Personal_CS/bcup/dataconnect": could not find dataconnect.yaml in `/Users/mayamarkus-malone/Documents/Personal_CS/bcup/dataconnect`
 {"metadata":{"emulator":{"name":"dataconnect"},"message":"E0323 20:51:43.771310    2571 watch.go:40] Failed to load config from \"/Users/mayamarkus-malone/Documents/Personal_CS/bcup/dataconnect\": could not find dataconnect.yaml in `/Users/mayamarkus-malone/Documents/Personal_CS/bcup/dataconnect`\n"}}
[debug] [2026-03-24T00:51:53.771Z] E0323 20:51:53.771411    2571 watch.go:40] Failed to load config from "/Users/mayamarkus-malone/Documents/Personal_CS/bcup/dataconnect": could not find dataconnect.yaml in `/Users/mayamarkus-malone/Documents/Personal_CS/bcup/dataconnect`
 {"metadata":{"emulator":{"name":"dataconnect"},"message":"E0323 20:51:53.771411    2571 watch.go:40] Failed to load config from \"/Users/mayamarkus-malone/Documents/Personal_CS/bcup/dataconnect\": could not find dataconnect.yaml in `/Users/mayamarkus-malone/Documents/Personal_CS/bcup/dataconnect`\n"}}
[debug] [2026-03-24T00:52:03.772Z] E0323 20:52:03.772145    2571 watch.go:40] Failed to load config from "/Users/mayamarkus-malone/Documents/Personal_CS/bcup/dataconnect": could not find dataconnect.yaml in `/Users/mayamarkus-malone/Documents/Personal_CS/bcup/dataconnect`
 {"metadata":{"emulator":{"name":"dataconnect"},"message":"E0323 20:52:03.772145    2571 watch.go:40] Failed to load config from \"/Users/mayamarkus-malone/Documents/Personal_CS/bcup/dataconnect\": could not find dataconnect.yaml in `/Users/mayamarkus-malone/Documents/Personal_CS/bcup/dataconnect`\n"}}
[debug] [2026-03-24T00:52:13.772Z] E0323 20:52:13.771869    2571 watch.go:40] Failed to load config from "/Users/mayamarkus-malone/Documents/Personal_CS/bcup/dataconnect": could not find dataconnect.yaml in `/Users/mayamarkus-malone/Documents/Personal_CS/bcup/dataconnect`
 {"metadata":{"emulator":{"name":"dataconnect"},"message":"E0323 20:52:13.771869    2571 watch.go:40] Failed to load config from \"/Users/mayamarkus-malone/Documents/Personal_CS/bcup/dataconnect\": could not find dataconnect.yaml in `/Users/mayamarkus-malone/Documents/Personal_CS/bcup/dataconnect`\n"}}
[debug] [2026-03-24T00:52:23.771Z] E0323 20:52:23.771586    2571 watch.go:40] Failed to load config from "/Users/mayamarkus-malone/Documents/Personal_CS/bcup/dataconnect": could not find dataconnect.yaml in `/Users/mayamarkus-malone/Documents/Personal_CS/bcup/dataconnect`
E0323 20:52:23.771556    2571 watch.go:116] watchAllDir unable to walk dir `/Users/mayamarkus-malone/Documents/Personal_CS/bcup/dataconnect`: lstat /Users/mayamarkus-malone/Documents/Personal_CS/bcup/dataconnect: no such file or directory
 {"metadata":{"emulator":{"name":"dataconnect"},"message":"E0323 20:52:23.771586    2571 watch.go:40] Failed to load config from \"/Users/mayamarkus-malone/Documents/Personal_CS/bcup/dataconnect\": could not find dataconnect.yaml in `/Users/mayamarkus-malone/Documents/Personal_CS/bcup/dataconnect`\nE0323 20:52:23.771556    2571 watch.go:116] watchAllDir unable to walk dir `/Users/mayamarkus-malone/Documents/Personal_CS/bcup/dataconnect`: lstat /Users/mayamarkus-malone/Documents/Personal_CS/bcup/dataconnect: no such file or directory\n"}}
[debug] [2026-03-24T00:52:33.773Z] E0323 20:52:33.771913    2571 watch.go:40] Failed to load config from "/Users/mayamarkus-malone/Documents/Personal_CS/bcup/dataconnect": could not find dataconnect.yaml in `/Users/mayamarkus-malone/Documents/Personal_CS/bcup/dataconnect`
 {"metadata":{"emulator":{"name":"dataconnect"},"message":"E0323 20:52:33.771913    2571 watch.go:40] Failed to load config from \"/Users/mayamarkus-malone/Documents/Personal_CS/bcup/dataconnect\": could not find dataconnect.yaml in `/Users/mayamarkus-malone/Documents/Personal_CS/bcup/dataconnect`\n"}}
[debug] [2026-03-24T00:52:43.773Z] E0323 20:52:43.772958    2571 watch.go:40] Failed to load config from "/Users/mayamarkus-malone/Documents/Personal_CS/bcup/dataconnect": could not find dataconnect.yaml in `/Users/mayamarkus-malone/Documents/Personal_CS/bcup/dataconnect`
 {"metadata":{"emulator":{"name":"dataconnect"},"message":"E0323 20:52:43.772958    2571 watch.go:40] Failed to load config from \"/Users/mayamarkus-malone/Documents/Personal_CS/bcup/dataconnect\": could not find dataconnect.yaml in `/Users/mayamarkus-malone/Documents/Personal_CS/bcup/dataconnect`\n"}}
[debug] [2026-03-24T00:52:53.771Z] E0323 20:52:53.771515    2571 watch.go:40] Failed to load config from "/Users/mayamarkus-malone/Documents/Personal_CS/bcup/dataconnect": could not find dataconnect.yaml in `/Users/mayamarkus-malone/Documents/Personal_CS/bcup/dataconnect`
 {"metadata":{"emulator":{"name":"dataconnect"},"message":"E0323 20:52:53.771515    2571 watch.go:40] Failed to load config from \"/Users/mayamarkus-malone/Documents/Personal_CS/bcup/dataconnect\": could not find dataconnect.yaml in `/Users/mayamarkus-malone/Documents/Personal_CS/bcup/dataconnect`\n"}}
[debug] [2026-03-24T00:53:03.772Z] E0323 20:53:03.771847    2571 watch.go:40] Failed to load config from "/Users/mayamarkus-malone/Documents/Personal_CS/bcup/dataconnect": could not find dataconnect.yaml in `/Users/mayamarkus-malone/Documents/Personal_CS/bcup/dataconnect`
 {"metadata":{"emulator":{"name":"dataconnect"},"message":"E0323 20:53:03.771847    2571 watch.go:40] Failed to load config from \"/Users/mayamarkus-malone/Documents/Personal_CS/bcup/dataconnect\": could not find dataconnect.yaml in `/Users/mayamarkus-malone/Documents/Personal_CS/bcup/dataconnect`\n"}}
[debug] [2026-03-24T00:53:13.772Z] E0323 20:53:13.772518    2571 watch.go:40] Failed to load config from "/Users/mayamarkus-malone/Documents/Personal_CS/bcup/dataconnect": could not find dataconnect.yaml in `/Users/mayamarkus-malone/Documents/Personal_CS/bcup/dataconnect`
 {"metadata":{"emulator":{"name":"dataconnect"},"message":"E0323 20:53:13.772518    2571 watch.go:40] Failed to load config from \"/Users/mayamarkus-malone/Documents/Personal_CS/bcup/dataconnect\": could not find dataconnect.yaml in `/Users/mayamarkus-malone/Documents/Personal_CS/bcup/dataconnect`\n"}}
[debug] [2026-03-24T00:53:23.772Z] E0323 20:53:23.771756    2571 watch.go:40] Failed to load config from "/Users/mayamarkus-malone/Documents/Personal_CS/bcup/dataconnect": could not find dataconnect.yaml in `/Users/mayamarkus-malone/Documents/Personal_CS/bcup/dataconnect`
 {"metadata":{"emulator":{"name":"dataconnect"},"message":"E0323 20:53:23.771756    2571 watch.go:40] Failed to load config from \"/Users/mayamarkus-malone/Documents/Personal_CS/bcup/dataconnect\": could not find dataconnect.yaml in `/Users/mayamarkus-malone/Documents/Personal_CS/bcup/dataconnect`\n"}}
[debug] [2026-03-24T00:53:23.775Z] E0323 20:53:23.771534    2571 watch.go:116] watchAllDir unable to walk dir `/Users/mayamarkus-malone/Documents/Personal_CS/bcup/dataconnect`: lstat /Users/mayamarkus-malone/Documents/Personal_CS/bcup/dataconnect: no such file or directory
 {"metadata":{"emulator":{"name":"dataconnect"},"message":"E0323 20:53:23.771534    2571 watch.go:116] watchAllDir unable to walk dir `/Users/mayamarkus-malone/Documents/Personal_CS/bcup/dataconnect`: lstat /Users/mayamarkus-malone/Documents/Personal_CS/bcup/dataconnect: no such file or directory\n"}}
[debug] [2026-03-24T00:53:33.771Z] E0323 20:53:33.771669    2571 watch.go:40] Failed to load config from "/Users/mayamarkus-malone/Documents/Personal_CS/bcup/dataconnect": could not find dataconnect.yaml in `/Users/mayamarkus-malone/Documents/Personal_CS/bcup/dataconnect`
 {"metadata":{"emulator":{"name":"dataconnect"},"message":"E0323 20:53:33.771669    2571 watch.go:40] Failed to load config from \"/Users/mayamarkus-malone/Documents/Personal_CS/bcup/dataconnect\": could not find dataconnect.yaml in `/Users/mayamarkus-malone/Documents/Personal_CS/bcup/dataconnect`\n"}}
[debug] [2026-03-24T00:53:43.773Z] E0323 20:53:43.773027    2571 watch.go:40] Failed to load config from "/Users/mayamarkus-malone/Documents/Personal_CS/bcup/dataconnect": could not find dataconnect.yaml in `/Users/mayamarkus-malone/Documents/Personal_CS/bcup/dataconnect`
 {"metadata":{"emulator":{"name":"dataconnect"},"message":"E0323 20:53:43.773027    2571 watch.go:40] Failed to load config from \"/Users/mayamarkus-malone/Documents/Personal_CS/bcup/dataconnect\": could not find dataconnect.yaml in `/Users/mayamarkus-malone/Documents/Personal_CS/bcup/dataconnect`\n"}}
[debug] [2026-03-24T00:53:53.773Z] E0323 20:53:53.771773    2571 watch.go:40] Failed to load config from "/Users/mayamarkus-malone/Documents/Personal_CS/bcup/dataconnect": could not find dataconnect.yaml in `/Users/mayamarkus-malone/Documents/Personal_CS/bcup/dataconnect`
 {"metadata":{"emulator":{"name":"dataconnect"},"message":"E0323 20:53:53.771773    2571 watch.go:40] Failed to load config from \"/Users/mayamarkus-malone/Documents/Personal_CS/bcup/dataconnect\": could not find dataconnect.yaml in `/Users/mayamarkus-malone/Documents/Personal_CS/bcup/dataconnect`\n"}}
[debug] [2026-03-24T00:54:03.772Z] E0323 20:54:03.771276    2571 watch.go:40] Failed to load config from "/Users/mayamarkus-malone/Documents/Personal_CS/bcup/dataconnect": could not find dataconnect.yaml in `/Users/mayamarkus-malone/Documents/Personal_CS/bcup/dataconnect`
 {"metadata":{"emulator":{"name":"dataconnect"},"message":"E0323 20:54:03.771276    2571 watch.go:40] Failed to load config from \"/Users/mayamarkus-malone/Documents/Personal_CS/bcup/dataconnect\": could not find dataconnect.yaml in `/Users/mayamarkus-malone/Documents/Personal_CS/bcup/dataconnect`\n"}}
[debug] [2026-03-24T00:54:13.774Z] E0323 20:54:13.773122    2571 watch.go:40] Failed to load config from "/Users/mayamarkus-malone/Documents/Personal_CS/bcup/dataconnect": could not find dataconnect.yaml in `/Users/mayamarkus-malone/Documents/Personal_CS/bcup/dataconnect`
 {"metadata":{"emulator":{"name":"dataconnect"},"message":"E0323 20:54:13.773122    2571 watch.go:40] Failed to load config from \"/Users/mayamarkus-malone/Documents/Personal_CS/bcup/dataconnect\": could not find dataconnect.yaml in `/Users/mayamarkus-malone/Documents/Personal_CS/bcup/dataconnect`\n"}}
[debug] [2026-03-24T00:54:23.772Z] E0323 20:54:23.771950    2571 watch.go:116] watchAllDir unable to walk dir `/Users/mayamarkus-malone/Documents/Personal_CS/bcup/dataconnect`: lstat /Users/mayamarkus-malone/Documents/Personal_CS/bcup/dataconnect: no such file or directory
 {"metadata":{"emulator":{"name":"dataconnect"},"message":"E0323 20:54:23.771950    2571 watch.go:116] watchAllDir unable to walk dir `/Users/mayamarkus-malone/Documents/Personal_CS/bcup/dataconnect`: lstat /Users/mayamarkus-malone/Documents/Personal_CS/bcup/dataconnect: no such file or directory\n"}}
[debug] [2026-03-24T00:54:23.774Z] E0323 20:54:23.773128    2571 watch.go:40] Failed to load config from "/Users/mayamarkus-malone/Documents/Personal_CS/bcup/dataconnect": could not find dataconnect.yaml in `/Users/mayamarkus-malone/Documents/Personal_CS/bcup/dataconnect`
 {"metadata":{"emulator":{"name":"dataconnect"},"message":"E0323 20:54:23.773128    2571 watch.go:40] Failed to load config from \"/Users/mayamarkus-malone/Documents/Personal_CS/bcup/dataconnect\": could not find dataconnect.yaml in `/Users/mayamarkus-malone/Documents/Personal_CS/bcup/dataconnect`\n"}}
[debug] [2026-03-24T00:54:33.773Z] E0323 20:54:33.772400    2571 watch.go:40] Failed to load config from "/Users/mayamarkus-malone/Documents/Personal_CS/bcup/dataconnect": could not find dataconnect.yaml in `/Users/mayamarkus-malone/Documents/Personal_CS/bcup/dataconnect`
 {"metadata":{"emulator":{"name":"dataconnect"},"message":"E0323 20:54:33.772400    2571 watch.go:40] Failed to load config from \"/Users/mayamarkus-malone/Documents/Personal_CS/bcup/dataconnect\": could not find dataconnect.yaml in `/Users/mayamarkus-malone/Documents/Personal_CS/bcup/dataconnect`\n"}}
[debug] [2026-03-24T00:54:43.775Z] E0323 20:54:43.774593    2571 watch.go:40] Failed to load config from "/Users/mayamarkus-malone/Documents/Personal_CS/bcup/dataconnect": could not find dataconnect.yaml in `/Users/mayamarkus-malone/Documents/Personal_CS/bcup/dataconnect`
 {"metadata":{"emulator":{"name":"dataconnect"},"message":"E0323 20:54:43.774593    2571 watch.go:40] Failed to load config from \"/Users/mayamarkus-malone/Documents/Personal_CS/bcup/dataconnect\": could not find dataconnect.yaml in `/Users/mayamarkus-malone/Documents/Personal_CS/bcup/dataconnect`\n"}}
[debug] [2026-03-24T00:54:53.777Z] E0323 20:54:53.772790    2571 watch.go:40] Failed to load config from "/Users/mayamarkus-malone/Documents/Personal_CS/bcup/dataconnect": could not find dataconnect.yaml in `/Users/mayamarkus-malone/Documents/Personal_CS/bcup/dataconnect`
 {"metadata":{"emulator":{"name":"dataconnect"},"message":"E0323 20:54:53.772790    2571 watch.go:40] Failed to load config from \"/Users/mayamarkus-malone/Documents/Personal_CS/bcup/dataconnect\": could not find dataconnect.yaml in `/Users/mayamarkus-malone/Documents/Personal_CS/bcup/dataconnect`\n"}}
[debug] [2026-03-24T00:55:03.777Z] E0323 20:55:03.774345    2571 watch.go:40] Failed to load config from "/Users/mayamarkus-malone/Documents/Personal_CS/bcup/dataconnect": could not find dataconnect.yaml in `/Users/mayamarkus-malone/Documents/Personal_CS/bcup/dataconnect`
 {"metadata":{"emulator":{"name":"dataconnect"},"message":"E0323 20:55:03.774345    2571 watch.go:40] Failed to load config from \"/Users/mayamarkus-malone/Documents/Personal_CS/bcup/dataconnect\": could not find dataconnect.yaml in `/Users/mayamarkus-malone/Documents/Personal_CS/bcup/dataconnect`\n"}}
[debug] [2026-03-24T00:55:13.777Z] E0323 20:55:13.774120    2571 watch.go:40] Failed to load config from "/Users/mayamarkus-malone/Documents/Personal_CS/bcup/dataconnect": could not find dataconnect.yaml in `/Users/mayamarkus-malone/Documents/Personal_CS/bcup/dataconnect`
 {"metadata":{"emulator":{"name":"dataconnect"},"message":"E0323 20:55:13.774120    2571 watch.go:40] Failed to load config from \"/Users/mayamarkus-malone/Documents/Personal_CS/bcup/dataconnect\": could not find dataconnect.yaml in `/Users/mayamarkus-malone/Documents/Personal_CS/bcup/dataconnect`\n"}}
[debug] [2026-03-24T00:55:23.773Z] E0323 20:55:23.771998    2571 watch.go:40] Failed to load config from "/Users/mayamarkus-malone/Documents/Personal_CS/bcup/dataconnect": could not find dataconnect.yaml in `/Users/mayamarkus-malone/Documents/Personal_CS/bcup/dataconnect`
E0323 20:55:23.771868    2571 watch.go:116] watchAllDir unable to walk dir `/Users/mayamarkus-malone/Documents/Personal_CS/bcup/dataconnect`: lstat /Users/mayamarkus-malone/Documents/Personal_CS/bcup/dataconnect: no such file or directory
 {"metadata":{"emulator":{"name":"dataconnect"},"message":"E0323 20:55:23.771998    2571 watch.go:40] Failed to load config from \"/Users/mayamarkus-malone/Documents/Personal_CS/bcup/dataconnect\": could not find dataconnect.yaml in `/Users/mayamarkus-malone/Documents/Personal_CS/bcup/dataconnect`\nE0323 20:55:23.771868    2571 watch.go:116] watchAllDir unable to walk dir `/Users/mayamarkus-malone/Documents/Personal_CS/bcup/dataconnect`: lstat /Users/mayamarkus-malone/Documents/Personal_CS/bcup/dataconnect: no such file or directory\n"}}
[debug] [2026-03-24T00:55:33.773Z] E0323 20:55:33.773021    2571 watch.go:40] Failed to load config from "/Users/mayamarkus-malone/Documents/Personal_CS/bcup/dataconnect": could not find dataconnect.yaml in `/Users/mayamarkus-malone/Documents/Personal_CS/bcup/dataconnect`
 {"metadata":{"emulator":{"name":"dataconnect"},"message":"E0323 20:55:33.773021    2571 watch.go:40] Failed to load config from \"/Users/mayamarkus-malone/Documents/Personal_CS/bcup/dataconnect\": could not find dataconnect.yaml in `/Users/mayamarkus-malone/Documents/Personal_CS/bcup/dataconnect`\n"}}
[debug] [2026-03-24T00:55:43.772Z] E0323 20:55:43.772215    2571 watch.go:40] Failed to load config from "/Users/mayamarkus-malone/Documents/Personal_CS/bcup/dataconnect": could not find dataconnect.yaml in `/Users/mayamarkus-malone/Documents/Personal_CS/bcup/dataconnect`
 {"metadata":{"emulator":{"name":"dataconnect"},"message":"E0323 20:55:43.772215    2571 watch.go:40] Failed to load config from \"/Users/mayamarkus-malone/Documents/Personal_CS/bcup/dataconnect\": could not find dataconnect.yaml in `/Users/mayamarkus-malone/Documents/Personal_CS/bcup/dataconnect`\n"}}
[debug] [2026-03-24T00:55:53.773Z] E0323 20:55:53.772856    2571 watch.go:40] Failed to load config from "/Users/mayamarkus-malone/Documents/Personal_CS/bcup/dataconnect": could not find dataconnect.yaml in `/Users/mayamarkus-malone/Documents/Personal_CS/bcup/dataconnect`
 {"metadata":{"emulator":{"name":"dataconnect"},"message":"E0323 20:55:53.772856    2571 watch.go:40] Failed to load config from \"/Users/mayamarkus-malone/Documents/Personal_CS/bcup/dataconnect\": could not find dataconnect.yaml in `/Users/mayamarkus-malone/Documents/Personal_CS/bcup/dataconnect`\n"}}
[debug] [2026-03-24T00:56:03.775Z] E0323 20:56:03.772522    2571 watch.go:40] Failed to load config from "/Users/mayamarkus-malone/Documents/Personal_CS/bcup/dataconnect": could not find dataconnect.yaml in `/Users/mayamarkus-malone/Documents/Personal_CS/bcup/dataconnect`
 {"metadata":{"emulator":{"name":"dataconnect"},"message":"E0323 20:56:03.772522    2571 watch.go:40] Failed to load config from \"/Users/mayamarkus-malone/Documents/Personal_CS/bcup/dataconnect\": could not find dataconnect.yaml in `/Users/mayamarkus-malone/Documents/Personal_CS/bcup/dataconnect`\n"}}
[debug] [2026-03-24T00:56:13.774Z] E0323 20:56:13.772529    2571 watch.go:40] Failed to load config from "/Users/mayamarkus-malone/Documents/Personal_CS/bcup/dataconnect": could not find dataconnect.yaml in `/Users/mayamarkus-malone/Documents/Personal_CS/bcup/dataconnect`
 {"metadata":{"emulator":{"name":"dataconnect"},"message":"E0323 20:56:13.772529    2571 watch.go:40] Failed to load config from \"/Users/mayamarkus-malone/Documents/Personal_CS/bcup/dataconnect\": could not find dataconnect.yaml in `/Users/mayamarkus-malone/Documents/Personal_CS/bcup/dataconnect`\n"}}
[debug] [2026-03-24T00:56:23.773Z] E0323 20:56:23.772521    2571 watch.go:40] Failed to load config from "/Users/mayamarkus-malone/Documents/Personal_CS/bcup/dataconnect": could not find dataconnect.yaml in `/Users/mayamarkus-malone/Documents/Personal_CS/bcup/dataconnect`
E0323 20:56:23.772556    2571 watch.go:116] watchAllDir unable to walk dir `/Users/mayamarkus-malone/Documents/Personal_CS/bcup/dataconnect`: lstat /Users/mayamarkus-malone/Documents/Personal_CS/bcup/dataconnect: no such file or directory
 {"metadata":{"emulator":{"name":"dataconnect"},"message":"E0323 20:56:23.772521    2571 watch.go:40] Failed to load config from \"/Users/mayamarkus-malone/Documents/Personal_CS/bcup/dataconnect\": could not find dataconnect.yaml in `/Users/mayamarkus-malone/Documents/Personal_CS/bcup/dataconnect`\nE0323 20:56:23.772556    2571 watch.go:116] watchAllDir unable to walk dir `/Users/mayamarkus-malone/Documents/Personal_CS/bcup/dataconnect`: lstat /Users/mayamarkus-malone/Documents/Personal_CS/bcup/dataconnect: no such file or directory\n"}}
[debug] [2026-03-24T00:56:33.772Z] E0323 20:56:33.772170    2571 watch.go:40] Failed to load config from "/Users/mayamarkus-malone/Documents/Personal_CS/bcup/dataconnect": could not find dataconnect.yaml in `/Users/mayamarkus-malone/Documents/Personal_CS/bcup/dataconnect`
 {"metadata":{"emulator":{"name":"dataconnect"},"message":"E0323 20:56:33.772170    2571 watch.go:40] Failed to load config from \"/Users/mayamarkus-malone/Documents/Personal_CS/bcup/dataconnect\": could not find dataconnect.yaml in `/Users/mayamarkus-malone/Documents/Personal_CS/bcup/dataconnect`\n"}}
[debug] [2026-03-24T00:56:43.772Z] E0323 20:56:43.772280    2571 watch.go:40] Failed to load config from "/Users/mayamarkus-malone/Documents/Personal_CS/bcup/dataconnect": could not find dataconnect.yaml in `/Users/mayamarkus-malone/Documents/Personal_CS/bcup/dataconnect`
 {"metadata":{"emulator":{"name":"dataconnect"},"message":"E0323 20:56:43.772280    2571 watch.go:40] Failed to load config from \"/Users/mayamarkus-malone/Documents/Personal_CS/bcup/dataconnect\": could not find dataconnect.yaml in `/Users/mayamarkus-malone/Documents/Personal_CS/bcup/dataconnect`\n"}}
[debug] [2026-03-24T00:56:53.772Z] E0323 20:56:53.772518    2571 watch.go:40] Failed to load config from "/Users/mayamarkus-malone/Documents/Personal_CS/bcup/dataconnect": could not find dataconnect.yaml in `/Users/mayamarkus-malone/Documents/Personal_CS/bcup/dataconnect`
 {"metadata":{"emulator":{"name":"dataconnect"},"message":"E0323 20:56:53.772518    2571 watch.go:40] Failed to load config from \"/Users/mayamarkus-malone/Documents/Personal_CS/bcup/dataconnect\": could not find dataconnect.yaml in `/Users/mayamarkus-malone/Documents/Personal_CS/bcup/dataconnect`\n"}}
[debug] [2026-03-24T00:57:03.773Z] E0323 20:57:03.772792    2571 watch.go:40] Failed to load config from "/Users/mayamarkus-malone/Documents/Personal_CS/bcup/dataconnect": could not find dataconnect.yaml in `/Users/mayamarkus-malone/Documents/Personal_CS/bcup/dataconnect`
 {"metadata":{"emulator":{"name":"dataconnect"},"message":"E0323 20:57:03.772792    2571 watch.go:40] Failed to load config from \"/Users/mayamarkus-malone/Documents/Personal_CS/bcup/dataconnect\": could not find dataconnect.yaml in `/Users/mayamarkus-malone/Documents/Personal_CS/bcup/dataconnect`\n"}}
[debug] [2026-03-24T00:57:13.773Z] E0323 20:57:13.772876    2571 watch.go:40] Failed to load config from "/Users/mayamarkus-malone/Documents/Personal_CS/bcup/dataconnect": could not find dataconnect.yaml in `/Users/mayamarkus-malone/Documents/Personal_CS/bcup/dataconnect`
 {"metadata":{"emulator":{"name":"dataconnect"},"message":"E0323 20:57:13.772876    2571 watch.go:40] Failed to load config from \"/Users/mayamarkus-malone/Documents/Personal_CS/bcup/dataconnect\": could not find dataconnect.yaml in `/Users/mayamarkus-malone/Documents/Personal_CS/bcup/dataconnect`\n"}}
[debug] [2026-03-24T00:57:23.773Z] E0323 20:57:23.772594    2571 watch.go:116] watchAllDir unable to walk dir `/Users/mayamarkus-malone/Documents/Personal_CS/bcup/dataconnect`: lstat /Users/mayamarkus-malone/Documents/Personal_CS/bcup/dataconnect: no such file or directory
E0323 20:57:23.773282    2571 watch.go:40] Failed to load config from "/Users/mayamarkus-malone/Documents/Personal_CS/bcup/dataconnect": could not find dataconnect.yaml in `/Users/mayamarkus-malone/Documents/Personal_CS/bcup/dataconnect`
 {"metadata":{"emulator":{"name":"dataconnect"},"message":"E0323 20:57:23.772594    2571 watch.go:116] watchAllDir unable to walk dir `/Users/mayamarkus-malone/Documents/Personal_CS/bcup/dataconnect`: lstat /Users/mayamarkus-malone/Documents/Personal_CS/bcup/dataconnect: no such file or directory\nE0323 20:57:23.773282    2571 watch.go:40] Failed to load config from \"/Users/mayamarkus-malone/Documents/Personal_CS/bcup/dataconnect\": could not find dataconnect.yaml in `/Users/mayamarkus-malone/Documents/Personal_CS/bcup/dataconnect`\n"}}
[debug] [2026-03-24T00:57:33.775Z] E0323 20:57:33.775046    2571 watch.go:40] Failed to load config from "/Users/mayamarkus-malone/Documents/Personal_CS/bcup/dataconnect": could not find dataconnect.yaml in `/Users/mayamarkus-malone/Documents/Personal_CS/bcup/dataconnect`
 {"metadata":{"emulator":{"name":"dataconnect"},"message":"E0323 20:57:33.775046    2571 watch.go:40] Failed to load config from \"/Users/mayamarkus-malone/Documents/Personal_CS/bcup/dataconnect\": could not find dataconnect.yaml in `/Users/mayamarkus-malone/Documents/Personal_CS/bcup/dataconnect`\n"}}
[debug] [2026-03-24T00:57:43.773Z] E0323 20:57:43.772835    2571 watch.go:40] Failed to load config from "/Users/mayamarkus-malone/Documents/Personal_CS/bcup/dataconnect": could not find dataconnect.yaml in `/Users/mayamarkus-malone/Documents/Personal_CS/bcup/dataconnect`
 {"metadata":{"emulator":{"name":"dataconnect"},"message":"E0323 20:57:43.772835    2571 watch.go:40] Failed to load config from \"/Users/mayamarkus-malone/Documents/Personal_CS/bcup/dataconnect\": could not find dataconnect.yaml in `/Users/mayamarkus-malone/Documents/Personal_CS/bcup/dataconnect`\n"}}
[debug] [2026-03-24T00:57:53.772Z] E0323 20:57:53.772412    2571 watch.go:40] Failed to load config from "/Users/mayamarkus-malone/Documents/Personal_CS/bcup/dataconnect": could not find dataconnect.yaml in `/Users/mayamarkus-malone/Documents/Personal_CS/bcup/dataconnect`
 {"metadata":{"emulator":{"name":"dataconnect"},"message":"E0323 20:57:53.772412    2571 watch.go:40] Failed to load config from \"/Users/mayamarkus-malone/Documents/Personal_CS/bcup/dataconnect\": could not find dataconnect.yaml in `/Users/mayamarkus-malone/Documents/Personal_CS/bcup/dataconnect`\n"}}
[debug] [2026-03-24T00:58:03.774Z] E0323 20:58:03.774093    2571 watch.go:40] Failed to load config from "/Users/mayamarkus-malone/Documents/Personal_CS/bcup/dataconnect": could not find dataconnect.yaml in `/Users/mayamarkus-malone/Documents/Personal_CS/bcup/dataconnect`
 {"metadata":{"emulator":{"name":"dataconnect"},"message":"E0323 20:58:03.774093    2571 watch.go:40] Failed to load config from \"/Users/mayamarkus-malone/Documents/Personal_CS/bcup/dataconnect\": could not find dataconnect.yaml in `/Users/mayamarkus-malone/Documents/Personal_CS/bcup/dataconnect`\n"}}
[debug] [2026-03-24T00:58:13.773Z] E0323 20:58:13.773703    2571 watch.go:40] Failed to load config from "/Users/mayamarkus-malone/Documents/Personal_CS/bcup/dataconnect": could not find dataconnect.yaml in `/Users/mayamarkus-malone/Documents/Personal_CS/bcup/dataconnect`
 {"metadata":{"emulator":{"name":"dataconnect"},"message":"E0323 20:58:13.773703    2571 watch.go:40] Failed to load config from \"/Users/mayamarkus-malone/Documents/Personal_CS/bcup/dataconnect\": could not find dataconnect.yaml in `/Users/mayamarkus-malone/Documents/Personal_CS/bcup/dataconnect`\n"}}
[debug] [2026-03-24T00:58:23.774Z] E0323 20:58:23.774566    2571 watch.go:40] Failed to load config from "/Users/mayamarkus-malone/Documents/Personal_CS/bcup/dataconnect": could not find dataconnect.yaml in `/Users/mayamarkus-malone/Documents/Personal_CS/bcup/dataconnect`
 {"metadata":{"emulator":{"name":"dataconnect"},"message":"E0323 20:58:23.774566    2571 watch.go:40] Failed to load config from \"/Users/mayamarkus-malone/Documents/Personal_CS/bcup/dataconnect\": could not find dataconnect.yaml in `/Users/mayamarkus-malone/Documents/Personal_CS/bcup/dataconnect`\n"}}
[debug] [2026-03-24T00:58:23.775Z] E0323 20:58:23.774515    2571 watch.go:116] watchAllDir unable to walk dir `/Users/mayamarkus-malone/Documents/Personal_CS/bcup/dataconnect`: lstat /Users/mayamarkus-malone/Documents/Personal_CS/bcup/dataconnect: no such file or directory
 {"metadata":{"emulator":{"name":"dataconnect"},"message":"E0323 20:58:23.774515    2571 watch.go:116] watchAllDir unable to walk dir `/Users/mayamarkus-malone/Documents/Personal_CS/bcup/dataconnect`: lstat /Users/mayamarkus-malone/Documents/Personal_CS/bcup/dataconnect: no such file or directory\n"}}
[debug] [2026-03-24T00:58:33.773Z] E0323 20:58:33.772780    2571 watch.go:40] Failed to load config from "/Users/mayamarkus-malone/Documents/Personal_CS/bcup/dataconnect": could not find dataconnect.yaml in `/Users/mayamarkus-malone/Documents/Personal_CS/bcup/dataconnect`
 {"metadata":{"emulator":{"name":"dataconnect"},"message":"E0323 20:58:33.772780    2571 watch.go:40] Failed to load config from \"/Users/mayamarkus-malone/Documents/Personal_CS/bcup/dataconnect\": could not find dataconnect.yaml in `/Users/mayamarkus-malone/Documents/Personal_CS/bcup/dataconnect`\n"}}
[debug] [2026-03-24T00:58:43.773Z] E0323 20:58:43.773231    2571 watch.go:40] Failed to load config from "/Users/mayamarkus-malone/Documents/Personal_CS/bcup/dataconnect": could not find dataconnect.yaml in `/Users/mayamarkus-malone/Documents/Personal_CS/bcup/dataconnect`
 {"metadata":{"emulator":{"name":"dataconnect"},"message":"E0323 20:58:43.773231    2571 watch.go:40] Failed to load config from \"/Users/mayamarkus-malone/Documents/Personal_CS/bcup/dataconnect\": could not find dataconnect.yaml in `/Users/mayamarkus-malone/Documents/Personal_CS/bcup/dataconnect`\n"}}
[debug] [2026-03-24T00:58:53.776Z] E0323 20:58:53.773555    2571 watch.go:40] Failed to load config from "/Users/mayamarkus-malone/Documents/Personal_CS/bcup/dataconnect": could not find dataconnect.yaml in `/Users/mayamarkus-malone/Documents/Personal_CS/bcup/dataconnect`
 {"metadata":{"emulator":{"name":"dataconnect"},"message":"E0323 20:58:53.773555    2571 watch.go:40] Failed to load config from \"/Users/mayamarkus-malone/Documents/Personal_CS/bcup/dataconnect\": could not find dataconnect.yaml in `/Users/mayamarkus-malone/Documents/Personal_CS/bcup/dataconnect`\n"}}
[debug] [2026-03-24T00:59:03.774Z] E0323 20:59:03.773845    2571 watch.go:40] Failed to load config from "/Users/mayamarkus-malone/Documents/Personal_CS/bcup/dataconnect": could not find dataconnect.yaml in `/Users/mayamarkus-malone/Documents/Personal_CS/bcup/dataconnect`
 {"metadata":{"emulator":{"name":"dataconnect"},"message":"E0323 20:59:03.773845    2571 watch.go:40] Failed to load config from \"/Users/mayamarkus-malone/Documents/Personal_CS/bcup/dataconnect\": could not find dataconnect.yaml in `/Users/mayamarkus-malone/Documents/Personal_CS/bcup/dataconnect`\n"}}
[debug] [2026-03-24T00:59:13.772Z] E0323 20:59:13.772373    2571 watch.go:40] Failed to load config from "/Users/mayamarkus-malone/Documents/Personal_CS/bcup/dataconnect": could not find dataconnect.yaml in `/Users/mayamarkus-malone/Documents/Personal_CS/bcup/dataconnect`
 {"metadata":{"emulator":{"name":"dataconnect"},"message":"E0323 20:59:13.772373    2571 watch.go:40] Failed to load config from \"/Users/mayamarkus-malone/Documents/Personal_CS/bcup/dataconnect\": could not find dataconnect.yaml in `/Users/mayamarkus-malone/Documents/Personal_CS/bcup/dataconnect`\n"}}
[debug] [2026-03-24T00:59:23.773Z] E0323 20:59:23.772839    2571 watch.go:116] watchAllDir unable to walk dir `/Users/mayamarkus-malone/Documents/Personal_CS/bcup/dataconnect`: lstat /Users/mayamarkus-malone/Documents/Personal_CS/bcup/dataconnect: no such file or directory
E0323 20:59:23.772936    2571 watch.go:40] Failed to load config from "/Users/mayamarkus-malone/Documents/Personal_CS/bcup/dataconnect": could not find dataconnect.yaml in `/Users/mayamarkus-malone/Documents/Personal_CS/bcup/dataconnect`
 {"metadata":{"emulator":{"name":"dataconnect"},"message":"E0323 20:59:23.772839    2571 watch.go:116] watchAllDir unable to walk dir `/Users/mayamarkus-malone/Documents/Personal_CS/bcup/dataconnect`: lstat /Users/mayamarkus-malone/Documents/Personal_CS/bcup/dataconnect: no such file or directory\nE0323 20:59:23.772936    2571 watch.go:40] Failed to load config from \"/Users/mayamarkus-malone/Documents/Personal_CS/bcup/dataconnect\": could not find dataconnect.yaml in `/Users/mayamarkus-malone/Documents/Personal_CS/bcup/dataconnect`\n"}}
[debug] [2026-03-24T00:59:33.773Z] E0323 20:59:33.772643    2571 watch.go:40] Failed to load config from "/Users/mayamarkus-malone/Documents/Personal_CS/bcup/dataconnect": could not find dataconnect.yaml in `/Users/mayamarkus-malone/Documents/Personal_CS/bcup/dataconnect`
 {"metadata":{"emulator":{"name":"dataconnect"},"message":"E0323 20:59:33.772643    2571 watch.go:40] Failed to load config from \"/Users/mayamarkus-malone/Documents/Personal_CS/bcup/dataconnect\": could not find dataconnect.yaml in `/Users/mayamarkus-malone/Documents/Personal_CS/bcup/dataconnect`\n"}}
[debug] [2026-03-24T00:59:43.774Z] E0323 20:59:43.774314    2571 watch.go:40] Failed to load config from "/Users/mayamarkus-malone/Documents/Personal_CS/bcup/dataconnect": could not find dataconnect.yaml in `/Users/mayamarkus-malone/Documents/Personal_CS/bcup/dataconnect`
 {"metadata":{"emulator":{"name":"dataconnect"},"message":"E0323 20:59:43.774314    2571 watch.go:40] Failed to load config from \"/Users/mayamarkus-malone/Documents/Personal_CS/bcup/dataconnect\": could not find dataconnect.yaml in `/Users/mayamarkus-malone/Documents/Personal_CS/bcup/dataconnect`\n"}}
[debug] [2026-03-24T00:59:53.773Z] E0323 20:59:53.773128    2571 watch.go:40] Failed to load config from "/Users/mayamarkus-malone/Documents/Personal_CS/bcup/dataconnect": could not find dataconnect.yaml in `/Users/mayamarkus-malone/Documents/Personal_CS/bcup/dataconnect`
 {"metadata":{"emulator":{"name":"dataconnect"},"message":"E0323 20:59:53.773128    2571 watch.go:40] Failed to load config from \"/Users/mayamarkus-malone/Documents/Personal_CS/bcup/dataconnect\": could not find dataconnect.yaml in `/Users/mayamarkus-malone/Documents/Personal_CS/bcup/dataconnect`\n"}}
[debug] [2026-03-24T01:00:03.773Z] E0323 21:00:03.773547    2571 watch.go:40] Failed to load config from "/Users/mayamarkus-malone/Documents/Personal_CS/bcup/dataconnect": could not find dataconnect.yaml in `/Users/mayamarkus-malone/Documents/Personal_CS/bcup/dataconnect`
 {"metadata":{"emulator":{"name":"dataconnect"},"message":"E0323 21:00:03.773547    2571 watch.go:40] Failed to load config from \"/Users/mayamarkus-malone/Documents/Personal_CS/bcup/dataconnect\": could not find dataconnect.yaml in `/Users/mayamarkus-malone/Documents/Personal_CS/bcup/dataconnect`\n"}}
[debug] [2026-03-24T01:00:13.773Z] E0323 21:00:13.773278    2571 watch.go:40] Failed to load config from "/Users/mayamarkus-malone/Documents/Personal_CS/bcup/dataconnect": could not find dataconnect.yaml in `/Users/mayamarkus-malone/Documents/Personal_CS/bcup/dataconnect`
 {"metadata":{"emulator":{"name":"dataconnect"},"message":"E0323 21:00:13.773278    2571 watch.go:40] Failed to load config from \"/Users/mayamarkus-malone/Documents/Personal_CS/bcup/dataconnect\": could not find dataconnect.yaml in `/Users/mayamarkus-malone/Documents/Personal_CS/bcup/dataconnect`\n"}}
[debug] [2026-03-24T01:00:23.772Z] E0323 21:00:23.772716    2571 watch.go:40] Failed to load config from "/Users/mayamarkus-malone/Documents/Personal_CS/bcup/dataconnect": could not find dataconnect.yaml in `/Users/mayamarkus-malone/Documents/Personal_CS/bcup/dataconnect`
 {"metadata":{"emulator":{"name":"dataconnect"},"message":"E0323 21:00:23.772716    2571 watch.go:40] Failed to load config from \"/Users/mayamarkus-malone/Documents/Personal_CS/bcup/dataconnect\": could not find dataconnect.yaml in `/Users/mayamarkus-malone/Documents/Personal_CS/bcup/dataconnect`\n"}}
[debug] [2026-03-24T01:00:23.773Z] E0323 21:00:23.772662    2571 watch.go:116] watchAllDir unable to walk dir `/Users/mayamarkus-malone/Documents/Personal_CS/bcup/dataconnect`: lstat /Users/mayamarkus-malone/Documents/Personal_CS/bcup/dataconnect: no such file or directory
 {"metadata":{"emulator":{"name":"dataconnect"},"message":"E0323 21:00:23.772662    2571 watch.go:116] watchAllDir unable to walk dir `/Users/mayamarkus-malone/Documents/Personal_CS/bcup/dataconnect`: lstat /Users/mayamarkus-malone/Documents/Personal_CS/bcup/dataconnect: no such file or directory\n"}}
[debug] [2026-03-24T01:00:33.773Z] E0323 21:00:33.772629    2571 watch.go:40] Failed to load config from "/Users/mayamarkus-malone/Documents/Personal_CS/bcup/dataconnect": could not find dataconnect.yaml in `/Users/mayamarkus-malone/Documents/Personal_CS/bcup/dataconnect`
 {"metadata":{"emulator":{"name":"dataconnect"},"message":"E0323 21:00:33.772629    2571 watch.go:40] Failed to load config from \"/Users/mayamarkus-malone/Documents/Personal_CS/bcup/dataconnect\": could not find dataconnect.yaml in `/Users/mayamarkus-malone/Documents/Personal_CS/bcup/dataconnect`\n"}}
[debug] [2026-03-24T01:00:43.773Z] E0323 21:00:43.773207    2571 watch.go:40] Failed to load config from "/Users/mayamarkus-malone/Documents/Personal_CS/bcup/dataconnect": could not find dataconnect.yaml in `/Users/mayamarkus-malone/Documents/Personal_CS/bcup/dataconnect`
 {"metadata":{"emulator":{"name":"dataconnect"},"message":"E0323 21:00:43.773207    2571 watch.go:40] Failed to load config from \"/Users/mayamarkus-malone/Documents/Personal_CS/bcup/dataconnect\": could not find dataconnect.yaml in `/Users/mayamarkus-malone/Documents/Personal_CS/bcup/dataconnect`\n"}}
[debug] [2026-03-24T01:00:53.773Z] E0323 21:00:53.773226    2571 watch.go:40] Failed to load config from "/Users/mayamarkus-malone/Documents/Personal_CS/bcup/dataconnect": could not find dataconnect.yaml in `/Users/mayamarkus-malone/Documents/Personal_CS/bcup/dataconnect`
 {"metadata":{"emulator":{"name":"dataconnect"},"message":"E0323 21:00:53.773226    2571 watch.go:40] Failed to load config from \"/Users/mayamarkus-malone/Documents/Personal_CS/bcup/dataconnect\": could not find dataconnect.yaml in `/Users/mayamarkus-malone/Documents/Personal_CS/bcup/dataconnect`\n"}}
[debug] [2026-03-24T01:01:03.773Z] E0323 21:01:03.772977    2571 watch.go:40] Failed to load config from "/Users/mayamarkus-malone/Documents/Personal_CS/bcup/dataconnect": could not find dataconnect.yaml in `/Users/mayamarkus-malone/Documents/Personal_CS/bcup/dataconnect`
 {"metadata":{"emulator":{"name":"dataconnect"},"message":"E0323 21:01:03.772977    2571 watch.go:40] Failed to load config from \"/Users/mayamarkus-malone/Documents/Personal_CS/bcup/dataconnect\": could not find dataconnect.yaml in `/Users/mayamarkus-malone/Documents/Personal_CS/bcup/dataconnect`\n"}}
[debug] [2026-03-24T01:01:13.774Z] E0323 21:01:13.773739    2571 watch.go:40] Failed to load config from "/Users/mayamarkus-malone/Documents/Personal_CS/bcup/dataconnect": could not find dataconnect.yaml in `/Users/mayamarkus-malone/Documents/Personal_CS/bcup/dataconnect`
 {"metadata":{"emulator":{"name":"dataconnect"},"message":"E0323 21:01:13.773739    2571 watch.go:40] Failed to load config from \"/Users/mayamarkus-malone/Documents/Personal_CS/bcup/dataconnect\": could not find dataconnect.yaml in `/Users/mayamarkus-malone/Documents/Personal_CS/bcup/dataconnect`\n"}}
[debug] [2026-03-24T01:01:23.773Z] E0323 21:01:23.773241    2571 watch.go:40] Failed to load config from "/Users/mayamarkus-malone/Documents/Personal_CS/bcup/dataconnect": could not find dataconnect.yaml in `/Users/mayamarkus-malone/Documents/Personal_CS/bcup/dataconnect`
E0323 21:01:23.773229    2571 watch.go:116] watchAllDir unable to walk dir `/Users/mayamarkus-malone/Documents/Personal_CS/bcup/dataconnect`: lstat /Users/mayamarkus-malone/Documents/Personal_CS/bcup/dataconnect: no such file or directory
 {"metadata":{"emulator":{"name":"dataconnect"},"message":"E0323 21:01:23.773241    2571 watch.go:40] Failed to load config from \"/Users/mayamarkus-malone/Documents/Personal_CS/bcup/dataconnect\": could not find dataconnect.yaml in `/Users/mayamarkus-malone/Documents/Personal_CS/bcup/dataconnect`\nE0323 21:01:23.773229    2571 watch.go:116] watchAllDir unable to walk dir `/Users/mayamarkus-malone/Documents/Personal_CS/bcup/dataconnect`: lstat /Users/mayamarkus-malone/Documents/Personal_CS/bcup/dataconnect: no such file or directory\n"}}
[debug] [2026-03-24T01:01:33.776Z] E0323 21:01:33.775218    2571 watch.go:40] Failed to load config from "/Users/mayamarkus-malone/Documents/Personal_CS/bcup/dataconnect": could not find dataconnect.yaml in `/Users/mayamarkus-malone/Documents/Personal_CS/bcup/dataconnect`
 {"metadata":{"emulator":{"name":"dataconnect"},"message":"E0323 21:01:33.775218    2571 watch.go:40] Failed to load config from \"/Users/mayamarkus-malone/Documents/Personal_CS/bcup/dataconnect\": could not find dataconnect.yaml in `/Users/mayamarkus-malone/Documents/Personal_CS/bcup/dataconnect`\n"}}
[debug] [2026-03-24T01:01:43.776Z] E0323 21:01:43.775649    2571 watch.go:40] Failed to load config from "/Users/mayamarkus-malone/Documents/Personal_CS/bcup/dataconnect": could not find dataconnect.yaml in `/Users/mayamarkus-malone/Documents/Personal_CS/bcup/dataconnect`
 {"metadata":{"emulator":{"name":"dataconnect"},"message":"E0323 21:01:43.775649    2571 watch.go:40] Failed to load config from \"/Users/mayamarkus-malone/Documents/Personal_CS/bcup/dataconnect\": could not find dataconnect.yaml in `/Users/mayamarkus-malone/Documents/Personal_CS/bcup/dataconnect`\n"}}
[debug] [2026-03-24T01:01:53.774Z] E0323 21:01:53.774104    2571 watch.go:40] Failed to load config from "/Users/mayamarkus-malone/Documents/Personal_CS/bcup/dataconnect": could not find dataconnect.yaml in `/Users/mayamarkus-malone/Documents/Personal_CS/bcup/dataconnect`
 {"metadata":{"emulator":{"name":"dataconnect"},"message":"E0323 21:01:53.774104    2571 watch.go:40] Failed to load config from \"/Users/mayamarkus-malone/Documents/Personal_CS/bcup/dataconnect\": could not find dataconnect.yaml in `/Users/mayamarkus-malone/Documents/Personal_CS/bcup/dataconnect`\n"}}
[debug] [2026-03-24T01:02:03.774Z] E0323 21:02:03.774485    2571 watch.go:40] Failed to load config from "/Users/mayamarkus-malone/Documents/Personal_CS/bcup/dataconnect": could not find dataconnect.yaml in `/Users/mayamarkus-malone/Documents/Personal_CS/bcup/dataconnect`
 {"metadata":{"emulator":{"name":"dataconnect"},"message":"E0323 21:02:03.774485    2571 watch.go:40] Failed to load config from \"/Users/mayamarkus-malone/Documents/Personal_CS/bcup/dataconnect\": could not find dataconnect.yaml in `/Users/mayamarkus-malone/Documents/Personal_CS/bcup/dataconnect`\n"}}
[debug] [2026-03-24T01:02:13.773Z] E0323 21:02:13.773456    2571 watch.go:40] Failed to load config from "/Users/mayamarkus-malone/Documents/Personal_CS/bcup/dataconnect": could not find dataconnect.yaml in `/Users/mayamarkus-malone/Documents/Personal_CS/bcup/dataconnect`
 {"metadata":{"emulator":{"name":"dataconnect"},"message":"E0323 21:02:13.773456    2571 watch.go:40] Failed to load config from \"/Users/mayamarkus-malone/Documents/Personal_CS/bcup/dataconnect\": could not find dataconnect.yaml in `/Users/mayamarkus-malone/Documents/Personal_CS/bcup/dataconnect`\n"}}
[debug] [2026-03-24T01:02:23.777Z] E0323 21:02:23.773828    2571 watch.go:40] Failed to load config from "/Users/mayamarkus-malone/Documents/Personal_CS/bcup/dataconnect": could not find dataconnect.yaml in `/Users/mayamarkus-malone/Documents/Personal_CS/bcup/dataconnect`
 {"metadata":{"emulator":{"name":"dataconnect"},"message":"E0323 21:02:23.773828    2571 watch.go:40] Failed to load config from \"/Users/mayamarkus-malone/Documents/Personal_CS/bcup/dataconnect\": could not find dataconnect.yaml in `/Users/mayamarkus-malone/Documents/Personal_CS/bcup/dataconnect`\n"}}
[debug] [2026-03-24T01:02:23.778Z] E0323 21:02:23.773492    2571 watch.go:116] watchAllDir unable to walk dir `/Users/mayamarkus-malone/Documents/Personal_CS/bcup/dataconnect`: lstat /Users/mayamarkus-malone/Documents/Personal_CS/bcup/dataconnect: no such file or directory
 {"metadata":{"emulator":{"name":"dataconnect"},"message":"E0323 21:02:23.773492    2571 watch.go:116] watchAllDir unable to walk dir `/Users/mayamarkus-malone/Documents/Personal_CS/bcup/dataconnect`: lstat /Users/mayamarkus-malone/Documents/Personal_CS/bcup/dataconnect: no such file or directory\n"}}
[debug] [2026-03-24T01:02:33.775Z] E0323 21:02:33.774336    2571 watch.go:40] Failed to load config from "/Users/mayamarkus-malone/Documents/Personal_CS/bcup/dataconnect": could not find dataconnect.yaml in `/Users/mayamarkus-malone/Documents/Personal_CS/bcup/dataconnect`
 {"metadata":{"emulator":{"name":"dataconnect"},"message":"E0323 21:02:33.774336    2571 watch.go:40] Failed to load config from \"/Users/mayamarkus-malone/Documents/Personal_CS/bcup/dataconnect\": could not find dataconnect.yaml in `/Users/mayamarkus-malone/Documents/Personal_CS/bcup/dataconnect`\n"}}
[debug] [2026-03-24T01:02:43.779Z] E0323 21:02:43.779017    2571 watch.go:40] Failed to load config from "/Users/mayamarkus-malone/Documents/Personal_CS/bcup/dataconnect": could not find dataconnect.yaml in `/Users/mayamarkus-malone/Documents/Personal_CS/bcup/dataconnect`
 {"metadata":{"emulator":{"name":"dataconnect"},"message":"E0323 21:02:43.779017    2571 watch.go:40] Failed to load config from \"/Users/mayamarkus-malone/Documents/Personal_CS/bcup/dataconnect\": could not find dataconnect.yaml in `/Users/mayamarkus-malone/Documents/Personal_CS/bcup/dataconnect`\n"}}
[debug] [2026-03-24T01:02:53.774Z] E0323 21:02:53.773796    2571 watch.go:40] Failed to load config from "/Users/mayamarkus-malone/Documents/Personal_CS/bcup/dataconnect": could not find dataconnect.yaml in `/Users/mayamarkus-malone/Documents/Personal_CS/bcup/dataconnect`
 {"metadata":{"emulator":{"name":"dataconnect"},"message":"E0323 21:02:53.773796    2571 watch.go:40] Failed to load config from \"/Users/mayamarkus-malone/Documents/Personal_CS/bcup/dataconnect\": could not find dataconnect.yaml in `/Users/mayamarkus-malone/Documents/Personal_CS/bcup/dataconnect`\n"}}
[debug] [2026-03-24T01:03:03.773Z] E0323 21:03:03.773747    2571 watch.go:40] Failed to load config from "/Users/mayamarkus-malone/Documents/Personal_CS/bcup/dataconnect": could not find dataconnect.yaml in `/Users/mayamarkus-malone/Documents/Personal_CS/bcup/dataconnect`
 {"metadata":{"emulator":{"name":"dataconnect"},"message":"E0323 21:03:03.773747    2571 watch.go:40] Failed to load config from \"/Users/mayamarkus-malone/Documents/Personal_CS/bcup/dataconnect\": could not find dataconnect.yaml in `/Users/mayamarkus-malone/Documents/Personal_CS/bcup/dataconnect`\n"}}
[debug] [2026-03-24T01:03:13.773Z] E0323 21:03:13.773679    2571 watch.go:40] Failed to load config from "/Users/mayamarkus-malone/Documents/Personal_CS/bcup/dataconnect": could not find dataconnect.yaml in `/Users/mayamarkus-malone/Documents/Personal_CS/bcup/dataconnect`
 {"metadata":{"emulator":{"name":"dataconnect"},"message":"E0323 21:03:13.773679    2571 watch.go:40] Failed to load config from \"/Users/mayamarkus-malone/Documents/Personal_CS/bcup/dataconnect\": could not find dataconnect.yaml in `/Users/mayamarkus-malone/Documents/Personal_CS/bcup/dataconnect`\n"}}
[debug] [2026-03-24T01:03:23.774Z] E0323 21:03:23.773929    2571 watch.go:116] watchAllDir unable to walk dir `/Users/mayamarkus-malone/Documents/Personal_CS/bcup/dataconnect`: lstat /Users/mayamarkus-malone/Documents/Personal_CS/bcup/dataconnect: no such file or directory
E0323 21:03:23.774024    2571 watch.go:40] Failed to load config from "/Users/mayamarkus-malone/Documents/Personal_CS/bcup/dataconnect": could not find dataconnect.yaml in `/Users/mayamarkus-malone/Documents/Personal_CS/bcup/dataconnect`
 {"metadata":{"emulator":{"name":"dataconnect"},"message":"E0323 21:03:23.773929    2571 watch.go:116] watchAllDir unable to walk dir `/Users/mayamarkus-malone/Documents/Personal_CS/bcup/dataconnect`: lstat /Users/mayamarkus-malone/Documents/Personal_CS/bcup/dataconnect: no such file or directory\nE0323 21:03:23.774024    2571 watch.go:40] Failed to load config from \"/Users/mayamarkus-malone/Documents/Personal_CS/bcup/dataconnect\": could not find dataconnect.yaml in `/Users/mayamarkus-malone/Documents/Personal_CS/bcup/dataconnect`\n"}}
[debug] [2026-03-24T01:03:33.774Z] E0323 21:03:33.774215    2571 watch.go:40] Failed to load config from "/Users/mayamarkus-malone/Documents/Personal_CS/bcup/dataconnect": could not find dataconnect.yaml in `/Users/mayamarkus-malone/Documents/Personal_CS/bcup/dataconnect`
 {"metadata":{"emulator":{"name":"dataconnect"},"message":"E0323 21:03:33.774215    2571 watch.go:40] Failed to load config from \"/Users/mayamarkus-malone/Documents/Personal_CS/bcup/dataconnect\": could not find dataconnect.yaml in `/Users/mayamarkus-malone/Documents/Personal_CS/bcup/dataconnect`\n"}}
[debug] [2026-03-24T01:03:43.778Z] E0323 21:03:43.775619    2571 watch.go:40] Failed to load config from "/Users/mayamarkus-malone/Documents/Personal_CS/bcup/dataconnect": could not find dataconnect.yaml in `/Users/mayamarkus-malone/Documents/Personal_CS/bcup/dataconnect`
 {"metadata":{"emulator":{"name":"dataconnect"},"message":"E0323 21:03:43.775619    2571 watch.go:40] Failed to load config from \"/Users/mayamarkus-malone/Documents/Personal_CS/bcup/dataconnect\": could not find dataconnect.yaml in `/Users/mayamarkus-malone/Documents/Personal_CS/bcup/dataconnect`\n"}}
[debug] [2026-03-24T01:03:53.774Z] E0323 21:03:53.773654    2571 watch.go:40] Failed to load config from "/Users/mayamarkus-malone/Documents/Personal_CS/bcup/dataconnect": could not find dataconnect.yaml in `/Users/mayamarkus-malone/Documents/Personal_CS/bcup/dataconnect`
 {"metadata":{"emulator":{"name":"dataconnect"},"message":"E0323 21:03:53.773654    2571 watch.go:40] Failed to load config from \"/Users/mayamarkus-malone/Documents/Personal_CS/bcup/dataconnect\": could not find dataconnect.yaml in `/Users/mayamarkus-malone/Documents/Personal_CS/bcup/dataconnect`\n"}}
[debug] [2026-03-24T01:04:03.774Z] E0323 21:04:03.773677    2571 watch.go:40] Failed to load config from "/Users/mayamarkus-malone/Documents/Personal_CS/bcup/dataconnect": could not find dataconnect.yaml in `/Users/mayamarkus-malone/Documents/Personal_CS/bcup/dataconnect`
 {"metadata":{"emulator":{"name":"dataconnect"},"message":"E0323 21:04:03.773677    2571 watch.go:40] Failed to load config from \"/Users/mayamarkus-malone/Documents/Personal_CS/bcup/dataconnect\": could not find dataconnect.yaml in `/Users/mayamarkus-malone/Documents/Personal_CS/bcup/dataconnect`\n"}}
[debug] [2026-03-24T01:04:13.774Z] E0323 21:04:13.774058    2571 watch.go:40] Failed to load config from "/Users/mayamarkus-malone/Documents/Personal_CS/bcup/dataconnect": could not find dataconnect.yaml in `/Users/mayamarkus-malone/Documents/Personal_CS/bcup/dataconnect`
 {"metadata":{"emulator":{"name":"dataconnect"},"message":"E0323 21:04:13.774058    2571 watch.go:40] Failed to load config from \"/Users/mayamarkus-malone/Documents/Personal_CS/bcup/dataconnect\": could not find dataconnect.yaml in `/Users/mayamarkus-malone/Documents/Personal_CS/bcup/dataconnect`\n"}}
[debug] [2026-03-24T01:04:23.774Z] E0323 21:04:23.773849    2571 watch.go:40] Failed to load config from "/Users/mayamarkus-malone/Documents/Personal_CS/bcup/dataconnect": could not find dataconnect.yaml in `/Users/mayamarkus-malone/Documents/Personal_CS/bcup/dataconnect`
 {"metadata":{"emulator":{"name":"dataconnect"},"message":"E0323 21:04:23.773849    2571 watch.go:40] Failed to load config from \"/Users/mayamarkus-malone/Documents/Personal_CS/bcup/dataconnect\": could not find dataconnect.yaml in `/Users/mayamarkus-malone/Documents/Personal_CS/bcup/dataconnect`\n"}}
[debug] [2026-03-24T01:04:23.777Z] E0323 21:04:23.773819    2571 watch.go:116] watchAllDir unable to walk dir `/Users/mayamarkus-malone/Documents/Personal_CS/bcup/dataconnect`: lstat /Users/mayamarkus-malone/Documents/Personal_CS/bcup/dataconnect: no such file or directory
 {"metadata":{"emulator":{"name":"dataconnect"},"message":"E0323 21:04:23.773819    2571 watch.go:116] watchAllDir unable to walk dir `/Users/mayamarkus-malone/Documents/Personal_CS/bcup/dataconnect`: lstat /Users/mayamarkus-malone/Documents/Personal_CS/bcup/dataconnect: no such file or directory\n"}}
[debug] [2026-03-24T01:04:33.778Z] E0323 21:04:33.775570    2571 watch.go:40] Failed to load config from "/Users/mayamarkus-malone/Documents/Personal_CS/bcup/dataconnect": could not find dataconnect.yaml in `/Users/mayamarkus-malone/Documents/Personal_CS/bcup/dataconnect`
 {"metadata":{"emulator":{"name":"dataconnect"},"message":"E0323 21:04:33.775570    2571 watch.go:40] Failed to load config from \"/Users/mayamarkus-malone/Documents/Personal_CS/bcup/dataconnect\": could not find dataconnect.yaml in `/Users/mayamarkus-malone/Documents/Personal_CS/bcup/dataconnect`\n"}}
[debug] [2026-03-24T01:04:43.775Z] E0323 21:04:43.774627    2571 watch.go:40] Failed to load config from "/Users/mayamarkus-malone/Documents/Personal_CS/bcup/dataconnect": could not find dataconnect.yaml in `/Users/mayamarkus-malone/Documents/Personal_CS/bcup/dataconnect`
 {"metadata":{"emulator":{"name":"dataconnect"},"message":"E0323 21:04:43.774627    2571 watch.go:40] Failed to load config from \"/Users/mayamarkus-malone/Documents/Personal_CS/bcup/dataconnect\": could not find dataconnect.yaml in `/Users/mayamarkus-malone/Documents/Personal_CS/bcup/dataconnect`\n"}}
[debug] [2026-03-24T01:04:53.775Z] E0323 21:04:53.774480    2571 watch.go:40] Failed to load config from "/Users/mayamarkus-malone/Documents/Personal_CS/bcup/dataconnect": could not find dataconnect.yaml in `/Users/mayamarkus-malone/Documents/Personal_CS/bcup/dataconnect`
 {"metadata":{"emulator":{"name":"dataconnect"},"message":"E0323 21:04:53.774480    2571 watch.go:40] Failed to load config from \"/Users/mayamarkus-malone/Documents/Personal_CS/bcup/dataconnect\": could not find dataconnect.yaml in `/Users/mayamarkus-malone/Documents/Personal_CS/bcup/dataconnect`\n"}}
[debug] [2026-03-24T01:05:03.775Z] E0323 21:05:03.774592    2571 watch.go:40] Failed to load config from "/Users/mayamarkus-malone/Documents/Personal_CS/bcup/dataconnect": could not find dataconnect.yaml in `/Users/mayamarkus-malone/Documents/Personal_CS/bcup/dataconnect`
 {"metadata":{"emulator":{"name":"dataconnect"},"message":"E0323 21:05:03.774592    2571 watch.go:40] Failed to load config from \"/Users/mayamarkus-malone/Documents/Personal_CS/bcup/dataconnect\": could not find dataconnect.yaml in `/Users/mayamarkus-malone/Documents/Personal_CS/bcup/dataconnect`\n"}}
[debug] [2026-03-24T01:05:13.774Z] E0323 21:05:13.774391    2571 watch.go:40] Failed to load config from "/Users/mayamarkus-malone/Documents/Personal_CS/bcup/dataconnect": could not find dataconnect.yaml in `/Users/mayamarkus-malone/Documents/Personal_CS/bcup/dataconnect`
 {"metadata":{"emulator":{"name":"dataconnect"},"message":"E0323 21:05:13.774391    2571 watch.go:40] Failed to load config from \"/Users/mayamarkus-malone/Documents/Personal_CS/bcup/dataconnect\": could not find dataconnect.yaml in `/Users/mayamarkus-malone/Documents/Personal_CS/bcup/dataconnect`\n"}}
[debug] [2026-03-24T01:05:23.774Z] E0323 21:05:23.774358    2571 watch.go:116] watchAllDir unable to walk dir `/Users/mayamarkus-malone/Documents/Personal_CS/bcup/dataconnect`: lstat /Users/mayamarkus-malone/Documents/Personal_CS/bcup/dataconnect: no such file or directory
 {"metadata":{"emulator":{"name":"dataconnect"},"message":"E0323 21:05:23.774358    2571 watch.go:116] watchAllDir unable to walk dir `/Users/mayamarkus-malone/Documents/Personal_CS/bcup/dataconnect`: lstat /Users/mayamarkus-malone/Documents/Personal_CS/bcup/dataconnect: no such file or directory\n"}}
[debug] [2026-03-24T01:05:23.778Z] E0323 21:05:23.774626    2571 watch.go:40] Failed to load config from "/Users/mayamarkus-malone/Documents/Personal_CS/bcup/dataconnect": could not find dataconnect.yaml in `/Users/mayamarkus-malone/Documents/Personal_CS/bcup/dataconnect`
 {"metadata":{"emulator":{"name":"dataconnect"},"message":"E0323 21:05:23.774626    2571 watch.go:40] Failed to load config from \"/Users/mayamarkus-malone/Documents/Personal_CS/bcup/dataconnect\": could not find dataconnect.yaml in `/Users/mayamarkus-malone/Documents/Personal_CS/bcup/dataconnect`\n"}}
[debug] [2026-03-24T01:05:33.774Z] E0323 21:05:33.773872    2571 watch.go:40] Failed to load config from "/Users/mayamarkus-malone/Documents/Personal_CS/bcup/dataconnect": could not find dataconnect.yaml in `/Users/mayamarkus-malone/Documents/Personal_CS/bcup/dataconnect`
 {"metadata":{"emulator":{"name":"dataconnect"},"message":"E0323 21:05:33.773872    2571 watch.go:40] Failed to load config from \"/Users/mayamarkus-malone/Documents/Personal_CS/bcup/dataconnect\": could not find dataconnect.yaml in `/Users/mayamarkus-malone/Documents/Personal_CS/bcup/dataconnect`\n"}}
[debug] [2026-03-24T01:05:43.774Z] E0323 21:05:43.774440    2571 watch.go:40] Failed to load config from "/Users/mayamarkus-malone/Documents/Personal_CS/bcup/dataconnect": could not find dataconnect.yaml in `/Users/mayamarkus-malone/Documents/Personal_CS/bcup/dataconnect`
 {"metadata":{"emulator":{"name":"dataconnect"},"message":"E0323 21:05:43.774440    2571 watch.go:40] Failed to load config from \"/Users/mayamarkus-malone/Documents/Personal_CS/bcup/dataconnect\": could not find dataconnect.yaml in `/Users/mayamarkus-malone/Documents/Personal_CS/bcup/dataconnect`\n"}}
[debug] [2026-03-24T01:05:53.776Z] E0323 21:05:53.775791    2571 watch.go:40] Failed to load config from "/Users/mayamarkus-malone/Documents/Personal_CS/bcup/dataconnect": could not find dataconnect.yaml in `/Users/mayamarkus-malone/Documents/Personal_CS/bcup/dataconnect`
 {"metadata":{"emulator":{"name":"dataconnect"},"message":"E0323 21:05:53.775791    2571 watch.go:40] Failed to load config from \"/Users/mayamarkus-malone/Documents/Personal_CS/bcup/dataconnect\": could not find dataconnect.yaml in `/Users/mayamarkus-malone/Documents/Personal_CS/bcup/dataconnect`\n"}}
[debug] [2026-03-24T01:06:03.775Z] E0323 21:06:03.774687    2571 watch.go:40] Failed to load config from "/Users/mayamarkus-malone/Documents/Personal_CS/bcup/dataconnect": could not find dataconnect.yaml in `/Users/mayamarkus-malone/Documents/Personal_CS/bcup/dataconnect`
 {"metadata":{"emulator":{"name":"dataconnect"},"message":"E0323 21:06:03.774687    2571 watch.go:40] Failed to load config from \"/Users/mayamarkus-malone/Documents/Personal_CS/bcup/dataconnect\": could not find dataconnect.yaml in `/Users/mayamarkus-malone/Documents/Personal_CS/bcup/dataconnect`\n"}}
[debug] [2026-03-24T01:06:13.774Z] E0323 21:06:13.774648    2571 watch.go:40] Failed to load config from "/Users/mayamarkus-malone/Documents/Personal_CS/bcup/dataconnect": could not find dataconnect.yaml in `/Users/mayamarkus-malone/Documents/Personal_CS/bcup/dataconnect`
 {"metadata":{"emulator":{"name":"dataconnect"},"message":"E0323 21:06:13.774648    2571 watch.go:40] Failed to load config from \"/Users/mayamarkus-malone/Documents/Personal_CS/bcup/dataconnect\": could not find dataconnect.yaml in `/Users/mayamarkus-malone/Documents/Personal_CS/bcup/dataconnect`\n"}}
[debug] [2026-03-24T01:06:23.775Z] E0323 21:06:23.775295    2571 watch.go:40] Failed to load config from "/Users/mayamarkus-malone/Documents/Personal_CS/bcup/dataconnect": could not find dataconnect.yaml in `/Users/mayamarkus-malone/Documents/Personal_CS/bcup/dataconnect`
E0323 21:06:23.775266    2571 watch.go:116] watchAllDir unable to walk dir `/Users/mayamarkus-malone/Documents/Personal_CS/bcup/dataconnect`: lstat /Users/mayamarkus-malone/Documents/Personal_CS/bcup/dataconnect: no such file or directory
 {"metadata":{"emulator":{"name":"dataconnect"},"message":"E0323 21:06:23.775295    2571 watch.go:40] Failed to load config from \"/Users/mayamarkus-malone/Documents/Personal_CS/bcup/dataconnect\": could not find dataconnect.yaml in `/Users/mayamarkus-malone/Documents/Personal_CS/bcup/dataconnect`\nE0323 21:06:23.775266    2571 watch.go:116] watchAllDir unable to walk dir `/Users/mayamarkus-malone/Documents/Personal_CS/bcup/dataconnect`: lstat /Users/mayamarkus-malone/Documents/Personal_CS/bcup/dataconnect: no such file or directory\n"}}
[debug] [2026-03-24T01:06:33.775Z] E0323 21:06:33.775347    2571 watch.go:40] Failed to load config from "/Users/mayamarkus-malone/Documents/Personal_CS/bcup/dataconnect": could not find dataconnect.yaml in `/Users/mayamarkus-malone/Documents/Personal_CS/bcup/dataconnect`
 {"metadata":{"emulator":{"name":"dataconnect"},"message":"E0323 21:06:33.775347    2571 watch.go:40] Failed to load config from \"/Users/mayamarkus-malone/Documents/Personal_CS/bcup/dataconnect\": could not find dataconnect.yaml in `/Users/mayamarkus-malone/Documents/Personal_CS/bcup/dataconnect`\n"}}
[debug] [2026-03-24T01:06:43.777Z] E0323 21:06:43.774802    2571 watch.go:40] Failed to load config from "/Users/mayamarkus-malone/Documents/Personal_CS/bcup/dataconnect": could not find dataconnect.yaml in `/Users/mayamarkus-malone/Documents/Personal_CS/bcup/dataconnect`
 {"metadata":{"emulator":{"name":"dataconnect"},"message":"E0323 21:06:43.774802    2571 watch.go:40] Failed to load config from \"/Users/mayamarkus-malone/Documents/Personal_CS/bcup/dataconnect\": could not find dataconnect.yaml in `/Users/mayamarkus-malone/Documents/Personal_CS/bcup/dataconnect`\n"}}
[debug] [2026-03-24T01:06:53.775Z] E0323 21:06:53.774558    2571 watch.go:40] Failed to load config from "/Users/mayamarkus-malone/Documents/Personal_CS/bcup/dataconnect": could not find dataconnect.yaml in `/Users/mayamarkus-malone/Documents/Personal_CS/bcup/dataconnect`
 {"metadata":{"emulator":{"name":"dataconnect"},"message":"E0323 21:06:53.774558    2571 watch.go:40] Failed to load config from \"/Users/mayamarkus-malone/Documents/Personal_CS/bcup/dataconnect\": could not find dataconnect.yaml in `/Users/mayamarkus-malone/Documents/Personal_CS/bcup/dataconnect`\n"}}
[debug] [2026-03-24T01:07:03.776Z] E0323 21:07:03.776115    2571 watch.go:40] Failed to load config from "/Users/mayamarkus-malone/Documents/Personal_CS/bcup/dataconnect": could not find dataconnect.yaml in `/Users/mayamarkus-malone/Documents/Personal_CS/bcup/dataconnect`
 {"metadata":{"emulator":{"name":"dataconnect"},"message":"E0323 21:07:03.776115    2571 watch.go:40] Failed to load config from \"/Users/mayamarkus-malone/Documents/Personal_CS/bcup/dataconnect\": could not find dataconnect.yaml in `/Users/mayamarkus-malone/Documents/Personal_CS/bcup/dataconnect`\n"}}
[debug] [2026-03-24T01:07:13.794Z] E0323 21:07:13.785489    2571 watch.go:40] Failed to load config from "/Users/mayamarkus-malone/Documents/Personal_CS/bcup/dataconnect": could not find dataconnect.yaml in `/Users/mayamarkus-malone/Documents/Personal_CS/bcup/dataconnect`
 {"metadata":{"emulator":{"name":"dataconnect"},"message":"E0323 21:07:13.785489    2571 watch.go:40] Failed to load config from \"/Users/mayamarkus-malone/Documents/Personal_CS/bcup/dataconnect\": could not find dataconnect.yaml in `/Users/mayamarkus-malone/Documents/Personal_CS/bcup/dataconnect`\n"}}
[debug] [2026-03-24T01:07:23.774Z] E0323 21:07:23.774276    2571 watch.go:116] watchAllDir unable to walk dir `/Users/mayamarkus-malone/Documents/Personal_CS/bcup/dataconnect`: lstat /Users/mayamarkus-malone/Documents/Personal_CS/bcup/dataconnect: no such file or directory
 {"metadata":{"emulator":{"name":"dataconnect"},"message":"E0323 21:07:23.774276    2571 watch.go:116] watchAllDir unable to walk dir `/Users/mayamarkus-malone/Documents/Personal_CS/bcup/dataconnect`: lstat /Users/mayamarkus-malone/Documents/Personal_CS/bcup/dataconnect: no such file or directory\n"}}
[debug] [2026-03-24T01:07:23.777Z] E0323 21:07:23.774666    2571 watch.go:40] Failed to load config from "/Users/mayamarkus-malone/Documents/Personal_CS/bcup/dataconnect": could not find dataconnect.yaml in `/Users/mayamarkus-malone/Documents/Personal_CS/bcup/dataconnect`
 {"metadata":{"emulator":{"name":"dataconnect"},"message":"E0323 21:07:23.774666    2571 watch.go:40] Failed to load config from \"/Users/mayamarkus-malone/Documents/Personal_CS/bcup/dataconnect\": could not find dataconnect.yaml in `/Users/mayamarkus-malone/Documents/Personal_CS/bcup/dataconnect`\n"}}
[debug] [2026-03-24T01:07:33.775Z] E0323 21:07:33.775585    2571 watch.go:40] Failed to load config from "/Users/mayamarkus-malone/Documents/Personal_CS/bcup/dataconnect": could not find dataconnect.yaml in `/Users/mayamarkus-malone/Documents/Personal_CS/bcup/dataconnect`
 {"metadata":{"emulator":{"name":"dataconnect"},"message":"E0323 21:07:33.775585    2571 watch.go:40] Failed to load config from \"/Users/mayamarkus-malone/Documents/Personal_CS/bcup/dataconnect\": could not find dataconnect.yaml in `/Users/mayamarkus-malone/Documents/Personal_CS/bcup/dataconnect`\n"}}
[debug] [2026-03-24T01:07:43.776Z] E0323 21:07:43.775856    2571 watch.go:40] Failed to load config from "/Users/mayamarkus-malone/Documents/Personal_CS/bcup/dataconnect": could not find dataconnect.yaml in `/Users/mayamarkus-malone/Documents/Personal_CS/bcup/dataconnect`
 {"metadata":{"emulator":{"name":"dataconnect"},"message":"E0323 21:07:43.775856    2571 watch.go:40] Failed to load config from \"/Users/mayamarkus-malone/Documents/Personal_CS/bcup/dataconnect\": could not find dataconnect.yaml in `/Users/mayamarkus-malone/Documents/Personal_CS/bcup/dataconnect`\n"}}
[debug] [2026-03-24T01:07:53.776Z] E0323 21:07:53.776084    2571 watch.go:40] Failed to load config from "/Users/mayamarkus-malone/Documents/Personal_CS/bcup/dataconnect": could not find dataconnect.yaml in `/Users/mayamarkus-malone/Documents/Personal_CS/bcup/dataconnect`
 {"metadata":{"emulator":{"name":"dataconnect"},"message":"E0323 21:07:53.776084    2571 watch.go:40] Failed to load config from \"/Users/mayamarkus-malone/Documents/Personal_CS/bcup/dataconnect\": could not find dataconnect.yaml in `/Users/mayamarkus-malone/Documents/Personal_CS/bcup/dataconnect`\n"}}
[debug] [2026-03-24T01:08:03.776Z] E0323 21:08:03.776143    2571 watch.go:40] Failed to load config from "/Users/mayamarkus-malone/Documents/Personal_CS/bcup/dataconnect": could not find dataconnect.yaml in `/Users/mayamarkus-malone/Documents/Personal_CS/bcup/dataconnect`
 {"metadata":{"emulator":{"name":"dataconnect"},"message":"E0323 21:08:03.776143    2571 watch.go:40] Failed to load config from \"/Users/mayamarkus-malone/Documents/Personal_CS/bcup/dataconnect\": could not find dataconnect.yaml in `/Users/mayamarkus-malone/Documents/Personal_CS/bcup/dataconnect`\n"}}
[debug] [2026-03-24T01:08:13.776Z] E0323 21:08:13.776034    2571 watch.go:40] Failed to load config from "/Users/mayamarkus-malone/Documents/Personal_CS/bcup/dataconnect": could not find dataconnect.yaml in `/Users/mayamarkus-malone/Documents/Personal_CS/bcup/dataconnect`
 {"metadata":{"emulator":{"name":"dataconnect"},"message":"E0323 21:08:13.776034    2571 watch.go:40] Failed to load config from \"/Users/mayamarkus-malone/Documents/Personal_CS/bcup/dataconnect\": could not find dataconnect.yaml in `/Users/mayamarkus-malone/Documents/Personal_CS/bcup/dataconnect`\n"}}
[debug] [2026-03-24T01:08:23.775Z] E0323 21:08:23.774936    2571 watch.go:40] Failed to load config from "/Users/mayamarkus-malone/Documents/Personal_CS/bcup/dataconnect": could not find dataconnect.yaml in `/Users/mayamarkus-malone/Documents/Personal_CS/bcup/dataconnect`
E0323 21:08:23.774893    2571 watch.go:116] watchAllDir unable to walk dir `/Users/mayamarkus-malone/Documents/Personal_CS/bcup/dataconnect`: lstat /Users/mayamarkus-malone/Documents/Personal_CS/bcup/dataconnect: no such file or directory
 {"metadata":{"emulator":{"name":"dataconnect"},"message":"E0323 21:08:23.774936    2571 watch.go:40] Failed to load config from \"/Users/mayamarkus-malone/Documents/Personal_CS/bcup/dataconnect\": could not find dataconnect.yaml in `/Users/mayamarkus-malone/Documents/Personal_CS/bcup/dataconnect`\nE0323 21:08:23.774893    2571 watch.go:116] watchAllDir unable to walk dir `/Users/mayamarkus-malone/Documents/Personal_CS/bcup/dataconnect`: lstat /Users/mayamarkus-malone/Documents/Personal_CS/bcup/dataconnect: no such file or directory\n"}}
[debug] [2026-03-24T01:08:33.775Z] E0323 21:08:33.775170    2571 watch.go:40] Failed to load config from "/Users/mayamarkus-malone/Documents/Personal_CS/bcup/dataconnect": could not find dataconnect.yaml in `/Users/mayamarkus-malone/Documents/Personal_CS/bcup/dataconnect`
 {"metadata":{"emulator":{"name":"dataconnect"},"message":"E0323 21:08:33.775170    2571 watch.go:40] Failed to load config from \"/Users/mayamarkus-malone/Documents/Personal_CS/bcup/dataconnect\": could not find dataconnect.yaml in `/Users/mayamarkus-malone/Documents/Personal_CS/bcup/dataconnect`\n"}}
[debug] [2026-03-24T01:08:43.776Z] E0323 21:08:43.776240    2571 watch.go:40] Failed to load config from "/Users/mayamarkus-malone/Documents/Personal_CS/bcup/dataconnect": could not find dataconnect.yaml in `/Users/mayamarkus-malone/Documents/Personal_CS/bcup/dataconnect`
 {"metadata":{"emulator":{"name":"dataconnect"},"message":"E0323 21:08:43.776240    2571 watch.go:40] Failed to load config from \"/Users/mayamarkus-malone/Documents/Personal_CS/bcup/dataconnect\": could not find dataconnect.yaml in `/Users/mayamarkus-malone/Documents/Personal_CS/bcup/dataconnect`\n"}}
[debug] [2026-03-24T01:08:53.775Z] E0323 21:08:53.775332    2571 watch.go:40] Failed to load config from "/Users/mayamarkus-malone/Documents/Personal_CS/bcup/dataconnect": could not find dataconnect.yaml in `/Users/mayamarkus-malone/Documents/Personal_CS/bcup/dataconnect`
 {"metadata":{"emulator":{"name":"dataconnect"},"message":"E0323 21:08:53.775332    2571 watch.go:40] Failed to load config from \"/Users/mayamarkus-malone/Documents/Personal_CS/bcup/dataconnect\": could not find dataconnect.yaml in `/Users/mayamarkus-malone/Documents/Personal_CS/bcup/dataconnect`\n"}}
[debug] [2026-03-24T01:09:03.776Z] E0323 21:09:03.776159    2571 watch.go:40] Failed to load config from "/Users/mayamarkus-malone/Documents/Personal_CS/bcup/dataconnect": could not find dataconnect.yaml in `/Users/mayamarkus-malone/Documents/Personal_CS/bcup/dataconnect`
 {"metadata":{"emulator":{"name":"dataconnect"},"message":"E0323 21:09:03.776159    2571 watch.go:40] Failed to load config from \"/Users/mayamarkus-malone/Documents/Personal_CS/bcup/dataconnect\": could not find dataconnect.yaml in `/Users/mayamarkus-malone/Documents/Personal_CS/bcup/dataconnect`\n"}}
[debug] [2026-03-24T01:09:13.776Z] E0323 21:09:13.776252    2571 watch.go:40] Failed to load config from "/Users/mayamarkus-malone/Documents/Personal_CS/bcup/dataconnect": could not find dataconnect.yaml in `/Users/mayamarkus-malone/Documents/Personal_CS/bcup/dataconnect`
 {"metadata":{"emulator":{"name":"dataconnect"},"message":"E0323 21:09:13.776252    2571 watch.go:40] Failed to load config from \"/Users/mayamarkus-malone/Documents/Personal_CS/bcup/dataconnect\": could not find dataconnect.yaml in `/Users/mayamarkus-malone/Documents/Personal_CS/bcup/dataconnect`\n"}}
[debug] [2026-03-24T01:09:23.776Z] E0323 21:09:23.776113    2571 watch.go:40] Failed to load config from "/Users/mayamarkus-malone/Documents/Personal_CS/bcup/dataconnect": could not find dataconnect.yaml in `/Users/mayamarkus-malone/Documents/Personal_CS/bcup/dataconnect`
 {"metadata":{"emulator":{"name":"dataconnect"},"message":"E0323 21:09:23.776113    2571 watch.go:40] Failed to load config from \"/Users/mayamarkus-malone/Documents/Personal_CS/bcup/dataconnect\": could not find dataconnect.yaml in `/Users/mayamarkus-malone/Documents/Personal_CS/bcup/dataconnect`\n"}}
[debug] [2026-03-24T01:09:23.780Z] E0323 21:09:23.776075    2571 watch.go:116] watchAllDir unable to walk dir `/Users/mayamarkus-malone/Documents/Personal_CS/bcup/dataconnect`: lstat /Users/mayamarkus-malone/Documents/Personal_CS/bcup/dataconnect: no such file or directory
 {"metadata":{"emulator":{"name":"dataconnect"},"message":"E0323 21:09:23.776075    2571 watch.go:116] watchAllDir unable to walk dir `/Users/mayamarkus-malone/Documents/Personal_CS/bcup/dataconnect`: lstat /Users/mayamarkus-malone/Documents/Personal_CS/bcup/dataconnect: no such file or directory\n"}}
[debug] [2026-03-24T01:09:33.776Z] E0323 21:09:33.776260    2571 watch.go:40] Failed to load config from "/Users/mayamarkus-malone/Documents/Personal_CS/bcup/dataconnect": could not find dataconnect.yaml in `/Users/mayamarkus-malone/Documents/Personal_CS/bcup/dataconnect`
 {"metadata":{"emulator":{"name":"dataconnect"},"message":"E0323 21:09:33.776260    2571 watch.go:40] Failed to load config from \"/Users/mayamarkus-malone/Documents/Personal_CS/bcup/dataconnect\": could not find dataconnect.yaml in `/Users/mayamarkus-malone/Documents/Personal_CS/bcup/dataconnect`\n"}}
[debug] [2026-03-24T01:09:43.775Z] E0323 21:09:43.775149    2571 watch.go:40] Failed to load config from "/Users/mayamarkus-malone/Documents/Personal_CS/bcup/dataconnect": could not find dataconnect.yaml in `/Users/mayamarkus-malone/Documents/Personal_CS/bcup/dataconnect`
 {"metadata":{"emulator":{"name":"dataconnect"},"message":"E0323 21:09:43.775149    2571 watch.go:40] Failed to load config from \"/Users/mayamarkus-malone/Documents/Personal_CS/bcup/dataconnect\": could not find dataconnect.yaml in `/Users/mayamarkus-malone/Documents/Personal_CS/bcup/dataconnect`\n"}}
[debug] [2026-03-24T01:09:53.775Z] E0323 21:09:53.775197    2571 watch.go:40] Failed to load config from "/Users/mayamarkus-malone/Documents/Personal_CS/bcup/dataconnect": could not find dataconnect.yaml in `/Users/mayamarkus-malone/Documents/Personal_CS/bcup/dataconnect`
 {"metadata":{"emulator":{"name":"dataconnect"},"message":"E0323 21:09:53.775197    2571 watch.go:40] Failed to load config from \"/Users/mayamarkus-malone/Documents/Personal_CS/bcup/dataconnect\": could not find dataconnect.yaml in `/Users/mayamarkus-malone/Documents/Personal_CS/bcup/dataconnect`\n"}}
[debug] [2026-03-24T01:10:03.776Z] E0323 21:10:03.776447    2571 watch.go:40] Failed to load config from "/Users/mayamarkus-malone/Documents/Personal_CS/bcup/dataconnect": could not find dataconnect.yaml in `/Users/mayamarkus-malone/Documents/Personal_CS/bcup/dataconnect`
 {"metadata":{"emulator":{"name":"dataconnect"},"message":"E0323 21:10:03.776447    2571 watch.go:40] Failed to load config from \"/Users/mayamarkus-malone/Documents/Personal_CS/bcup/dataconnect\": could not find dataconnect.yaml in `/Users/mayamarkus-malone/Documents/Personal_CS/bcup/dataconnect`\n"}}
[debug] [2026-03-24T01:10:13.776Z] E0323 21:10:13.776094    2571 watch.go:40] Failed to load config from "/Users/mayamarkus-malone/Documents/Personal_CS/bcup/dataconnect": could not find dataconnect.yaml in `/Users/mayamarkus-malone/Documents/Personal_CS/bcup/dataconnect`
 {"metadata":{"emulator":{"name":"dataconnect"},"message":"E0323 21:10:13.776094    2571 watch.go:40] Failed to load config from \"/Users/mayamarkus-malone/Documents/Personal_CS/bcup/dataconnect\": could not find dataconnect.yaml in `/Users/mayamarkus-malone/Documents/Personal_CS/bcup/dataconnect`\n"}}
[debug] [2026-03-24T01:10:23.779Z] E0323 21:10:23.777925    2571 watch.go:116] watchAllDir unable to walk dir `/Users/mayamarkus-malone/Documents/Personal_CS/bcup/dataconnect`: lstat /Users/mayamarkus-malone/Documents/Personal_CS/bcup/dataconnect: no such file or directory
E0323 21:10:23.778251    2571 watch.go:40] Failed to load config from "/Users/mayamarkus-malone/Documents/Personal_CS/bcup/dataconnect": could not find dataconnect.yaml in `/Users/mayamarkus-malone/Documents/Personal_CS/bcup/dataconnect`
 {"metadata":{"emulator":{"name":"dataconnect"},"message":"E0323 21:10:23.777925    2571 watch.go:116] watchAllDir unable to walk dir `/Users/mayamarkus-malone/Documents/Personal_CS/bcup/dataconnect`: lstat /Users/mayamarkus-malone/Documents/Personal_CS/bcup/dataconnect: no such file or directory\nE0323 21:10:23.778251    2571 watch.go:40] Failed to load config from \"/Users/mayamarkus-malone/Documents/Personal_CS/bcup/dataconnect\": could not find dataconnect.yaml in `/Users/mayamarkus-malone/Documents/Personal_CS/bcup/dataconnect`\n"}}
[debug] [2026-03-24T01:10:33.778Z] E0323 21:10:33.778200    2571 watch.go:40] Failed to load config from "/Users/mayamarkus-malone/Documents/Personal_CS/bcup/dataconnect": could not find dataconnect.yaml in `/Users/mayamarkus-malone/Documents/Personal_CS/bcup/dataconnect`
 {"metadata":{"emulator":{"name":"dataconnect"},"message":"E0323 21:10:33.778200    2571 watch.go:40] Failed to load config from \"/Users/mayamarkus-malone/Documents/Personal_CS/bcup/dataconnect\": could not find dataconnect.yaml in `/Users/mayamarkus-malone/Documents/Personal_CS/bcup/dataconnect`\n"}}
[debug] [2026-03-24T01:10:43.775Z] E0323 21:10:43.774846    2571 watch.go:40] Failed to load config from "/Users/mayamarkus-malone/Documents/Personal_CS/bcup/dataconnect": could not find dataconnect.yaml in `/Users/mayamarkus-malone/Documents/Personal_CS/bcup/dataconnect`
 {"metadata":{"emulator":{"name":"dataconnect"},"message":"E0323 21:10:43.774846    2571 watch.go:40] Failed to load config from \"/Users/mayamarkus-malone/Documents/Personal_CS/bcup/dataconnect\": could not find dataconnect.yaml in `/Users/mayamarkus-malone/Documents/Personal_CS/bcup/dataconnect`\n"}}
[debug] [2026-03-24T01:10:53.774Z] E0323 21:10:53.774606    2571 watch.go:40] Failed to load config from "/Users/mayamarkus-malone/Documents/Personal_CS/bcup/dataconnect": could not find dataconnect.yaml in `/Users/mayamarkus-malone/Documents/Personal_CS/bcup/dataconnect`
 {"metadata":{"emulator":{"name":"dataconnect"},"message":"E0323 21:10:53.774606    2571 watch.go:40] Failed to load config from \"/Users/mayamarkus-malone/Documents/Personal_CS/bcup/dataconnect\": could not find dataconnect.yaml in `/Users/mayamarkus-malone/Documents/Personal_CS/bcup/dataconnect`\n"}}
[debug] [2026-03-24T01:11:03.775Z] E0323 21:11:03.775419    2571 watch.go:40] Failed to load config from "/Users/mayamarkus-malone/Documents/Personal_CS/bcup/dataconnect": could not find dataconnect.yaml in `/Users/mayamarkus-malone/Documents/Personal_CS/bcup/dataconnect`
 {"metadata":{"emulator":{"name":"dataconnect"},"message":"E0323 21:11:03.775419    2571 watch.go:40] Failed to load config from \"/Users/mayamarkus-malone/Documents/Personal_CS/bcup/dataconnect\": could not find dataconnect.yaml in `/Users/mayamarkus-malone/Documents/Personal_CS/bcup/dataconnect`\n"}}
[debug] [2026-03-24T01:11:13.775Z] E0323 21:11:13.774662    2571 watch.go:40] Failed to load config from "/Users/mayamarkus-malone/Documents/Personal_CS/bcup/dataconnect": could not find dataconnect.yaml in `/Users/mayamarkus-malone/Documents/Personal_CS/bcup/dataconnect`
 {"metadata":{"emulator":{"name":"dataconnect"},"message":"E0323 21:11:13.774662    2571 watch.go:40] Failed to load config from \"/Users/mayamarkus-malone/Documents/Personal_CS/bcup/dataconnect\": could not find dataconnect.yaml in `/Users/mayamarkus-malone/Documents/Personal_CS/bcup/dataconnect`\n"}}
[debug] [2026-03-24T01:11:23.774Z] E0323 21:11:23.774734    2571 watch.go:40] Failed to load config from "/Users/mayamarkus-malone/Documents/Personal_CS/bcup/dataconnect": could not find dataconnect.yaml in `/Users/mayamarkus-malone/Documents/Personal_CS/bcup/dataconnect`
 {"metadata":{"emulator":{"name":"dataconnect"},"message":"E0323 21:11:23.774734    2571 watch.go:40] Failed to load config from \"/Users/mayamarkus-malone/Documents/Personal_CS/bcup/dataconnect\": could not find dataconnect.yaml in `/Users/mayamarkus-malone/Documents/Personal_CS/bcup/dataconnect`\n"}}
[debug] [2026-03-24T01:11:23.775Z] E0323 21:11:23.775090    2571 watch.go:116] watchAllDir unable to walk dir `/Users/mayamarkus-malone/Documents/Personal_CS/bcup/dataconnect`: lstat /Users/mayamarkus-malone/Documents/Personal_CS/bcup/dataconnect: no such file or directory
 {"metadata":{"emulator":{"name":"dataconnect"},"message":"E0323 21:11:23.775090    2571 watch.go:116] watchAllDir unable to walk dir `/Users/mayamarkus-malone/Documents/Personal_CS/bcup/dataconnect`: lstat /Users/mayamarkus-malone/Documents/Personal_CS/bcup/dataconnect: no such file or directory\n"}}
[debug] [2026-03-24T01:11:33.775Z] E0323 21:11:33.775339    2571 watch.go:40] Failed to load config from "/Users/mayamarkus-malone/Documents/Personal_CS/bcup/dataconnect": could not find dataconnect.yaml in `/Users/mayamarkus-malone/Documents/Personal_CS/bcup/dataconnect`
 {"metadata":{"emulator":{"name":"dataconnect"},"message":"E0323 21:11:33.775339    2571 watch.go:40] Failed to load config from \"/Users/mayamarkus-malone/Documents/Personal_CS/bcup/dataconnect\": could not find dataconnect.yaml in `/Users/mayamarkus-malone/Documents/Personal_CS/bcup/dataconnect`\n"}}
[debug] [2026-03-24T01:11:43.775Z] E0323 21:11:43.775527    2571 watch.go:40] Failed to load config from "/Users/mayamarkus-malone/Documents/Personal_CS/bcup/dataconnect": could not find dataconnect.yaml in `/Users/mayamarkus-malone/Documents/Personal_CS/bcup/dataconnect`
 {"metadata":{"emulator":{"name":"dataconnect"},"message":"E0323 21:11:43.775527    2571 watch.go:40] Failed to load config from \"/Users/mayamarkus-malone/Documents/Personal_CS/bcup/dataconnect\": could not find dataconnect.yaml in `/Users/mayamarkus-malone/Documents/Personal_CS/bcup/dataconnect`\n"}}
[debug] [2026-03-24T01:11:53.776Z] E0323 21:11:53.775801    2571 watch.go:40] Failed to load config from "/Users/mayamarkus-malone/Documents/Personal_CS/bcup/dataconnect": could not find dataconnect.yaml in `/Users/mayamarkus-malone/Documents/Personal_CS/bcup/dataconnect`
 {"metadata":{"emulator":{"name":"dataconnect"},"message":"E0323 21:11:53.775801    2571 watch.go:40] Failed to load config from \"/Users/mayamarkus-malone/Documents/Personal_CS/bcup/dataconnect\": could not find dataconnect.yaml in `/Users/mayamarkus-malone/Documents/Personal_CS/bcup/dataconnect`\n"}}
[debug] [2026-03-24T01:12:03.775Z] E0323 21:12:03.775666    2571 watch.go:40] Failed to load config from "/Users/mayamarkus-malone/Documents/Personal_CS/bcup/dataconnect": could not find dataconnect.yaml in `/Users/mayamarkus-malone/Documents/Personal_CS/bcup/dataconnect`
 {"metadata":{"emulator":{"name":"dataconnect"},"message":"E0323 21:12:03.775666    2571 watch.go:40] Failed to load config from \"/Users/mayamarkus-malone/Documents/Personal_CS/bcup/dataconnect\": could not find dataconnect.yaml in `/Users/mayamarkus-malone/Documents/Personal_CS/bcup/dataconnect`\n"}}
[debug] [2026-03-24T01:12:13.775Z] E0323 21:12:13.775320    2571 watch.go:40] Failed to load config from "/Users/mayamarkus-malone/Documents/Personal_CS/bcup/dataconnect": could not find dataconnect.yaml in `/Users/mayamarkus-malone/Documents/Personal_CS/bcup/dataconnect`
 {"metadata":{"emulator":{"name":"dataconnect"},"message":"E0323 21:12:13.775320    2571 watch.go:40] Failed to load config from \"/Users/mayamarkus-malone/Documents/Personal_CS/bcup/dataconnect\": could not find dataconnect.yaml in `/Users/mayamarkus-malone/Documents/Personal_CS/bcup/dataconnect`\n"}}
[debug] [2026-03-24T01:12:23.776Z] E0323 21:12:23.775481    2571 watch.go:116] watchAllDir unable to walk dir `/Users/mayamarkus-malone/Documents/Personal_CS/bcup/dataconnect`: lstat /Users/mayamarkus-malone/Documents/Personal_CS/bcup/dataconnect: no such file or directory
E0323 21:12:23.775875    2571 watch.go:40] Failed to load config from "/Users/mayamarkus-malone/Documents/Personal_CS/bcup/dataconnect": could not find dataconnect.yaml in `/Users/mayamarkus-malone/Documents/Personal_CS/bcup/dataconnect`
 {"metadata":{"emulator":{"name":"dataconnect"},"message":"E0323 21:12:23.775481    2571 watch.go:116] watchAllDir unable to walk dir `/Users/mayamarkus-malone/Documents/Personal_CS/bcup/dataconnect`: lstat /Users/mayamarkus-malone/Documents/Personal_CS/bcup/dataconnect: no such file or directory\nE0323 21:12:23.775875    2571 watch.go:40] Failed to load config from \"/Users/mayamarkus-malone/Documents/Personal_CS/bcup/dataconnect\": could not find dataconnect.yaml in `/Users/mayamarkus-malone/Documents/Personal_CS/bcup/dataconnect`\n"}}
[debug] [2026-03-24T01:12:33.776Z] E0323 21:12:33.776164    2571 watch.go:40] Failed to load config from "/Users/mayamarkus-malone/Documents/Personal_CS/bcup/dataconnect": could not find dataconnect.yaml in `/Users/mayamarkus-malone/Documents/Personal_CS/bcup/dataconnect`
 {"metadata":{"emulator":{"name":"dataconnect"},"message":"E0323 21:12:33.776164    2571 watch.go:40] Failed to load config from \"/Users/mayamarkus-malone/Documents/Personal_CS/bcup/dataconnect\": could not find dataconnect.yaml in `/Users/mayamarkus-malone/Documents/Personal_CS/bcup/dataconnect`\n"}}
[debug] [2026-03-24T01:12:43.776Z] E0323 21:12:43.775998    2571 watch.go:40] Failed to load config from "/Users/mayamarkus-malone/Documents/Personal_CS/bcup/dataconnect": could not find dataconnect.yaml in `/Users/mayamarkus-malone/Documents/Personal_CS/bcup/dataconnect`
 {"metadata":{"emulator":{"name":"dataconnect"},"message":"E0323 21:12:43.775998    2571 watch.go:40] Failed to load config from \"/Users/mayamarkus-malone/Documents/Personal_CS/bcup/dataconnect\": could not find dataconnect.yaml in `/Users/mayamarkus-malone/Documents/Personal_CS/bcup/dataconnect`\n"}}
[debug] [2026-03-24T01:12:53.779Z] E0323 21:12:53.775870    2571 watch.go:40] Failed to load config from "/Users/mayamarkus-malone/Documents/Personal_CS/bcup/dataconnect": could not find dataconnect.yaml in `/Users/mayamarkus-malone/Documents/Personal_CS/bcup/dataconnect`
 {"metadata":{"emulator":{"name":"dataconnect"},"message":"E0323 21:12:53.775870    2571 watch.go:40] Failed to load config from \"/Users/mayamarkus-malone/Documents/Personal_CS/bcup/dataconnect\": could not find dataconnect.yaml in `/Users/mayamarkus-malone/Documents/Personal_CS/bcup/dataconnect`\n"}}
[debug] [2026-03-24T01:13:03.775Z] E0323 21:13:03.775716    2571 watch.go:40] Failed to load config from "/Users/mayamarkus-malone/Documents/Personal_CS/bcup/dataconnect": could not find dataconnect.yaml in `/Users/mayamarkus-malone/Documents/Personal_CS/bcup/dataconnect`
 {"metadata":{"emulator":{"name":"dataconnect"},"message":"E0323 21:13:03.775716    2571 watch.go:40] Failed to load config from \"/Users/mayamarkus-malone/Documents/Personal_CS/bcup/dataconnect\": could not find dataconnect.yaml in `/Users/mayamarkus-malone/Documents/Personal_CS/bcup/dataconnect`\n"}}
[debug] [2026-03-24T01:13:13.776Z] E0323 21:13:13.776618    2571 watch.go:40] Failed to load config from "/Users/mayamarkus-malone/Documents/Personal_CS/bcup/dataconnect": could not find dataconnect.yaml in `/Users/mayamarkus-malone/Documents/Personal_CS/bcup/dataconnect`
 {"metadata":{"emulator":{"name":"dataconnect"},"message":"E0323 21:13:13.776618    2571 watch.go:40] Failed to load config from \"/Users/mayamarkus-malone/Documents/Personal_CS/bcup/dataconnect\": could not find dataconnect.yaml in `/Users/mayamarkus-malone/Documents/Personal_CS/bcup/dataconnect`\n"}}
[debug] [2026-03-24T01:13:23.776Z] E0323 21:13:23.775916    2571 watch.go:40] Failed to load config from "/Users/mayamarkus-malone/Documents/Personal_CS/bcup/dataconnect": could not find dataconnect.yaml in `/Users/mayamarkus-malone/Documents/Personal_CS/bcup/dataconnect`
E0323 21:13:23.775833    2571 watch.go:116] watchAllDir unable to walk dir `/Users/mayamarkus-malone/Documents/Personal_CS/bcup/dataconnect`: lstat /Users/mayamarkus-malone/Documents/Personal_CS/bcup/dataconnect: no such file or directory
 {"metadata":{"emulator":{"name":"dataconnect"},"message":"E0323 21:13:23.775916    2571 watch.go:40] Failed to load config from \"/Users/mayamarkus-malone/Documents/Personal_CS/bcup/dataconnect\": could not find dataconnect.yaml in `/Users/mayamarkus-malone/Documents/Personal_CS/bcup/dataconnect`\nE0323 21:13:23.775833    2571 watch.go:116] watchAllDir unable to walk dir `/Users/mayamarkus-malone/Documents/Personal_CS/bcup/dataconnect`: lstat /Users/mayamarkus-malone/Documents/Personal_CS/bcup/dataconnect: no such file or directory\n"}}
[debug] [2026-03-24T01:13:33.776Z] E0323 21:13:33.776128    2571 watch.go:40] Failed to load config from "/Users/mayamarkus-malone/Documents/Personal_CS/bcup/dataconnect": could not find dataconnect.yaml in `/Users/mayamarkus-malone/Documents/Personal_CS/bcup/dataconnect`
 {"metadata":{"emulator":{"name":"dataconnect"},"message":"E0323 21:13:33.776128    2571 watch.go:40] Failed to load config from \"/Users/mayamarkus-malone/Documents/Personal_CS/bcup/dataconnect\": could not find dataconnect.yaml in `/Users/mayamarkus-malone/Documents/Personal_CS/bcup/dataconnect`\n"}}
[debug] [2026-03-24T01:13:43.778Z] E0323 21:13:43.778293    2571 watch.go:40] Failed to load config from "/Users/mayamarkus-malone/Documents/Personal_CS/bcup/dataconnect": could not find dataconnect.yaml in `/Users/mayamarkus-malone/Documents/Personal_CS/bcup/dataconnect`
 {"metadata":{"emulator":{"name":"dataconnect"},"message":"E0323 21:13:43.778293    2571 watch.go:40] Failed to load config from \"/Users/mayamarkus-malone/Documents/Personal_CS/bcup/dataconnect\": could not find dataconnect.yaml in `/Users/mayamarkus-malone/Documents/Personal_CS/bcup/dataconnect`\n"}}
[debug] [2026-03-24T01:13:53.776Z] E0323 21:13:53.776332    2571 watch.go:40] Failed to load config from "/Users/mayamarkus-malone/Documents/Personal_CS/bcup/dataconnect": could not find dataconnect.yaml in `/Users/mayamarkus-malone/Documents/Personal_CS/bcup/dataconnect`
 {"metadata":{"emulator":{"name":"dataconnect"},"message":"E0323 21:13:53.776332    2571 watch.go:40] Failed to load config from \"/Users/mayamarkus-malone/Documents/Personal_CS/bcup/dataconnect\": could not find dataconnect.yaml in `/Users/mayamarkus-malone/Documents/Personal_CS/bcup/dataconnect`\n"}}
[debug] [2026-03-24T01:14:03.776Z] E0323 21:14:03.776124    2571 watch.go:40] Failed to load config from "/Users/mayamarkus-malone/Documents/Personal_CS/bcup/dataconnect": could not find dataconnect.yaml in `/Users/mayamarkus-malone/Documents/Personal_CS/bcup/dataconnect`
 {"metadata":{"emulator":{"name":"dataconnect"},"message":"E0323 21:14:03.776124    2571 watch.go:40] Failed to load config from \"/Users/mayamarkus-malone/Documents/Personal_CS/bcup/dataconnect\": could not find dataconnect.yaml in `/Users/mayamarkus-malone/Documents/Personal_CS/bcup/dataconnect`\n"}}
[debug] [2026-03-24T01:14:13.777Z] E0323 21:14:13.776898    2571 watch.go:40] Failed to load config from "/Users/mayamarkus-malone/Documents/Personal_CS/bcup/dataconnect": could not find dataconnect.yaml in `/Users/mayamarkus-malone/Documents/Personal_CS/bcup/dataconnect`
 {"metadata":{"emulator":{"name":"dataconnect"},"message":"E0323 21:14:13.776898    2571 watch.go:40] Failed to load config from \"/Users/mayamarkus-malone/Documents/Personal_CS/bcup/dataconnect\": could not find dataconnect.yaml in `/Users/mayamarkus-malone/Documents/Personal_CS/bcup/dataconnect`\n"}}
[debug] [2026-03-24T01:14:23.777Z] E0323 21:14:23.776527    2571 watch.go:40] Failed to load config from "/Users/mayamarkus-malone/Documents/Personal_CS/bcup/dataconnect": could not find dataconnect.yaml in `/Users/mayamarkus-malone/Documents/Personal_CS/bcup/dataconnect`
 {"metadata":{"emulator":{"name":"dataconnect"},"message":"E0323 21:14:23.776527    2571 watch.go:40] Failed to load config from \"/Users/mayamarkus-malone/Documents/Personal_CS/bcup/dataconnect\": could not find dataconnect.yaml in `/Users/mayamarkus-malone/Documents/Personal_CS/bcup/dataconnect`\n"}}
[debug] [2026-03-24T01:14:23.779Z] E0323 21:14:23.776422    2571 watch.go:116] watchAllDir unable to walk dir `/Users/mayamarkus-malone/Documents/Personal_CS/bcup/dataconnect`: lstat /Users/mayamarkus-malone/Documents/Personal_CS/bcup/dataconnect: no such file or directory
 {"metadata":{"emulator":{"name":"dataconnect"},"message":"E0323 21:14:23.776422    2571 watch.go:116] watchAllDir unable to walk dir `/Users/mayamarkus-malone/Documents/Personal_CS/bcup/dataconnect`: lstat /Users/mayamarkus-malone/Documents/Personal_CS/bcup/dataconnect: no such file or directory\n"}}
[debug] [2026-03-24T01:14:33.777Z] E0323 21:14:33.777072    2571 watch.go:40] Failed to load config from "/Users/mayamarkus-malone/Documents/Personal_CS/bcup/dataconnect": could not find dataconnect.yaml in `/Users/mayamarkus-malone/Documents/Personal_CS/bcup/dataconnect`
 {"metadata":{"emulator":{"name":"dataconnect"},"message":"E0323 21:14:33.777072    2571 watch.go:40] Failed to load config from \"/Users/mayamarkus-malone/Documents/Personal_CS/bcup/dataconnect\": could not find dataconnect.yaml in `/Users/mayamarkus-malone/Documents/Personal_CS/bcup/dataconnect`\n"}}
[debug] [2026-03-24T01:14:43.778Z] E0323 21:14:43.777399    2571 watch.go:40] Failed to load config from "/Users/mayamarkus-malone/Documents/Personal_CS/bcup/dataconnect": could not find dataconnect.yaml in `/Users/mayamarkus-malone/Documents/Personal_CS/bcup/dataconnect`
 {"metadata":{"emulator":{"name":"dataconnect"},"message":"E0323 21:14:43.777399    2571 watch.go:40] Failed to load config from \"/Users/mayamarkus-malone/Documents/Personal_CS/bcup/dataconnect\": could not find dataconnect.yaml in `/Users/mayamarkus-malone/Documents/Personal_CS/bcup/dataconnect`\n"}}
[debug] [2026-03-24T01:14:53.776Z] E0323 21:14:53.775924    2571 watch.go:40] Failed to load config from "/Users/mayamarkus-malone/Documents/Personal_CS/bcup/dataconnect": could not find dataconnect.yaml in `/Users/mayamarkus-malone/Documents/Personal_CS/bcup/dataconnect`
 {"metadata":{"emulator":{"name":"dataconnect"},"message":"E0323 21:14:53.775924    2571 watch.go:40] Failed to load config from \"/Users/mayamarkus-malone/Documents/Personal_CS/bcup/dataconnect\": could not find dataconnect.yaml in `/Users/mayamarkus-malone/Documents/Personal_CS/bcup/dataconnect`\n"}}
[debug] [2026-03-24T01:15:03.776Z] E0323 21:15:03.776182    2571 watch.go:40] Failed to load config from "/Users/mayamarkus-malone/Documents/Personal_CS/bcup/dataconnect": could not find dataconnect.yaml in `/Users/mayamarkus-malone/Documents/Personal_CS/bcup/dataconnect`
 {"metadata":{"emulator":{"name":"dataconnect"},"message":"E0323 21:15:03.776182    2571 watch.go:40] Failed to load config from \"/Users/mayamarkus-malone/Documents/Personal_CS/bcup/dataconnect\": could not find dataconnect.yaml in `/Users/mayamarkus-malone/Documents/Personal_CS/bcup/dataconnect`\n"}}
[debug] [2026-03-24T01:15:13.776Z] E0323 21:15:13.776134    2571 watch.go:40] Failed to load config from "/Users/mayamarkus-malone/Documents/Personal_CS/bcup/dataconnect": could not find dataconnect.yaml in `/Users/mayamarkus-malone/Documents/Personal_CS/bcup/dataconnect`
 {"metadata":{"emulator":{"name":"dataconnect"},"message":"E0323 21:15:13.776134    2571 watch.go:40] Failed to load config from \"/Users/mayamarkus-malone/Documents/Personal_CS/bcup/dataconnect\": could not find dataconnect.yaml in `/Users/mayamarkus-malone/Documents/Personal_CS/bcup/dataconnect`\n"}}
[debug] [2026-03-24T01:15:23.776Z] E0323 21:15:23.776061    2571 watch.go:116] watchAllDir unable to walk dir `/Users/mayamarkus-malone/Documents/Personal_CS/bcup/dataconnect`: lstat /Users/mayamarkus-malone/Documents/Personal_CS/bcup/dataconnect: no such file or directory
E0323 21:15:23.776238    2571 watch.go:40] Failed to load config from "/Users/mayamarkus-malone/Documents/Personal_CS/bcup/dataconnect": could not find dataconnect.yaml in `/Users/mayamarkus-malone/Documents/Personal_CS/bcup/dataconnect`
 {"metadata":{"emulator":{"name":"dataconnect"},"message":"E0323 21:15:23.776061    2571 watch.go:116] watchAllDir unable to walk dir `/Users/mayamarkus-malone/Documents/Personal_CS/bcup/dataconnect`: lstat /Users/mayamarkus-malone/Documents/Personal_CS/bcup/dataconnect: no such file or directory\nE0323 21:15:23.776238    2571 watch.go:40] Failed to load config from \"/Users/mayamarkus-malone/Documents/Personal_CS/bcup/dataconnect\": could not find dataconnect.yaml in `/Users/mayamarkus-malone/Documents/Personal_CS/bcup/dataconnect`\n"}}
[debug] [2026-03-24T01:15:33.776Z] E0323 21:15:33.776197    2571 watch.go:40] Failed to load config from "/Users/mayamarkus-malone/Documents/Personal_CS/bcup/dataconnect": could not find dataconnect.yaml in `/Users/mayamarkus-malone/Documents/Personal_CS/bcup/dataconnect`
 {"metadata":{"emulator":{"name":"dataconnect"},"message":"E0323 21:15:33.776197    2571 watch.go:40] Failed to load config from \"/Users/mayamarkus-malone/Documents/Personal_CS/bcup/dataconnect\": could not find dataconnect.yaml in `/Users/mayamarkus-malone/Documents/Personal_CS/bcup/dataconnect`\n"}}
[debug] [2026-03-24T01:15:43.776Z] E0323 21:15:43.776223    2571 watch.go:40] Failed to load config from "/Users/mayamarkus-malone/Documents/Personal_CS/bcup/dataconnect": could not find dataconnect.yaml in `/Users/mayamarkus-malone/Documents/Personal_CS/bcup/dataconnect`
 {"metadata":{"emulator":{"name":"dataconnect"},"message":"E0323 21:15:43.776223    2571 watch.go:40] Failed to load config from \"/Users/mayamarkus-malone/Documents/Personal_CS/bcup/dataconnect\": could not find dataconnect.yaml in `/Users/mayamarkus-malone/Documents/Personal_CS/bcup/dataconnect`\n"}}
[debug] [2026-03-24T01:15:53.776Z] E0323 21:15:53.776380    2571 watch.go:40] Failed to load config from "/Users/mayamarkus-malone/Documents/Personal_CS/bcup/dataconnect": could not find dataconnect.yaml in `/Users/mayamarkus-malone/Documents/Personal_CS/bcup/dataconnect`
 {"metadata":{"emulator":{"name":"dataconnect"},"message":"E0323 21:15:53.776380    2571 watch.go:40] Failed to load config from \"/Users/mayamarkus-malone/Documents/Personal_CS/bcup/dataconnect\": could not find dataconnect.yaml in `/Users/mayamarkus-malone/Documents/Personal_CS/bcup/dataconnect`\n"}}
[debug] [2026-03-24T01:16:03.776Z] E0323 21:16:03.776279    2571 watch.go:40] Failed to load config from "/Users/mayamarkus-malone/Documents/Personal_CS/bcup/dataconnect": could not find dataconnect.yaml in `/Users/mayamarkus-malone/Documents/Personal_CS/bcup/dataconnect`
 {"metadata":{"emulator":{"name":"dataconnect"},"message":"E0323 21:16:03.776279    2571 watch.go:40] Failed to load config from \"/Users/mayamarkus-malone/Documents/Personal_CS/bcup/dataconnect\": could not find dataconnect.yaml in `/Users/mayamarkus-malone/Documents/Personal_CS/bcup/dataconnect`\n"}}
[debug] [2026-03-24T01:16:13.776Z] E0323 21:16:13.776336    2571 watch.go:40] Failed to load config from "/Users/mayamarkus-malone/Documents/Personal_CS/bcup/dataconnect": could not find dataconnect.yaml in `/Users/mayamarkus-malone/Documents/Personal_CS/bcup/dataconnect`
 {"metadata":{"emulator":{"name":"dataconnect"},"message":"E0323 21:16:13.776336    2571 watch.go:40] Failed to load config from \"/Users/mayamarkus-malone/Documents/Personal_CS/bcup/dataconnect\": could not find dataconnect.yaml in `/Users/mayamarkus-malone/Documents/Personal_CS/bcup/dataconnect`\n"}}
[debug] [2026-03-24T01:16:23.776Z] E0323 21:16:23.776307    2571 watch.go:116] watchAllDir unable to walk dir `/Users/mayamarkus-malone/Documents/Personal_CS/bcup/dataconnect`: lstat /Users/mayamarkus-malone/Documents/Personal_CS/bcup/dataconnect: no such file or directory
 {"metadata":{"emulator":{"name":"dataconnect"},"message":"E0323 21:16:23.776307    2571 watch.go:116] watchAllDir unable to walk dir `/Users/mayamarkus-malone/Documents/Personal_CS/bcup/dataconnect`: lstat /Users/mayamarkus-malone/Documents/Personal_CS/bcup/dataconnect: no such file or directory\n"}}
[debug] [2026-03-24T01:16:23.776Z] E0323 21:16:23.776485    2571 watch.go:40] Failed to load config from "/Users/mayamarkus-malone/Documents/Personal_CS/bcup/dataconnect": could not find dataconnect.yaml in `/Users/mayamarkus-malone/Documents/Personal_CS/bcup/dataconnect`
 {"metadata":{"emulator":{"name":"dataconnect"},"message":"E0323 21:16:23.776485    2571 watch.go:40] Failed to load config from \"/Users/mayamarkus-malone/Documents/Personal_CS/bcup/dataconnect\": could not find dataconnect.yaml in `/Users/mayamarkus-malone/Documents/Personal_CS/bcup/dataconnect`\n"}}
[debug] [2026-03-24T01:16:33.776Z] E0323 21:16:33.776357    2571 watch.go:40] Failed to load config from "/Users/mayamarkus-malone/Documents/Personal_CS/bcup/dataconnect": could not find dataconnect.yaml in `/Users/mayamarkus-malone/Documents/Personal_CS/bcup/dataconnect`
 {"metadata":{"emulator":{"name":"dataconnect"},"message":"E0323 21:16:33.776357    2571 watch.go:40] Failed to load config from \"/Users/mayamarkus-malone/Documents/Personal_CS/bcup/dataconnect\": could not find dataconnect.yaml in `/Users/mayamarkus-malone/Documents/Personal_CS/bcup/dataconnect`\n"}}
[debug] [2026-03-24T01:16:43.775Z] E0323 21:16:43.775738    2571 watch.go:40] Failed to load config from "/Users/mayamarkus-malone/Documents/Personal_CS/bcup/dataconnect": could not find dataconnect.yaml in `/Users/mayamarkus-malone/Documents/Personal_CS/bcup/dataconnect`
 {"metadata":{"emulator":{"name":"dataconnect"},"message":"E0323 21:16:43.775738    2571 watch.go:40] Failed to load config from \"/Users/mayamarkus-malone/Documents/Personal_CS/bcup/dataconnect\": could not find dataconnect.yaml in `/Users/mayamarkus-malone/Documents/Personal_CS/bcup/dataconnect`\n"}}
[debug] [2026-03-24T01:16:53.777Z] E0323 21:16:53.776746    2571 watch.go:40] Failed to load config from "/Users/mayamarkus-malone/Documents/Personal_CS/bcup/dataconnect": could not find dataconnect.yaml in `/Users/mayamarkus-malone/Documents/Personal_CS/bcup/dataconnect`
 {"metadata":{"emulator":{"name":"dataconnect"},"message":"E0323 21:16:53.776746    2571 watch.go:40] Failed to load config from \"/Users/mayamarkus-malone/Documents/Personal_CS/bcup/dataconnect\": could not find dataconnect.yaml in `/Users/mayamarkus-malone/Documents/Personal_CS/bcup/dataconnect`\n"}}
[debug] [2026-03-24T01:17:03.776Z] E0323 21:17:03.776685    2571 watch.go:40] Failed to load config from "/Users/mayamarkus-malone/Documents/Personal_CS/bcup/dataconnect": could not find dataconnect.yaml in `/Users/mayamarkus-malone/Documents/Personal_CS/bcup/dataconnect`
 {"metadata":{"emulator":{"name":"dataconnect"},"message":"E0323 21:17:03.776685    2571 watch.go:40] Failed to load config from \"/Users/mayamarkus-malone/Documents/Personal_CS/bcup/dataconnect\": could not find dataconnect.yaml in `/Users/mayamarkus-malone/Documents/Personal_CS/bcup/dataconnect`\n"}}
[debug] [2026-03-24T01:17:13.776Z] E0323 21:17:13.775981    2571 watch.go:40] Failed to load config from "/Users/mayamarkus-malone/Documents/Personal_CS/bcup/dataconnect": could not find dataconnect.yaml in `/Users/mayamarkus-malone/Documents/Personal_CS/bcup/dataconnect`
 {"metadata":{"emulator":{"name":"dataconnect"},"message":"E0323 21:17:13.775981    2571 watch.go:40] Failed to load config from \"/Users/mayamarkus-malone/Documents/Personal_CS/bcup/dataconnect\": could not find dataconnect.yaml in `/Users/mayamarkus-malone/Documents/Personal_CS/bcup/dataconnect`\n"}}
[debug] [2026-03-24T01:17:23.776Z] E0323 21:17:23.776125    2571 watch.go:40] Failed to load config from "/Users/mayamarkus-malone/Documents/Personal_CS/bcup/dataconnect": could not find dataconnect.yaml in `/Users/mayamarkus-malone/Documents/Personal_CS/bcup/dataconnect`
 {"metadata":{"emulator":{"name":"dataconnect"},"message":"E0323 21:17:23.776125    2571 watch.go:40] Failed to load config from \"/Users/mayamarkus-malone/Documents/Personal_CS/bcup/dataconnect\": could not find dataconnect.yaml in `/Users/mayamarkus-malone/Documents/Personal_CS/bcup/dataconnect`\n"}}
[debug] [2026-03-24T01:17:23.777Z] E0323 21:17:23.776069    2571 watch.go:116] watchAllDir unable to walk dir `/Users/mayamarkus-malone/Documents/Personal_CS/bcup/dataconnect`: lstat /Users/mayamarkus-malone/Documents/Personal_CS/bcup/dataconnect: no such file or directory
 {"metadata":{"emulator":{"name":"dataconnect"},"message":"E0323 21:17:23.776069    2571 watch.go:116] watchAllDir unable to walk dir `/Users/mayamarkus-malone/Documents/Personal_CS/bcup/dataconnect`: lstat /Users/mayamarkus-malone/Documents/Personal_CS/bcup/dataconnect: no such file or directory\n"}}
[debug] [2026-03-24T01:17:33.777Z] E0323 21:17:33.776920    2571 watch.go:40] Failed to load config from "/Users/mayamarkus-malone/Documents/Personal_CS/bcup/dataconnect": could not find dataconnect.yaml in `/Users/mayamarkus-malone/Documents/Personal_CS/bcup/dataconnect`
 {"metadata":{"emulator":{"name":"dataconnect"},"message":"E0323 21:17:33.776920    2571 watch.go:40] Failed to load config from \"/Users/mayamarkus-malone/Documents/Personal_CS/bcup/dataconnect\": could not find dataconnect.yaml in `/Users/mayamarkus-malone/Documents/Personal_CS/bcup/dataconnect`\n"}}
[debug] [2026-03-24T01:17:43.776Z] E0323 21:17:43.776415    2571 watch.go:40] Failed to load config from "/Users/mayamarkus-malone/Documents/Personal_CS/bcup/dataconnect": could not find dataconnect.yaml in `/Users/mayamarkus-malone/Documents/Personal_CS/bcup/dataconnect`
 {"metadata":{"emulator":{"name":"dataconnect"},"message":"E0323 21:17:43.776415    2571 watch.go:40] Failed to load config from \"/Users/mayamarkus-malone/Documents/Personal_CS/bcup/dataconnect\": could not find dataconnect.yaml in `/Users/mayamarkus-malone/Documents/Personal_CS/bcup/dataconnect`\n"}}
[debug] [2026-03-24T01:17:53.774Z] E0323 21:17:53.774549    2571 watch.go:40] Failed to load config from "/Users/mayamarkus-malone/Documents/Personal_CS/bcup/dataconnect": could not find dataconnect.yaml in `/Users/mayamarkus-malone/Documents/Personal_CS/bcup/dataconnect`
 {"metadata":{"emulator":{"name":"dataconnect"},"message":"E0323 21:17:53.774549    2571 watch.go:40] Failed to load config from \"/Users/mayamarkus-malone/Documents/Personal_CS/bcup/dataconnect\": could not find dataconnect.yaml in `/Users/mayamarkus-malone/Documents/Personal_CS/bcup/dataconnect`\n"}}
[debug] [2026-03-24T01:18:03.773Z] E0323 21:18:03.773241    2571 watch.go:40] Failed to load config from "/Users/mayamarkus-malone/Documents/Personal_CS/bcup/dataconnect": could not find dataconnect.yaml in `/Users/mayamarkus-malone/Documents/Personal_CS/bcup/dataconnect`
 {"metadata":{"emulator":{"name":"dataconnect"},"message":"E0323 21:18:03.773241    2571 watch.go:40] Failed to load config from \"/Users/mayamarkus-malone/Documents/Personal_CS/bcup/dataconnect\": could not find dataconnect.yaml in `/Users/mayamarkus-malone/Documents/Personal_CS/bcup/dataconnect`\n"}}
[debug] [2026-03-24T01:18:13.772Z] E0323 21:18:13.772854    2571 watch.go:40] Failed to load config from "/Users/mayamarkus-malone/Documents/Personal_CS/bcup/dataconnect": could not find dataconnect.yaml in `/Users/mayamarkus-malone/Documents/Personal_CS/bcup/dataconnect`
 {"metadata":{"emulator":{"name":"dataconnect"},"message":"E0323 21:18:13.772854    2571 watch.go:40] Failed to load config from \"/Users/mayamarkus-malone/Documents/Personal_CS/bcup/dataconnect\": could not find dataconnect.yaml in `/Users/mayamarkus-malone/Documents/Personal_CS/bcup/dataconnect`\n"}}
[debug] [2026-03-24T01:18:23.774Z] E0323 21:18:23.773536    2571 watch.go:116] watchAllDir unable to walk dir `/Users/mayamarkus-malone/Documents/Personal_CS/bcup/dataconnect`: lstat /Users/mayamarkus-malone/Documents/Personal_CS/bcup/dataconnect: no such file or directory
E0323 21:18:23.773882    2571 watch.go:40] Failed to load config from "/Users/mayamarkus-malone/Documents/Personal_CS/bcup/dataconnect": could not find dataconnect.yaml in `/Users/mayamarkus-malone/Documents/Personal_CS/bcup/dataconnect`
 {"metadata":{"emulator":{"name":"dataconnect"},"message":"E0323 21:18:23.773536    2571 watch.go:116] watchAllDir unable to walk dir `/Users/mayamarkus-malone/Documents/Personal_CS/bcup/dataconnect`: lstat /Users/mayamarkus-malone/Documents/Personal_CS/bcup/dataconnect: no such file or directory\nE0323 21:18:23.773882    2571 watch.go:40] Failed to load config from \"/Users/mayamarkus-malone/Documents/Personal_CS/bcup/dataconnect\": could not find dataconnect.yaml in `/Users/mayamarkus-malone/Documents/Personal_CS/bcup/dataconnect`\n"}}
[debug] [2026-03-24T01:18:33.774Z] E0323 21:18:33.773611    2571 watch.go:40] Failed to load config from "/Users/mayamarkus-malone/Documents/Personal_CS/bcup/dataconnect": could not find dataconnect.yaml in `/Users/mayamarkus-malone/Documents/Personal_CS/bcup/dataconnect`
 {"metadata":{"emulator":{"name":"dataconnect"},"message":"E0323 21:18:33.773611    2571 watch.go:40] Failed to load config from \"/Users/mayamarkus-malone/Documents/Personal_CS/bcup/dataconnect\": could not find dataconnect.yaml in `/Users/mayamarkus-malone/Documents/Personal_CS/bcup/dataconnect`\n"}}
[debug] [2026-03-24T01:18:43.772Z] E0323 21:18:43.772227    2571 watch.go:40] Failed to load config from "/Users/mayamarkus-malone/Documents/Personal_CS/bcup/dataconnect": could not find dataconnect.yaml in `/Users/mayamarkus-malone/Documents/Personal_CS/bcup/dataconnect`
 {"metadata":{"emulator":{"name":"dataconnect"},"message":"E0323 21:18:43.772227    2571 watch.go:40] Failed to load config from \"/Users/mayamarkus-malone/Documents/Personal_CS/bcup/dataconnect\": could not find dataconnect.yaml in `/Users/mayamarkus-malone/Documents/Personal_CS/bcup/dataconnect`\n"}}
[debug] [2026-03-24T01:18:53.773Z] E0323 21:18:53.773050    2571 watch.go:40] Failed to load config from "/Users/mayamarkus-malone/Documents/Personal_CS/bcup/dataconnect": could not find dataconnect.yaml in `/Users/mayamarkus-malone/Documents/Personal_CS/bcup/dataconnect`
 {"metadata":{"emulator":{"name":"dataconnect"},"message":"E0323 21:18:53.773050    2571 watch.go:40] Failed to load config from \"/Users/mayamarkus-malone/Documents/Personal_CS/bcup/dataconnect\": could not find dataconnect.yaml in `/Users/mayamarkus-malone/Documents/Personal_CS/bcup/dataconnect`\n"}}
[debug] [2026-03-24T01:19:03.772Z] E0323 21:19:03.771887    2571 watch.go:40] Failed to load config from "/Users/mayamarkus-malone/Documents/Personal_CS/bcup/dataconnect": could not find dataconnect.yaml in `/Users/mayamarkus-malone/Documents/Personal_CS/bcup/dataconnect`
 {"metadata":{"emulator":{"name":"dataconnect"},"message":"E0323 21:19:03.771887    2571 watch.go:40] Failed to load config from \"/Users/mayamarkus-malone/Documents/Personal_CS/bcup/dataconnect\": could not find dataconnect.yaml in `/Users/mayamarkus-malone/Documents/Personal_CS/bcup/dataconnect`\n"}}
[debug] [2026-03-24T01:19:13.772Z] E0323 21:19:13.772089    2571 watch.go:40] Failed to load config from "/Users/mayamarkus-malone/Documents/Personal_CS/bcup/dataconnect": could not find dataconnect.yaml in `/Users/mayamarkus-malone/Documents/Personal_CS/bcup/dataconnect`
 {"metadata":{"emulator":{"name":"dataconnect"},"message":"E0323 21:19:13.772089    2571 watch.go:40] Failed to load config from \"/Users/mayamarkus-malone/Documents/Personal_CS/bcup/dataconnect\": could not find dataconnect.yaml in `/Users/mayamarkus-malone/Documents/Personal_CS/bcup/dataconnect`\n"}}
[debug] [2026-03-24T01:19:23.774Z] E0323 21:19:23.773660    2571 watch.go:116] watchAllDir unable to walk dir `/Users/mayamarkus-malone/Documents/Personal_CS/bcup/dataconnect`: lstat /Users/mayamarkus-malone/Documents/Personal_CS/bcup/dataconnect: no such file or directory
 {"metadata":{"emulator":{"name":"dataconnect"},"message":"E0323 21:19:23.773660    2571 watch.go:116] watchAllDir unable to walk dir `/Users/mayamarkus-malone/Documents/Personal_CS/bcup/dataconnect`: lstat /Users/mayamarkus-malone/Documents/Personal_CS/bcup/dataconnect: no such file or directory\n"}}
[debug] [2026-03-24T01:19:23.776Z] E0323 21:19:23.773952    2571 watch.go:40] Failed to load config from "/Users/mayamarkus-malone/Documents/Personal_CS/bcup/dataconnect": could not find dataconnect.yaml in `/Users/mayamarkus-malone/Documents/Personal_CS/bcup/dataconnect`
 {"metadata":{"emulator":{"name":"dataconnect"},"message":"E0323 21:19:23.773952    2571 watch.go:40] Failed to load config from \"/Users/mayamarkus-malone/Documents/Personal_CS/bcup/dataconnect\": could not find dataconnect.yaml in `/Users/mayamarkus-malone/Documents/Personal_CS/bcup/dataconnect`\n"}}
[debug] [2026-03-24T01:19:33.772Z] E0323 21:19:33.772214    2571 watch.go:40] Failed to load config from "/Users/mayamarkus-malone/Documents/Personal_CS/bcup/dataconnect": could not find dataconnect.yaml in `/Users/mayamarkus-malone/Documents/Personal_CS/bcup/dataconnect`
 {"metadata":{"emulator":{"name":"dataconnect"},"message":"E0323 21:19:33.772214    2571 watch.go:40] Failed to load config from \"/Users/mayamarkus-malone/Documents/Personal_CS/bcup/dataconnect\": could not find dataconnect.yaml in `/Users/mayamarkus-malone/Documents/Personal_CS/bcup/dataconnect`\n"}}
[debug] [2026-03-24T01:19:43.773Z] E0323 21:19:43.772755    2571 watch.go:40] Failed to load config from "/Users/mayamarkus-malone/Documents/Personal_CS/bcup/dataconnect": could not find dataconnect.yaml in `/Users/mayamarkus-malone/Documents/Personal_CS/bcup/dataconnect`
 {"metadata":{"emulator":{"name":"dataconnect"},"message":"E0323 21:19:43.772755    2571 watch.go:40] Failed to load config from \"/Users/mayamarkus-malone/Documents/Personal_CS/bcup/dataconnect\": could not find dataconnect.yaml in `/Users/mayamarkus-malone/Documents/Personal_CS/bcup/dataconnect`\n"}}
[debug] [2026-03-24T01:19:53.772Z] E0323 21:19:53.772274    2571 watch.go:40] Failed to load config from "/Users/mayamarkus-malone/Documents/Personal_CS/bcup/dataconnect": could not find dataconnect.yaml in `/Users/mayamarkus-malone/Documents/Personal_CS/bcup/dataconnect`
 {"metadata":{"emulator":{"name":"dataconnect"},"message":"E0323 21:19:53.772274    2571 watch.go:40] Failed to load config from \"/Users/mayamarkus-malone/Documents/Personal_CS/bcup/dataconnect\": could not find dataconnect.yaml in `/Users/mayamarkus-malone/Documents/Personal_CS/bcup/dataconnect`\n"}}
[debug] [2026-03-24T01:20:03.773Z] E0323 21:20:03.773271    2571 watch.go:40] Failed to load config from "/Users/mayamarkus-malone/Documents/Personal_CS/bcup/dataconnect": could not find dataconnect.yaml in `/Users/mayamarkus-malone/Documents/Personal_CS/bcup/dataconnect`
 {"metadata":{"emulator":{"name":"dataconnect"},"message":"E0323 21:20:03.773271    2571 watch.go:40] Failed to load config from \"/Users/mayamarkus-malone/Documents/Personal_CS/bcup/dataconnect\": could not find dataconnect.yaml in `/Users/mayamarkus-malone/Documents/Personal_CS/bcup/dataconnect`\n"}}
[debug] [2026-03-24T01:20:13.772Z] E0323 21:20:13.772543    2571 watch.go:40] Failed to load config from "/Users/mayamarkus-malone/Documents/Personal_CS/bcup/dataconnect": could not find dataconnect.yaml in `/Users/mayamarkus-malone/Documents/Personal_CS/bcup/dataconnect`
 {"metadata":{"emulator":{"name":"dataconnect"},"message":"E0323 21:20:13.772543    2571 watch.go:40] Failed to load config from \"/Users/mayamarkus-malone/Documents/Personal_CS/bcup/dataconnect\": could not find dataconnect.yaml in `/Users/mayamarkus-malone/Documents/Personal_CS/bcup/dataconnect`\n"}}
[debug] [2026-03-24T01:20:23.773Z] E0323 21:20:23.772523    2571 watch.go:116] watchAllDir unable to walk dir `/Users/mayamarkus-malone/Documents/Personal_CS/bcup/dataconnect`: lstat /Users/mayamarkus-malone/Documents/Personal_CS/bcup/dataconnect: no such file or directory
E0323 21:20:23.772844    2571 watch.go:40] Failed to load config from "/Users/mayamarkus-malone/Documents/Personal_CS/bcup/dataconnect": could not find dataconnect.yaml in `/Users/mayamarkus-malone/Documents/Personal_CS/bcup/dataconnect`
 {"metadata":{"emulator":{"name":"dataconnect"},"message":"E0323 21:20:23.772523    2571 watch.go:116] watchAllDir unable to walk dir `/Users/mayamarkus-malone/Documents/Personal_CS/bcup/dataconnect`: lstat /Users/mayamarkus-malone/Documents/Personal_CS/bcup/dataconnect: no such file or directory\nE0323 21:20:23.772844    2571 watch.go:40] Failed to load config from \"/Users/mayamarkus-malone/Documents/Personal_CS/bcup/dataconnect\": could not find dataconnect.yaml in `/Users/mayamarkus-malone/Documents/Personal_CS/bcup/dataconnect`\n"}}
[debug] [2026-03-24T01:20:33.774Z] E0323 21:20:33.774344    2571 watch.go:40] Failed to load config from "/Users/mayamarkus-malone/Documents/Personal_CS/bcup/dataconnect": could not find dataconnect.yaml in `/Users/mayamarkus-malone/Documents/Personal_CS/bcup/dataconnect`
 {"metadata":{"emulator":{"name":"dataconnect"},"message":"E0323 21:20:33.774344    2571 watch.go:40] Failed to load config from \"/Users/mayamarkus-malone/Documents/Personal_CS/bcup/dataconnect\": could not find dataconnect.yaml in `/Users/mayamarkus-malone/Documents/Personal_CS/bcup/dataconnect`\n"}}
[debug] [2026-03-24T01:20:43.774Z] E0323 21:20:43.774006    2571 watch.go:40] Failed to load config from "/Users/mayamarkus-malone/Documents/Personal_CS/bcup/dataconnect": could not find dataconnect.yaml in `/Users/mayamarkus-malone/Documents/Personal_CS/bcup/dataconnect`
 {"metadata":{"emulator":{"name":"dataconnect"},"message":"E0323 21:20:43.774006    2571 watch.go:40] Failed to load config from \"/Users/mayamarkus-malone/Documents/Personal_CS/bcup/dataconnect\": could not find dataconnect.yaml in `/Users/mayamarkus-malone/Documents/Personal_CS/bcup/dataconnect`\n"}}
[debug] [2026-03-24T01:20:53.776Z] E0323 21:20:53.775672    2571 watch.go:40] Failed to load config from "/Users/mayamarkus-malone/Documents/Personal_CS/bcup/dataconnect": could not find dataconnect.yaml in `/Users/mayamarkus-malone/Documents/Personal_CS/bcup/dataconnect`
 {"metadata":{"emulator":{"name":"dataconnect"},"message":"E0323 21:20:53.775672    2571 watch.go:40] Failed to load config from \"/Users/mayamarkus-malone/Documents/Personal_CS/bcup/dataconnect\": could not find dataconnect.yaml in `/Users/mayamarkus-malone/Documents/Personal_CS/bcup/dataconnect`\n"}}
[debug] [2026-03-24T01:21:03.773Z] E0323 21:21:03.773177    2571 watch.go:40] Failed to load config from "/Users/mayamarkus-malone/Documents/Personal_CS/bcup/dataconnect": could not find dataconnect.yaml in `/Users/mayamarkus-malone/Documents/Personal_CS/bcup/dataconnect`
 {"metadata":{"emulator":{"name":"dataconnect"},"message":"E0323 21:21:03.773177    2571 watch.go:40] Failed to load config from \"/Users/mayamarkus-malone/Documents/Personal_CS/bcup/dataconnect\": could not find dataconnect.yaml in `/Users/mayamarkus-malone/Documents/Personal_CS/bcup/dataconnect`\n"}}
[debug] [2026-03-24T01:21:13.775Z] E0323 21:21:13.775045    2571 watch.go:40] Failed to load config from "/Users/mayamarkus-malone/Documents/Personal_CS/bcup/dataconnect": could not find dataconnect.yaml in `/Users/mayamarkus-malone/Documents/Personal_CS/bcup/dataconnect`
 {"metadata":{"emulator":{"name":"dataconnect"},"message":"E0323 21:21:13.775045    2571 watch.go:40] Failed to load config from \"/Users/mayamarkus-malone/Documents/Personal_CS/bcup/dataconnect\": could not find dataconnect.yaml in `/Users/mayamarkus-malone/Documents/Personal_CS/bcup/dataconnect`\n"}}
[debug] [2026-03-24T01:21:23.774Z] E0323 21:21:23.774072    2571 watch.go:40] Failed to load config from "/Users/mayamarkus-malone/Documents/Personal_CS/bcup/dataconnect": could not find dataconnect.yaml in `/Users/mayamarkus-malone/Documents/Personal_CS/bcup/dataconnect`
E0323 21:21:23.774040    2571 watch.go:116] watchAllDir unable to walk dir `/Users/mayamarkus-malone/Documents/Personal_CS/bcup/dataconnect`: lstat /Users/mayamarkus-malone/Documents/Personal_CS/bcup/dataconnect: no such file or directory
 {"metadata":{"emulator":{"name":"dataconnect"},"message":"E0323 21:21:23.774072    2571 watch.go:40] Failed to load config from \"/Users/mayamarkus-malone/Documents/Personal_CS/bcup/dataconnect\": could not find dataconnect.yaml in `/Users/mayamarkus-malone/Documents/Personal_CS/bcup/dataconnect`\nE0323 21:21:23.774040    2571 watch.go:116] watchAllDir unable to walk dir `/Users/mayamarkus-malone/Documents/Personal_CS/bcup/dataconnect`: lstat /Users/mayamarkus-malone/Documents/Personal_CS/bcup/dataconnect: no such file or directory\n"}}
[debug] [2026-03-24T01:21:33.775Z] E0323 21:21:33.774748    2571 watch.go:40] Failed to load config from "/Users/mayamarkus-malone/Documents/Personal_CS/bcup/dataconnect": could not find dataconnect.yaml in `/Users/mayamarkus-malone/Documents/Personal_CS/bcup/dataconnect`
 {"metadata":{"emulator":{"name":"dataconnect"},"message":"E0323 21:21:33.774748    2571 watch.go:40] Failed to load config from \"/Users/mayamarkus-malone/Documents/Personal_CS/bcup/dataconnect\": could not find dataconnect.yaml in `/Users/mayamarkus-malone/Documents/Personal_CS/bcup/dataconnect`\n"}}
[debug] [2026-03-24T01:21:43.774Z] E0323 21:21:43.773556    2571 watch.go:40] Failed to load config from "/Users/mayamarkus-malone/Documents/Personal_CS/bcup/dataconnect": could not find dataconnect.yaml in `/Users/mayamarkus-malone/Documents/Personal_CS/bcup/dataconnect`
 {"metadata":{"emulator":{"name":"dataconnect"},"message":"E0323 21:21:43.773556    2571 watch.go:40] Failed to load config from \"/Users/mayamarkus-malone/Documents/Personal_CS/bcup/dataconnect\": could not find dataconnect.yaml in `/Users/mayamarkus-malone/Documents/Personal_CS/bcup/dataconnect`\n"}}
[debug] [2026-03-24T01:21:53.775Z] E0323 21:21:53.774700    2571 watch.go:40] Failed to load config from "/Users/mayamarkus-malone/Documents/Personal_CS/bcup/dataconnect": could not find dataconnect.yaml in `/Users/mayamarkus-malone/Documents/Personal_CS/bcup/dataconnect`
 {"metadata":{"emulator":{"name":"dataconnect"},"message":"E0323 21:21:53.774700    2571 watch.go:40] Failed to load config from \"/Users/mayamarkus-malone/Documents/Personal_CS/bcup/dataconnect\": could not find dataconnect.yaml in `/Users/mayamarkus-malone/Documents/Personal_CS/bcup/dataconnect`\n"}}
[debug] [2026-03-24T01:22:03.775Z] E0323 21:22:03.774835    2571 watch.go:40] Failed to load config from "/Users/mayamarkus-malone/Documents/Personal_CS/bcup/dataconnect": could not find dataconnect.yaml in `/Users/mayamarkus-malone/Documents/Personal_CS/bcup/dataconnect`
 {"metadata":{"emulator":{"name":"dataconnect"},"message":"E0323 21:22:03.774835    2571 watch.go:40] Failed to load config from \"/Users/mayamarkus-malone/Documents/Personal_CS/bcup/dataconnect\": could not find dataconnect.yaml in `/Users/mayamarkus-malone/Documents/Personal_CS/bcup/dataconnect`\n"}}
[debug] [2026-03-24T01:22:13.772Z] E0323 21:22:13.772639    2571 watch.go:40] Failed to load config from "/Users/mayamarkus-malone/Documents/Personal_CS/bcup/dataconnect": could not find dataconnect.yaml in `/Users/mayamarkus-malone/Documents/Personal_CS/bcup/dataconnect`
 {"metadata":{"emulator":{"name":"dataconnect"},"message":"E0323 21:22:13.772639    2571 watch.go:40] Failed to load config from \"/Users/mayamarkus-malone/Documents/Personal_CS/bcup/dataconnect\": could not find dataconnect.yaml in `/Users/mayamarkus-malone/Documents/Personal_CS/bcup/dataconnect`\n"}}
[debug] [2026-03-24T01:22:23.774Z] E0323 21:22:23.773848    2571 watch.go:116] watchAllDir unable to walk dir `/Users/mayamarkus-malone/Documents/Personal_CS/bcup/dataconnect`: lstat /Users/mayamarkus-malone/Documents/Personal_CS/bcup/dataconnect: no such file or directory
E0323 21:22:23.774104    2571 watch.go:40] Failed to load config from "/Users/mayamarkus-malone/Documents/Personal_CS/bcup/dataconnect": could not find dataconnect.yaml in `/Users/mayamarkus-malone/Documents/Personal_CS/bcup/dataconnect`
 {"metadata":{"emulator":{"name":"dataconnect"},"message":"E0323 21:22:23.773848    2571 watch.go:116] watchAllDir unable to walk dir `/Users/mayamarkus-malone/Documents/Personal_CS/bcup/dataconnect`: lstat /Users/mayamarkus-malone/Documents/Personal_CS/bcup/dataconnect: no such file or directory\nE0323 21:22:23.774104    2571 watch.go:40] Failed to load config from \"/Users/mayamarkus-malone/Documents/Personal_CS/bcup/dataconnect\": could not find dataconnect.yaml in `/Users/mayamarkus-malone/Documents/Personal_CS/bcup/dataconnect`\n"}}
[debug] [2026-03-24T01:22:33.775Z] E0323 21:22:33.775386    2571 watch.go:40] Failed to load config from "/Users/mayamarkus-malone/Documents/Personal_CS/bcup/dataconnect": could not find dataconnect.yaml in `/Users/mayamarkus-malone/Documents/Personal_CS/bcup/dataconnect`
 {"metadata":{"emulator":{"name":"dataconnect"},"message":"E0323 21:22:33.775386    2571 watch.go:40] Failed to load config from \"/Users/mayamarkus-malone/Documents/Personal_CS/bcup/dataconnect\": could not find dataconnect.yaml in `/Users/mayamarkus-malone/Documents/Personal_CS/bcup/dataconnect`\n"}}
[debug] [2026-03-24T01:22:43.772Z] E0323 21:22:43.772757    2571 watch.go:40] Failed to load config from "/Users/mayamarkus-malone/Documents/Personal_CS/bcup/dataconnect": could not find dataconnect.yaml in `/Users/mayamarkus-malone/Documents/Personal_CS/bcup/dataconnect`
 {"metadata":{"emulator":{"name":"dataconnect"},"message":"E0323 21:22:43.772757    2571 watch.go:40] Failed to load config from \"/Users/mayamarkus-malone/Documents/Personal_CS/bcup/dataconnect\": could not find dataconnect.yaml in `/Users/mayamarkus-malone/Documents/Personal_CS/bcup/dataconnect`\n"}}
[debug] [2026-03-24T01:22:53.773Z] E0323 21:22:53.773187    2571 watch.go:40] Failed to load config from "/Users/mayamarkus-malone/Documents/Personal_CS/bcup/dataconnect": could not find dataconnect.yaml in `/Users/mayamarkus-malone/Documents/Personal_CS/bcup/dataconnect`
 {"metadata":{"emulator":{"name":"dataconnect"},"message":"E0323 21:22:53.773187    2571 watch.go:40] Failed to load config from \"/Users/mayamarkus-malone/Documents/Personal_CS/bcup/dataconnect\": could not find dataconnect.yaml in `/Users/mayamarkus-malone/Documents/Personal_CS/bcup/dataconnect`\n"}}
[debug] [2026-03-24T01:23:03.773Z] E0323 21:23:03.773321    2571 watch.go:40] Failed to load config from "/Users/mayamarkus-malone/Documents/Personal_CS/bcup/dataconnect": could not find dataconnect.yaml in `/Users/mayamarkus-malone/Documents/Personal_CS/bcup/dataconnect`
 {"metadata":{"emulator":{"name":"dataconnect"},"message":"E0323 21:23:03.773321    2571 watch.go:40] Failed to load config from \"/Users/mayamarkus-malone/Documents/Personal_CS/bcup/dataconnect\": could not find dataconnect.yaml in `/Users/mayamarkus-malone/Documents/Personal_CS/bcup/dataconnect`\n"}}
[debug] [2026-03-24T01:23:13.773Z] E0323 21:23:13.773038    2571 watch.go:40] Failed to load config from "/Users/mayamarkus-malone/Documents/Personal_CS/bcup/dataconnect": could not find dataconnect.yaml in `/Users/mayamarkus-malone/Documents/Personal_CS/bcup/dataconnect`
 {"metadata":{"emulator":{"name":"dataconnect"},"message":"E0323 21:23:13.773038    2571 watch.go:40] Failed to load config from \"/Users/mayamarkus-malone/Documents/Personal_CS/bcup/dataconnect\": could not find dataconnect.yaml in `/Users/mayamarkus-malone/Documents/Personal_CS/bcup/dataconnect`\n"}}
[debug] [2026-03-24T01:23:23.772Z] E0323 21:23:23.772063    2571 watch.go:116] watchAllDir unable to walk dir `/Users/mayamarkus-malone/Documents/Personal_CS/bcup/dataconnect`: lstat /Users/mayamarkus-malone/Documents/Personal_CS/bcup/dataconnect: no such file or directory
 {"metadata":{"emulator":{"name":"dataconnect"},"message":"E0323 21:23:23.772063    2571 watch.go:116] watchAllDir unable to walk dir `/Users/mayamarkus-malone/Documents/Personal_CS/bcup/dataconnect`: lstat /Users/mayamarkus-malone/Documents/Personal_CS/bcup/dataconnect: no such file or directory\n"}}
[debug] [2026-03-24T01:23:23.772Z] E0323 21:23:23.772127    2571 watch.go:40] Failed to load config from "/Users/mayamarkus-malone/Documents/Personal_CS/bcup/dataconnect": could not find dataconnect.yaml in `/Users/mayamarkus-malone/Documents/Personal_CS/bcup/dataconnect`
 {"metadata":{"emulator":{"name":"dataconnect"},"message":"E0323 21:23:23.772127    2571 watch.go:40] Failed to load config from \"/Users/mayamarkus-malone/Documents/Personal_CS/bcup/dataconnect\": could not find dataconnect.yaml in `/Users/mayamarkus-malone/Documents/Personal_CS/bcup/dataconnect`\n"}}
[debug] [2026-03-24T01:23:33.774Z] E0323 21:23:33.774385    2571 watch.go:40] Failed to load config from "/Users/mayamarkus-malone/Documents/Personal_CS/bcup/dataconnect": could not find dataconnect.yaml in `/Users/mayamarkus-malone/Documents/Personal_CS/bcup/dataconnect`
 {"metadata":{"emulator":{"name":"dataconnect"},"message":"E0323 21:23:33.774385    2571 watch.go:40] Failed to load config from \"/Users/mayamarkus-malone/Documents/Personal_CS/bcup/dataconnect\": could not find dataconnect.yaml in `/Users/mayamarkus-malone/Documents/Personal_CS/bcup/dataconnect`\n"}}
[debug] [2026-03-24T01:23:43.772Z] E0323 21:23:43.772478    2571 watch.go:40] Failed to load config from "/Users/mayamarkus-malone/Documents/Personal_CS/bcup/dataconnect": could not find dataconnect.yaml in `/Users/mayamarkus-malone/Documents/Personal_CS/bcup/dataconnect`
 {"metadata":{"emulator":{"name":"dataconnect"},"message":"E0323 21:23:43.772478    2571 watch.go:40] Failed to load config from \"/Users/mayamarkus-malone/Documents/Personal_CS/bcup/dataconnect\": could not find dataconnect.yaml in `/Users/mayamarkus-malone/Documents/Personal_CS/bcup/dataconnect`\n"}}
[debug] [2026-03-24T01:23:53.773Z] E0323 21:23:53.772979    2571 watch.go:40] Failed to load config from "/Users/mayamarkus-malone/Documents/Personal_CS/bcup/dataconnect": could not find dataconnect.yaml in `/Users/mayamarkus-malone/Documents/Personal_CS/bcup/dataconnect`
 {"metadata":{"emulator":{"name":"dataconnect"},"message":"E0323 21:23:53.772979    2571 watch.go:40] Failed to load config from \"/Users/mayamarkus-malone/Documents/Personal_CS/bcup/dataconnect\": could not find dataconnect.yaml in `/Users/mayamarkus-malone/Documents/Personal_CS/bcup/dataconnect`\n"}}
[debug] [2026-03-24T01:24:03.774Z] E0323 21:24:03.773796    2571 watch.go:40] Failed to load config from "/Users/mayamarkus-malone/Documents/Personal_CS/bcup/dataconnect": could not find dataconnect.yaml in `/Users/mayamarkus-malone/Documents/Personal_CS/bcup/dataconnect`
 {"metadata":{"emulator":{"name":"dataconnect"},"message":"E0323 21:24:03.773796    2571 watch.go:40] Failed to load config from \"/Users/mayamarkus-malone/Documents/Personal_CS/bcup/dataconnect\": could not find dataconnect.yaml in `/Users/mayamarkus-malone/Documents/Personal_CS/bcup/dataconnect`\n"}}
[debug] [2026-03-24T01:24:13.773Z] E0323 21:24:13.773067    2571 watch.go:40] Failed to load config from "/Users/mayamarkus-malone/Documents/Personal_CS/bcup/dataconnect": could not find dataconnect.yaml in `/Users/mayamarkus-malone/Documents/Personal_CS/bcup/dataconnect`
 {"metadata":{"emulator":{"name":"dataconnect"},"message":"E0323 21:24:13.773067    2571 watch.go:40] Failed to load config from \"/Users/mayamarkus-malone/Documents/Personal_CS/bcup/dataconnect\": could not find dataconnect.yaml in `/Users/mayamarkus-malone/Documents/Personal_CS/bcup/dataconnect`\n"}}
[debug] [2026-03-24T01:24:23.773Z] E0323 21:24:23.772992    2571 watch.go:40] Failed to load config from "/Users/mayamarkus-malone/Documents/Personal_CS/bcup/dataconnect": could not find dataconnect.yaml in `/Users/mayamarkus-malone/Documents/Personal_CS/bcup/dataconnect`
E0323 21:24:23.772978    2571 watch.go:116] watchAllDir unable to walk dir `/Users/mayamarkus-malone/Documents/Personal_CS/bcup/dataconnect`: lstat /Users/mayamarkus-malone/Documents/Personal_CS/bcup/dataconnect: no such file or directory
 {"metadata":{"emulator":{"name":"dataconnect"},"message":"E0323 21:24:23.772992    2571 watch.go:40] Failed to load config from \"/Users/mayamarkus-malone/Documents/Personal_CS/bcup/dataconnect\": could not find dataconnect.yaml in `/Users/mayamarkus-malone/Documents/Personal_CS/bcup/dataconnect`\nE0323 21:24:23.772978    2571 watch.go:116] watchAllDir unable to walk dir `/Users/mayamarkus-malone/Documents/Personal_CS/bcup/dataconnect`: lstat /Users/mayamarkus-malone/Documents/Personal_CS/bcup/dataconnect: no such file or directory\n"}}
[debug] [2026-03-24T01:24:33.774Z] E0323 21:24:33.773447    2571 watch.go:40] Failed to load config from "/Users/mayamarkus-malone/Documents/Personal_CS/bcup/dataconnect": could not find dataconnect.yaml in `/Users/mayamarkus-malone/Documents/Personal_CS/bcup/dataconnect`
 {"metadata":{"emulator":{"name":"dataconnect"},"message":"E0323 21:24:33.773447    2571 watch.go:40] Failed to load config from \"/Users/mayamarkus-malone/Documents/Personal_CS/bcup/dataconnect\": could not find dataconnect.yaml in `/Users/mayamarkus-malone/Documents/Personal_CS/bcup/dataconnect`\n"}}
[debug] [2026-03-24T01:24:43.773Z] E0323 21:24:43.773473    2571 watch.go:40] Failed to load config from "/Users/mayamarkus-malone/Documents/Personal_CS/bcup/dataconnect": could not find dataconnect.yaml in `/Users/mayamarkus-malone/Documents/Personal_CS/bcup/dataconnect`
 {"metadata":{"emulator":{"name":"dataconnect"},"message":"E0323 21:24:43.773473    2571 watch.go:40] Failed to load config from \"/Users/mayamarkus-malone/Documents/Personal_CS/bcup/dataconnect\": could not find dataconnect.yaml in `/Users/mayamarkus-malone/Documents/Personal_CS/bcup/dataconnect`\n"}}
[debug] [2026-03-24T01:24:53.776Z] E0323 21:24:53.775818    2571 watch.go:40] Failed to load config from "/Users/mayamarkus-malone/Documents/Personal_CS/bcup/dataconnect": could not find dataconnect.yaml in `/Users/mayamarkus-malone/Documents/Personal_CS/bcup/dataconnect`
 {"metadata":{"emulator":{"name":"dataconnect"},"message":"E0323 21:24:53.775818    2571 watch.go:40] Failed to load config from \"/Users/mayamarkus-malone/Documents/Personal_CS/bcup/dataconnect\": could not find dataconnect.yaml in `/Users/mayamarkus-malone/Documents/Personal_CS/bcup/dataconnect`\n"}}
[debug] [2026-03-24T01:25:03.773Z] E0323 21:25:03.773055    2571 watch.go:40] Failed to load config from "/Users/mayamarkus-malone/Documents/Personal_CS/bcup/dataconnect": could not find dataconnect.yaml in `/Users/mayamarkus-malone/Documents/Personal_CS/bcup/dataconnect`
 {"metadata":{"emulator":{"name":"dataconnect"},"message":"E0323 21:25:03.773055    2571 watch.go:40] Failed to load config from \"/Users/mayamarkus-malone/Documents/Personal_CS/bcup/dataconnect\": could not find dataconnect.yaml in `/Users/mayamarkus-malone/Documents/Personal_CS/bcup/dataconnect`\n"}}
[debug] [2026-03-24T01:25:13.772Z] E0323 21:25:13.772740    2571 watch.go:40] Failed to load config from "/Users/mayamarkus-malone/Documents/Personal_CS/bcup/dataconnect": could not find dataconnect.yaml in `/Users/mayamarkus-malone/Documents/Personal_CS/bcup/dataconnect`
 {"metadata":{"emulator":{"name":"dataconnect"},"message":"E0323 21:25:13.772740    2571 watch.go:40] Failed to load config from \"/Users/mayamarkus-malone/Documents/Personal_CS/bcup/dataconnect\": could not find dataconnect.yaml in `/Users/mayamarkus-malone/Documents/Personal_CS/bcup/dataconnect`\n"}}
[debug] [2026-03-24T01:25:23.773Z] E0323 21:25:23.773141    2571 watch.go:40] Failed to load config from "/Users/mayamarkus-malone/Documents/Personal_CS/bcup/dataconnect": could not find dataconnect.yaml in `/Users/mayamarkus-malone/Documents/Personal_CS/bcup/dataconnect`
E0323 21:25:23.773123    2571 watch.go:116] watchAllDir unable to walk dir `/Users/mayamarkus-malone/Documents/Personal_CS/bcup/dataconnect`: lstat /Users/mayamarkus-malone/Documents/Personal_CS/bcup/dataconnect: no such file or directory
 {"metadata":{"emulator":{"name":"dataconnect"},"message":"E0323 21:25:23.773141    2571 watch.go:40] Failed to load config from \"/Users/mayamarkus-malone/Documents/Personal_CS/bcup/dataconnect\": could not find dataconnect.yaml in `/Users/mayamarkus-malone/Documents/Personal_CS/bcup/dataconnect`\nE0323 21:25:23.773123    2571 watch.go:116] watchAllDir unable to walk dir `/Users/mayamarkus-malone/Documents/Personal_CS/bcup/dataconnect`: lstat /Users/mayamarkus-malone/Documents/Personal_CS/bcup/dataconnect: no such file or directory\n"}}
[debug] [2026-03-24T01:25:33.773Z] E0323 21:25:33.773219    2571 watch.go:40] Failed to load config from "/Users/mayamarkus-malone/Documents/Personal_CS/bcup/dataconnect": could not find dataconnect.yaml in `/Users/mayamarkus-malone/Documents/Personal_CS/bcup/dataconnect`
 {"metadata":{"emulator":{"name":"dataconnect"},"message":"E0323 21:25:33.773219    2571 watch.go:40] Failed to load config from \"/Users/mayamarkus-malone/Documents/Personal_CS/bcup/dataconnect\": could not find dataconnect.yaml in `/Users/mayamarkus-malone/Documents/Personal_CS/bcup/dataconnect`\n"}}
[debug] [2026-03-24T01:25:43.773Z] E0323 21:25:43.773827    2571 watch.go:40] Failed to load config from "/Users/mayamarkus-malone/Documents/Personal_CS/bcup/dataconnect": could not find dataconnect.yaml in `/Users/mayamarkus-malone/Documents/Personal_CS/bcup/dataconnect`
 {"metadata":{"emulator":{"name":"dataconnect"},"message":"E0323 21:25:43.773827    2571 watch.go:40] Failed to load config from \"/Users/mayamarkus-malone/Documents/Personal_CS/bcup/dataconnect\": could not find dataconnect.yaml in `/Users/mayamarkus-malone/Documents/Personal_CS/bcup/dataconnect`\n"}}
[debug] [2026-03-24T01:25:53.773Z] E0323 21:25:53.773234    2571 watch.go:40] Failed to load config from "/Users/mayamarkus-malone/Documents/Personal_CS/bcup/dataconnect": could not find dataconnect.yaml in `/Users/mayamarkus-malone/Documents/Personal_CS/bcup/dataconnect`
 {"metadata":{"emulator":{"name":"dataconnect"},"message":"E0323 21:25:53.773234    2571 watch.go:40] Failed to load config from \"/Users/mayamarkus-malone/Documents/Personal_CS/bcup/dataconnect\": could not find dataconnect.yaml in `/Users/mayamarkus-malone/Documents/Personal_CS/bcup/dataconnect`\n"}}
[debug] [2026-03-24T01:26:03.773Z] E0323 21:26:03.773204    2571 watch.go:40] Failed to load config from "/Users/mayamarkus-malone/Documents/Personal_CS/bcup/dataconnect": could not find dataconnect.yaml in `/Users/mayamarkus-malone/Documents/Personal_CS/bcup/dataconnect`
 {"metadata":{"emulator":{"name":"dataconnect"},"message":"E0323 21:26:03.773204    2571 watch.go:40] Failed to load config from \"/Users/mayamarkus-malone/Documents/Personal_CS/bcup/dataconnect\": could not find dataconnect.yaml in `/Users/mayamarkus-malone/Documents/Personal_CS/bcup/dataconnect`\n"}}
[debug] [2026-03-24T01:26:13.773Z] E0323 21:26:13.773331    2571 watch.go:40] Failed to load config from "/Users/mayamarkus-malone/Documents/Personal_CS/bcup/dataconnect": could not find dataconnect.yaml in `/Users/mayamarkus-malone/Documents/Personal_CS/bcup/dataconnect`
 {"metadata":{"emulator":{"name":"dataconnect"},"message":"E0323 21:26:13.773331    2571 watch.go:40] Failed to load config from \"/Users/mayamarkus-malone/Documents/Personal_CS/bcup/dataconnect\": could not find dataconnect.yaml in `/Users/mayamarkus-malone/Documents/Personal_CS/bcup/dataconnect`\n"}}
[debug] [2026-03-24T01:26:23.773Z] E0323 21:26:23.773269    2571 watch.go:40] Failed to load config from "/Users/mayamarkus-malone/Documents/Personal_CS/bcup/dataconnect": could not find dataconnect.yaml in `/Users/mayamarkus-malone/Documents/Personal_CS/bcup/dataconnect`
 {"metadata":{"emulator":{"name":"dataconnect"},"message":"E0323 21:26:23.773269    2571 watch.go:40] Failed to load config from \"/Users/mayamarkus-malone/Documents/Personal_CS/bcup/dataconnect\": could not find dataconnect.yaml in `/Users/mayamarkus-malone/Documents/Personal_CS/bcup/dataconnect`\n"}}
[debug] [2026-03-24T01:26:23.773Z] E0323 21:26:23.773248    2571 watch.go:116] watchAllDir unable to walk dir `/Users/mayamarkus-malone/Documents/Personal_CS/bcup/dataconnect`: lstat /Users/mayamarkus-malone/Documents/Personal_CS/bcup/dataconnect: no such file or directory
 {"metadata":{"emulator":{"name":"dataconnect"},"message":"E0323 21:26:23.773248    2571 watch.go:116] watchAllDir unable to walk dir `/Users/mayamarkus-malone/Documents/Personal_CS/bcup/dataconnect`: lstat /Users/mayamarkus-malone/Documents/Personal_CS/bcup/dataconnect: no such file or directory\n"}}
[debug] [2026-03-24T01:26:33.773Z] E0323 21:26:33.773277    2571 watch.go:40] Failed to load config from "/Users/mayamarkus-malone/Documents/Personal_CS/bcup/dataconnect": could not find dataconnect.yaml in `/Users/mayamarkus-malone/Documents/Personal_CS/bcup/dataconnect`
 {"metadata":{"emulator":{"name":"dataconnect"},"message":"E0323 21:26:33.773277    2571 watch.go:40] Failed to load config from \"/Users/mayamarkus-malone/Documents/Personal_CS/bcup/dataconnect\": could not find dataconnect.yaml in `/Users/mayamarkus-malone/Documents/Personal_CS/bcup/dataconnect`\n"}}
[debug] [2026-03-24T01:26:43.773Z] E0323 21:26:43.772956    2571 watch.go:40] Failed to load config from "/Users/mayamarkus-malone/Documents/Personal_CS/bcup/dataconnect": could not find dataconnect.yaml in `/Users/mayamarkus-malone/Documents/Personal_CS/bcup/dataconnect`
 {"metadata":{"emulator":{"name":"dataconnect"},"message":"E0323 21:26:43.772956    2571 watch.go:40] Failed to load config from \"/Users/mayamarkus-malone/Documents/Personal_CS/bcup/dataconnect\": could not find dataconnect.yaml in `/Users/mayamarkus-malone/Documents/Personal_CS/bcup/dataconnect`\n"}}
[debug] [2026-03-24T01:26:53.774Z] E0323 21:26:53.773722    2571 watch.go:40] Failed to load config from "/Users/mayamarkus-malone/Documents/Personal_CS/bcup/dataconnect": could not find dataconnect.yaml in `/Users/mayamarkus-malone/Documents/Personal_CS/bcup/dataconnect`
 {"metadata":{"emulator":{"name":"dataconnect"},"message":"E0323 21:26:53.773722    2571 watch.go:40] Failed to load config from \"/Users/mayamarkus-malone/Documents/Personal_CS/bcup/dataconnect\": could not find dataconnect.yaml in `/Users/mayamarkus-malone/Documents/Personal_CS/bcup/dataconnect`\n"}}
[debug] [2026-03-24T01:27:03.775Z] E0323 21:27:03.774714    2571 watch.go:40] Failed to load config from "/Users/mayamarkus-malone/Documents/Personal_CS/bcup/dataconnect": could not find dataconnect.yaml in `/Users/mayamarkus-malone/Documents/Personal_CS/bcup/dataconnect`
 {"metadata":{"emulator":{"name":"dataconnect"},"message":"E0323 21:27:03.774714    2571 watch.go:40] Failed to load config from \"/Users/mayamarkus-malone/Documents/Personal_CS/bcup/dataconnect\": could not find dataconnect.yaml in `/Users/mayamarkus-malone/Documents/Personal_CS/bcup/dataconnect`\n"}}
[debug] [2026-03-24T01:27:13.782Z] E0323 21:27:13.781307    2571 watch.go:40] Failed to load config from "/Users/mayamarkus-malone/Documents/Personal_CS/bcup/dataconnect": could not find dataconnect.yaml in `/Users/mayamarkus-malone/Documents/Personal_CS/bcup/dataconnect`
 {"metadata":{"emulator":{"name":"dataconnect"},"message":"E0323 21:27:13.781307    2571 watch.go:40] Failed to load config from \"/Users/mayamarkus-malone/Documents/Personal_CS/bcup/dataconnect\": could not find dataconnect.yaml in `/Users/mayamarkus-malone/Documents/Personal_CS/bcup/dataconnect`\n"}}
[debug] [2026-03-24T01:27:23.773Z] E0323 21:27:23.773405    2571 watch.go:40] Failed to load config from "/Users/mayamarkus-malone/Documents/Personal_CS/bcup/dataconnect": could not find dataconnect.yaml in `/Users/mayamarkus-malone/Documents/Personal_CS/bcup/dataconnect`
E0323 21:27:23.773385    2571 watch.go:116] watchAllDir unable to walk dir `/Users/mayamarkus-malone/Documents/Personal_CS/bcup/dataconnect`: lstat /Users/mayamarkus-malone/Documents/Personal_CS/bcup/dataconnect: no such file or directory
 {"metadata":{"emulator":{"name":"dataconnect"},"message":"E0323 21:27:23.773405    2571 watch.go:40] Failed to load config from \"/Users/mayamarkus-malone/Documents/Personal_CS/bcup/dataconnect\": could not find dataconnect.yaml in `/Users/mayamarkus-malone/Documents/Personal_CS/bcup/dataconnect`\nE0323 21:27:23.773385    2571 watch.go:116] watchAllDir unable to walk dir `/Users/mayamarkus-malone/Documents/Personal_CS/bcup/dataconnect`: lstat /Users/mayamarkus-malone/Documents/Personal_CS/bcup/dataconnect: no such file or directory\n"}}
[debug] [2026-03-24T01:27:33.774Z] E0323 21:27:33.773705    2571 watch.go:40] Failed to load config from "/Users/mayamarkus-malone/Documents/Personal_CS/bcup/dataconnect": could not find dataconnect.yaml in `/Users/mayamarkus-malone/Documents/Personal_CS/bcup/dataconnect`
 {"metadata":{"emulator":{"name":"dataconnect"},"message":"E0323 21:27:33.773705    2571 watch.go:40] Failed to load config from \"/Users/mayamarkus-malone/Documents/Personal_CS/bcup/dataconnect\": could not find dataconnect.yaml in `/Users/mayamarkus-malone/Documents/Personal_CS/bcup/dataconnect`\n"}}
[debug] [2026-03-24T01:27:43.773Z] E0323 21:27:43.773417    2571 watch.go:40] Failed to load config from "/Users/mayamarkus-malone/Documents/Personal_CS/bcup/dataconnect": could not find dataconnect.yaml in `/Users/mayamarkus-malone/Documents/Personal_CS/bcup/dataconnect`
 {"metadata":{"emulator":{"name":"dataconnect"},"message":"E0323 21:27:43.773417    2571 watch.go:40] Failed to load config from \"/Users/mayamarkus-malone/Documents/Personal_CS/bcup/dataconnect\": could not find dataconnect.yaml in `/Users/mayamarkus-malone/Documents/Personal_CS/bcup/dataconnect`\n"}}
[debug] [2026-03-24T01:27:53.773Z] E0323 21:27:53.773481    2571 watch.go:40] Failed to load config from "/Users/mayamarkus-malone/Documents/Personal_CS/bcup/dataconnect": could not find dataconnect.yaml in `/Users/mayamarkus-malone/Documents/Personal_CS/bcup/dataconnect`
 {"metadata":{"emulator":{"name":"dataconnect"},"message":"E0323 21:27:53.773481    2571 watch.go:40] Failed to load config from \"/Users/mayamarkus-malone/Documents/Personal_CS/bcup/dataconnect\": could not find dataconnect.yaml in `/Users/mayamarkus-malone/Documents/Personal_CS/bcup/dataconnect`\n"}}
[debug] [2026-03-24T01:28:03.774Z] E0323 21:28:03.773790    2571 watch.go:40] Failed to load config from "/Users/mayamarkus-malone/Documents/Personal_CS/bcup/dataconnect": could not find dataconnect.yaml in `/Users/mayamarkus-malone/Documents/Personal_CS/bcup/dataconnect`
 {"metadata":{"emulator":{"name":"dataconnect"},"message":"E0323 21:28:03.773790    2571 watch.go:40] Failed to load config from \"/Users/mayamarkus-malone/Documents/Personal_CS/bcup/dataconnect\": could not find dataconnect.yaml in `/Users/mayamarkus-malone/Documents/Personal_CS/bcup/dataconnect`\n"}}
[debug] [2026-03-24T01:28:13.774Z] E0323 21:28:13.773677    2571 watch.go:40] Failed to load config from "/Users/mayamarkus-malone/Documents/Personal_CS/bcup/dataconnect": could not find dataconnect.yaml in `/Users/mayamarkus-malone/Documents/Personal_CS/bcup/dataconnect`
 {"metadata":{"emulator":{"name":"dataconnect"},"message":"E0323 21:28:13.773677    2571 watch.go:40] Failed to load config from \"/Users/mayamarkus-malone/Documents/Personal_CS/bcup/dataconnect\": could not find dataconnect.yaml in `/Users/mayamarkus-malone/Documents/Personal_CS/bcup/dataconnect`\n"}}
[debug] [2026-03-24T01:28:23.773Z] E0323 21:28:23.773623    2571 watch.go:40] Failed to load config from "/Users/mayamarkus-malone/Documents/Personal_CS/bcup/dataconnect": could not find dataconnect.yaml in `/Users/mayamarkus-malone/Documents/Personal_CS/bcup/dataconnect`
 {"metadata":{"emulator":{"name":"dataconnect"},"message":"E0323 21:28:23.773623    2571 watch.go:40] Failed to load config from \"/Users/mayamarkus-malone/Documents/Personal_CS/bcup/dataconnect\": could not find dataconnect.yaml in `/Users/mayamarkus-malone/Documents/Personal_CS/bcup/dataconnect`\n"}}
[debug] [2026-03-24T01:28:23.775Z] E0323 21:28:23.773601    2571 watch.go:116] watchAllDir unable to walk dir `/Users/mayamarkus-malone/Documents/Personal_CS/bcup/dataconnect`: lstat /Users/mayamarkus-malone/Documents/Personal_CS/bcup/dataconnect: no such file or directory
 {"metadata":{"emulator":{"name":"dataconnect"},"message":"E0323 21:28:23.773601    2571 watch.go:116] watchAllDir unable to walk dir `/Users/mayamarkus-malone/Documents/Personal_CS/bcup/dataconnect`: lstat /Users/mayamarkus-malone/Documents/Personal_CS/bcup/dataconnect: no such file or directory\n"}}
[debug] [2026-03-24T01:28:33.774Z] E0323 21:28:33.773841    2571 watch.go:40] Failed to load config from "/Users/mayamarkus-malone/Documents/Personal_CS/bcup/dataconnect": could not find dataconnect.yaml in `/Users/mayamarkus-malone/Documents/Personal_CS/bcup/dataconnect`
 {"metadata":{"emulator":{"name":"dataconnect"},"message":"E0323 21:28:33.773841    2571 watch.go:40] Failed to load config from \"/Users/mayamarkus-malone/Documents/Personal_CS/bcup/dataconnect\": could not find dataconnect.yaml in `/Users/mayamarkus-malone/Documents/Personal_CS/bcup/dataconnect`\n"}}
[debug] [2026-03-24T01:28:43.776Z] E0323 21:28:43.773989    2571 watch.go:40] Failed to load config from "/Users/mayamarkus-malone/Documents/Personal_CS/bcup/dataconnect": could not find dataconnect.yaml in `/Users/mayamarkus-malone/Documents/Personal_CS/bcup/dataconnect`
 {"metadata":{"emulator":{"name":"dataconnect"},"message":"E0323 21:28:43.773989    2571 watch.go:40] Failed to load config from \"/Users/mayamarkus-malone/Documents/Personal_CS/bcup/dataconnect\": could not find dataconnect.yaml in `/Users/mayamarkus-malone/Documents/Personal_CS/bcup/dataconnect`\n"}}
[debug] [2026-03-24T01:28:53.774Z] E0323 21:28:53.773908    2571 watch.go:40] Failed to load config from "/Users/mayamarkus-malone/Documents/Personal_CS/bcup/dataconnect": could not find dataconnect.yaml in `/Users/mayamarkus-malone/Documents/Personal_CS/bcup/dataconnect`
 {"metadata":{"emulator":{"name":"dataconnect"},"message":"E0323 21:28:53.773908    2571 watch.go:40] Failed to load config from \"/Users/mayamarkus-malone/Documents/Personal_CS/bcup/dataconnect\": could not find dataconnect.yaml in `/Users/mayamarkus-malone/Documents/Personal_CS/bcup/dataconnect`\n"}}
[debug] [2026-03-24T01:29:03.774Z] E0323 21:29:03.773889    2571 watch.go:40] Failed to load config from "/Users/mayamarkus-malone/Documents/Personal_CS/bcup/dataconnect": could not find dataconnect.yaml in `/Users/mayamarkus-malone/Documents/Personal_CS/bcup/dataconnect`
 {"metadata":{"emulator":{"name":"dataconnect"},"message":"E0323 21:29:03.773889    2571 watch.go:40] Failed to load config from \"/Users/mayamarkus-malone/Documents/Personal_CS/bcup/dataconnect\": could not find dataconnect.yaml in `/Users/mayamarkus-malone/Documents/Personal_CS/bcup/dataconnect`\n"}}
[debug] [2026-03-24T01:29:13.772Z] E0323 21:29:13.772839    2571 watch.go:40] Failed to load config from "/Users/mayamarkus-malone/Documents/Personal_CS/bcup/dataconnect": could not find dataconnect.yaml in `/Users/mayamarkus-malone/Documents/Personal_CS/bcup/dataconnect`
 {"metadata":{"emulator":{"name":"dataconnect"},"message":"E0323 21:29:13.772839    2571 watch.go:40] Failed to load config from \"/Users/mayamarkus-malone/Documents/Personal_CS/bcup/dataconnect\": could not find dataconnect.yaml in `/Users/mayamarkus-malone/Documents/Personal_CS/bcup/dataconnect`\n"}}
[debug] [2026-03-24T01:29:23.773Z] E0323 21:29:23.773699    2571 watch.go:40] Failed to load config from "/Users/mayamarkus-malone/Documents/Personal_CS/bcup/dataconnect": could not find dataconnect.yaml in `/Users/mayamarkus-malone/Documents/Personal_CS/bcup/dataconnect`
 {"metadata":{"emulator":{"name":"dataconnect"},"message":"E0323 21:29:23.773699    2571 watch.go:40] Failed to load config from \"/Users/mayamarkus-malone/Documents/Personal_CS/bcup/dataconnect\": could not find dataconnect.yaml in `/Users/mayamarkus-malone/Documents/Personal_CS/bcup/dataconnect`\n"}}
[debug] [2026-03-24T01:29:23.774Z] E0323 21:29:23.773674    2571 watch.go:116] watchAllDir unable to walk dir `/Users/mayamarkus-malone/Documents/Personal_CS/bcup/dataconnect`: lstat /Users/mayamarkus-malone/Documents/Personal_CS/bcup/dataconnect: no such file or directory
 {"metadata":{"emulator":{"name":"dataconnect"},"message":"E0323 21:29:23.773674    2571 watch.go:116] watchAllDir unable to walk dir `/Users/mayamarkus-malone/Documents/Personal_CS/bcup/dataconnect`: lstat /Users/mayamarkus-malone/Documents/Personal_CS/bcup/dataconnect: no such file or directory\n"}}
[debug] [2026-03-24T01:29:33.774Z] E0323 21:29:33.773765    2571 watch.go:40] Failed to load config from "/Users/mayamarkus-malone/Documents/Personal_CS/bcup/dataconnect": could not find dataconnect.yaml in `/Users/mayamarkus-malone/Documents/Personal_CS/bcup/dataconnect`
 {"metadata":{"emulator":{"name":"dataconnect"},"message":"E0323 21:29:33.773765    2571 watch.go:40] Failed to load config from \"/Users/mayamarkus-malone/Documents/Personal_CS/bcup/dataconnect\": could not find dataconnect.yaml in `/Users/mayamarkus-malone/Documents/Personal_CS/bcup/dataconnect`\n"}}
[debug] [2026-03-24T01:29:43.774Z] E0323 21:29:43.773924    2571 watch.go:40] Failed to load config from "/Users/mayamarkus-malone/Documents/Personal_CS/bcup/dataconnect": could not find dataconnect.yaml in `/Users/mayamarkus-malone/Documents/Personal_CS/bcup/dataconnect`
 {"metadata":{"emulator":{"name":"dataconnect"},"message":"E0323 21:29:43.773924    2571 watch.go:40] Failed to load config from \"/Users/mayamarkus-malone/Documents/Personal_CS/bcup/dataconnect\": could not find dataconnect.yaml in `/Users/mayamarkus-malone/Documents/Personal_CS/bcup/dataconnect`\n"}}
[debug] [2026-03-24T01:29:53.777Z] E0323 21:29:53.776315    2571 watch.go:40] Failed to load config from "/Users/mayamarkus-malone/Documents/Personal_CS/bcup/dataconnect": could not find dataconnect.yaml in `/Users/mayamarkus-malone/Documents/Personal_CS/bcup/dataconnect`
 {"metadata":{"emulator":{"name":"dataconnect"},"message":"E0323 21:29:53.776315    2571 watch.go:40] Failed to load config from \"/Users/mayamarkus-malone/Documents/Personal_CS/bcup/dataconnect\": could not find dataconnect.yaml in `/Users/mayamarkus-malone/Documents/Personal_CS/bcup/dataconnect`\n"}}
[debug] [2026-03-24T01:30:03.775Z] E0323 21:30:03.775020    2571 watch.go:40] Failed to load config from "/Users/mayamarkus-malone/Documents/Personal_CS/bcup/dataconnect": could not find dataconnect.yaml in `/Users/mayamarkus-malone/Documents/Personal_CS/bcup/dataconnect`
 {"metadata":{"emulator":{"name":"dataconnect"},"message":"E0323 21:30:03.775020    2571 watch.go:40] Failed to load config from \"/Users/mayamarkus-malone/Documents/Personal_CS/bcup/dataconnect\": could not find dataconnect.yaml in `/Users/mayamarkus-malone/Documents/Personal_CS/bcup/dataconnect`\n"}}
[debug] [2026-03-24T01:30:13.773Z] E0323 21:30:13.773065    2571 watch.go:40] Failed to load config from "/Users/mayamarkus-malone/Documents/Personal_CS/bcup/dataconnect": could not find dataconnect.yaml in `/Users/mayamarkus-malone/Documents/Personal_CS/bcup/dataconnect`
 {"metadata":{"emulator":{"name":"dataconnect"},"message":"E0323 21:30:13.773065    2571 watch.go:40] Failed to load config from \"/Users/mayamarkus-malone/Documents/Personal_CS/bcup/dataconnect\": could not find dataconnect.yaml in `/Users/mayamarkus-malone/Documents/Personal_CS/bcup/dataconnect`\n"}}
[debug] [2026-03-24T01:30:23.773Z] E0323 21:30:23.773464    2571 watch.go:116] watchAllDir unable to walk dir `/Users/mayamarkus-malone/Documents/Personal_CS/bcup/dataconnect`: lstat /Users/mayamarkus-malone/Documents/Personal_CS/bcup/dataconnect: no such file or directory
E0323 21:30:23.773571    2571 watch.go:40] Failed to load config from "/Users/mayamarkus-malone/Documents/Personal_CS/bcup/dataconnect": could not find dataconnect.yaml in `/Users/mayamarkus-malone/Documents/Personal_CS/bcup/dataconnect`
 {"metadata":{"emulator":{"name":"dataconnect"},"message":"E0323 21:30:23.773464    2571 watch.go:116] watchAllDir unable to walk dir `/Users/mayamarkus-malone/Documents/Personal_CS/bcup/dataconnect`: lstat /Users/mayamarkus-malone/Documents/Personal_CS/bcup/dataconnect: no such file or directory\nE0323 21:30:23.773571    2571 watch.go:40] Failed to load config from \"/Users/mayamarkus-malone/Documents/Personal_CS/bcup/dataconnect\": could not find dataconnect.yaml in `/Users/mayamarkus-malone/Documents/Personal_CS/bcup/dataconnect`\n"}}
[debug] [2026-03-24T01:30:33.774Z] E0323 21:30:33.774164    2571 watch.go:40] Failed to load config from "/Users/mayamarkus-malone/Documents/Personal_CS/bcup/dataconnect": could not find dataconnect.yaml in `/Users/mayamarkus-malone/Documents/Personal_CS/bcup/dataconnect`
 {"metadata":{"emulator":{"name":"dataconnect"},"message":"E0323 21:30:33.774164    2571 watch.go:40] Failed to load config from \"/Users/mayamarkus-malone/Documents/Personal_CS/bcup/dataconnect\": could not find dataconnect.yaml in `/Users/mayamarkus-malone/Documents/Personal_CS/bcup/dataconnect`\n"}}
[debug] [2026-03-24T01:30:43.774Z] E0323 21:30:43.774241    2571 watch.go:40] Failed to load config from "/Users/mayamarkus-malone/Documents/Personal_CS/bcup/dataconnect": could not find dataconnect.yaml in `/Users/mayamarkus-malone/Documents/Personal_CS/bcup/dataconnect`
 {"metadata":{"emulator":{"name":"dataconnect"},"message":"E0323 21:30:43.774241    2571 watch.go:40] Failed to load config from \"/Users/mayamarkus-malone/Documents/Personal_CS/bcup/dataconnect\": could not find dataconnect.yaml in `/Users/mayamarkus-malone/Documents/Personal_CS/bcup/dataconnect`\n"}}
[debug] [2026-03-24T01:30:53.774Z] E0323 21:30:53.774300    2571 watch.go:40] Failed to load config from "/Users/mayamarkus-malone/Documents/Personal_CS/bcup/dataconnect": could not find dataconnect.yaml in `/Users/mayamarkus-malone/Documents/Personal_CS/bcup/dataconnect`
 {"metadata":{"emulator":{"name":"dataconnect"},"message":"E0323 21:30:53.774300    2571 watch.go:40] Failed to load config from \"/Users/mayamarkus-malone/Documents/Personal_CS/bcup/dataconnect\": could not find dataconnect.yaml in `/Users/mayamarkus-malone/Documents/Personal_CS/bcup/dataconnect`\n"}}
[debug] [2026-03-24T01:31:03.775Z] E0323 21:31:03.774296    2571 watch.go:40] Failed to load config from "/Users/mayamarkus-malone/Documents/Personal_CS/bcup/dataconnect": could not find dataconnect.yaml in `/Users/mayamarkus-malone/Documents/Personal_CS/bcup/dataconnect`
 {"metadata":{"emulator":{"name":"dataconnect"},"message":"E0323 21:31:03.774296    2571 watch.go:40] Failed to load config from \"/Users/mayamarkus-malone/Documents/Personal_CS/bcup/dataconnect\": could not find dataconnect.yaml in `/Users/mayamarkus-malone/Documents/Personal_CS/bcup/dataconnect`\n"}}
[debug] [2026-03-24T01:31:13.776Z] E0323 21:31:13.776784    2571 watch.go:40] Failed to load config from "/Users/mayamarkus-malone/Documents/Personal_CS/bcup/dataconnect": could not find dataconnect.yaml in `/Users/mayamarkus-malone/Documents/Personal_CS/bcup/dataconnect`
 {"metadata":{"emulator":{"name":"dataconnect"},"message":"E0323 21:31:13.776784    2571 watch.go:40] Failed to load config from \"/Users/mayamarkus-malone/Documents/Personal_CS/bcup/dataconnect\": could not find dataconnect.yaml in `/Users/mayamarkus-malone/Documents/Personal_CS/bcup/dataconnect`\n"}}
[debug] [2026-03-24T01:31:23.774Z] E0323 21:31:23.773911    2571 watch.go:40] Failed to load config from "/Users/mayamarkus-malone/Documents/Personal_CS/bcup/dataconnect": could not find dataconnect.yaml in `/Users/mayamarkus-malone/Documents/Personal_CS/bcup/dataconnect`
E0323 21:31:23.773893    2571 watch.go:116] watchAllDir unable to walk dir `/Users/mayamarkus-malone/Documents/Personal_CS/bcup/dataconnect`: lstat /Users/mayamarkus-malone/Documents/Personal_CS/bcup/dataconnect: no such file or directory
 {"metadata":{"emulator":{"name":"dataconnect"},"message":"E0323 21:31:23.773911    2571 watch.go:40] Failed to load config from \"/Users/mayamarkus-malone/Documents/Personal_CS/bcup/dataconnect\": could not find dataconnect.yaml in `/Users/mayamarkus-malone/Documents/Personal_CS/bcup/dataconnect`\nE0323 21:31:23.773893    2571 watch.go:116] watchAllDir unable to walk dir `/Users/mayamarkus-malone/Documents/Personal_CS/bcup/dataconnect`: lstat /Users/mayamarkus-malone/Documents/Personal_CS/bcup/dataconnect: no such file or directory\n"}}
[debug] [2026-03-24T01:31:33.774Z] E0323 21:31:33.773935    2571 watch.go:40] Failed to load config from "/Users/mayamarkus-malone/Documents/Personal_CS/bcup/dataconnect": could not find dataconnect.yaml in `/Users/mayamarkus-malone/Documents/Personal_CS/bcup/dataconnect`
 {"metadata":{"emulator":{"name":"dataconnect"},"message":"E0323 21:31:33.773935    2571 watch.go:40] Failed to load config from \"/Users/mayamarkus-malone/Documents/Personal_CS/bcup/dataconnect\": could not find dataconnect.yaml in `/Users/mayamarkus-malone/Documents/Personal_CS/bcup/dataconnect`\n"}}
[debug] [2026-03-24T01:31:43.774Z] E0323 21:31:43.774155    2571 watch.go:40] Failed to load config from "/Users/mayamarkus-malone/Documents/Personal_CS/bcup/dataconnect": could not find dataconnect.yaml in `/Users/mayamarkus-malone/Documents/Personal_CS/bcup/dataconnect`
 {"metadata":{"emulator":{"name":"dataconnect"},"message":"E0323 21:31:43.774155    2571 watch.go:40] Failed to load config from \"/Users/mayamarkus-malone/Documents/Personal_CS/bcup/dataconnect\": could not find dataconnect.yaml in `/Users/mayamarkus-malone/Documents/Personal_CS/bcup/dataconnect`\n"}}
[debug] [2026-03-24T01:31:53.774Z] E0323 21:31:53.773889    2571 watch.go:40] Failed to load config from "/Users/mayamarkus-malone/Documents/Personal_CS/bcup/dataconnect": could not find dataconnect.yaml in `/Users/mayamarkus-malone/Documents/Personal_CS/bcup/dataconnect`
 {"metadata":{"emulator":{"name":"dataconnect"},"message":"E0323 21:31:53.773889    2571 watch.go:40] Failed to load config from \"/Users/mayamarkus-malone/Documents/Personal_CS/bcup/dataconnect\": could not find dataconnect.yaml in `/Users/mayamarkus-malone/Documents/Personal_CS/bcup/dataconnect`\n"}}
[debug] [2026-03-24T01:32:03.775Z] E0323 21:32:03.774451    2571 watch.go:40] Failed to load config from "/Users/mayamarkus-malone/Documents/Personal_CS/bcup/dataconnect": could not find dataconnect.yaml in `/Users/mayamarkus-malone/Documents/Personal_CS/bcup/dataconnect`
 {"metadata":{"emulator":{"name":"dataconnect"},"message":"E0323 21:32:03.774451    2571 watch.go:40] Failed to load config from \"/Users/mayamarkus-malone/Documents/Personal_CS/bcup/dataconnect\": could not find dataconnect.yaml in `/Users/mayamarkus-malone/Documents/Personal_CS/bcup/dataconnect`\n"}}
[debug] [2026-03-24T01:32:13.776Z] E0323 21:32:13.775755    2571 watch.go:40] Failed to load config from "/Users/mayamarkus-malone/Documents/Personal_CS/bcup/dataconnect": could not find dataconnect.yaml in `/Users/mayamarkus-malone/Documents/Personal_CS/bcup/dataconnect`
 {"metadata":{"emulator":{"name":"dataconnect"},"message":"E0323 21:32:13.775755    2571 watch.go:40] Failed to load config from \"/Users/mayamarkus-malone/Documents/Personal_CS/bcup/dataconnect\": could not find dataconnect.yaml in `/Users/mayamarkus-malone/Documents/Personal_CS/bcup/dataconnect`\n"}}
[debug] [2026-03-24T01:32:23.774Z] E0323 21:32:23.774381    2571 watch.go:40] Failed to load config from "/Users/mayamarkus-malone/Documents/Personal_CS/bcup/dataconnect": could not find dataconnect.yaml in `/Users/mayamarkus-malone/Documents/Personal_CS/bcup/dataconnect`
E0323 21:32:23.774338    2571 watch.go:116] watchAllDir unable to walk dir `/Users/mayamarkus-malone/Documents/Personal_CS/bcup/dataconnect`: lstat /Users/mayamarkus-malone/Documents/Personal_CS/bcup/dataconnect: no such file or directory
 {"metadata":{"emulator":{"name":"dataconnect"},"message":"E0323 21:32:23.774381    2571 watch.go:40] Failed to load config from \"/Users/mayamarkus-malone/Documents/Personal_CS/bcup/dataconnect\": could not find dataconnect.yaml in `/Users/mayamarkus-malone/Documents/Personal_CS/bcup/dataconnect`\nE0323 21:32:23.774338    2571 watch.go:116] watchAllDir unable to walk dir `/Users/mayamarkus-malone/Documents/Personal_CS/bcup/dataconnect`: lstat /Users/mayamarkus-malone/Documents/Personal_CS/bcup/dataconnect: no such file or directory\n"}}
[debug] [2026-03-24T01:32:33.776Z] E0323 21:32:33.775998    2571 watch.go:40] Failed to load config from "/Users/mayamarkus-malone/Documents/Personal_CS/bcup/dataconnect": could not find dataconnect.yaml in `/Users/mayamarkus-malone/Documents/Personal_CS/bcup/dataconnect`
 {"metadata":{"emulator":{"name":"dataconnect"},"message":"E0323 21:32:33.775998    2571 watch.go:40] Failed to load config from \"/Users/mayamarkus-malone/Documents/Personal_CS/bcup/dataconnect\": could not find dataconnect.yaml in `/Users/mayamarkus-malone/Documents/Personal_CS/bcup/dataconnect`\n"}}
[debug] [2026-03-24T01:32:43.774Z] E0323 21:32:43.774413    2571 watch.go:40] Failed to load config from "/Users/mayamarkus-malone/Documents/Personal_CS/bcup/dataconnect": could not find dataconnect.yaml in `/Users/mayamarkus-malone/Documents/Personal_CS/bcup/dataconnect`
 {"metadata":{"emulator":{"name":"dataconnect"},"message":"E0323 21:32:43.774413    2571 watch.go:40] Failed to load config from \"/Users/mayamarkus-malone/Documents/Personal_CS/bcup/dataconnect\": could not find dataconnect.yaml in `/Users/mayamarkus-malone/Documents/Personal_CS/bcup/dataconnect`\n"}}
[debug] [2026-03-24T01:32:53.773Z] E0323 21:32:53.773467    2571 watch.go:40] Failed to load config from "/Users/mayamarkus-malone/Documents/Personal_CS/bcup/dataconnect": could not find dataconnect.yaml in `/Users/mayamarkus-malone/Documents/Personal_CS/bcup/dataconnect`
 {"metadata":{"emulator":{"name":"dataconnect"},"message":"E0323 21:32:53.773467    2571 watch.go:40] Failed to load config from \"/Users/mayamarkus-malone/Documents/Personal_CS/bcup/dataconnect\": could not find dataconnect.yaml in `/Users/mayamarkus-malone/Documents/Personal_CS/bcup/dataconnect`\n"}}
[debug] [2026-03-24T01:33:03.774Z] E0323 21:33:03.774386    2571 watch.go:40] Failed to load config from "/Users/mayamarkus-malone/Documents/Personal_CS/bcup/dataconnect": could not find dataconnect.yaml in `/Users/mayamarkus-malone/Documents/Personal_CS/bcup/dataconnect`
 {"metadata":{"emulator":{"name":"dataconnect"},"message":"E0323 21:33:03.774386    2571 watch.go:40] Failed to load config from \"/Users/mayamarkus-malone/Documents/Personal_CS/bcup/dataconnect\": could not find dataconnect.yaml in `/Users/mayamarkus-malone/Documents/Personal_CS/bcup/dataconnect`\n"}}
[debug] [2026-03-24T01:33:13.774Z] E0323 21:33:13.774212    2571 watch.go:40] Failed to load config from "/Users/mayamarkus-malone/Documents/Personal_CS/bcup/dataconnect": could not find dataconnect.yaml in `/Users/mayamarkus-malone/Documents/Personal_CS/bcup/dataconnect`
 {"metadata":{"emulator":{"name":"dataconnect"},"message":"E0323 21:33:13.774212    2571 watch.go:40] Failed to load config from \"/Users/mayamarkus-malone/Documents/Personal_CS/bcup/dataconnect\": could not find dataconnect.yaml in `/Users/mayamarkus-malone/Documents/Personal_CS/bcup/dataconnect`\n"}}
[debug] [2026-03-24T01:33:23.774Z] E0323 21:33:23.774191    2571 watch.go:116] watchAllDir unable to walk dir `/Users/mayamarkus-malone/Documents/Personal_CS/bcup/dataconnect`: lstat /Users/mayamarkus-malone/Documents/Personal_CS/bcup/dataconnect: no such file or directory
 {"metadata":{"emulator":{"name":"dataconnect"},"message":"E0323 21:33:23.774191    2571 watch.go:116] watchAllDir unable to walk dir `/Users/mayamarkus-malone/Documents/Personal_CS/bcup/dataconnect`: lstat /Users/mayamarkus-malone/Documents/Personal_CS/bcup/dataconnect: no such file or directory\n"}}
[debug] [2026-03-24T01:33:23.774Z] E0323 21:33:23.774207    2571 watch.go:40] Failed to load config from "/Users/mayamarkus-malone/Documents/Personal_CS/bcup/dataconnect": could not find dataconnect.yaml in `/Users/mayamarkus-malone/Documents/Personal_CS/bcup/dataconnect`
 {"metadata":{"emulator":{"name":"dataconnect"},"message":"E0323 21:33:23.774207    2571 watch.go:40] Failed to load config from \"/Users/mayamarkus-malone/Documents/Personal_CS/bcup/dataconnect\": could not find dataconnect.yaml in `/Users/mayamarkus-malone/Documents/Personal_CS/bcup/dataconnect`\n"}}
[debug] [2026-03-24T01:33:33.774Z] E0323 21:33:33.774223    2571 watch.go:40] Failed to load config from "/Users/mayamarkus-malone/Documents/Personal_CS/bcup/dataconnect": could not find dataconnect.yaml in `/Users/mayamarkus-malone/Documents/Personal_CS/bcup/dataconnect`
 {"metadata":{"emulator":{"name":"dataconnect"},"message":"E0323 21:33:33.774223    2571 watch.go:40] Failed to load config from \"/Users/mayamarkus-malone/Documents/Personal_CS/bcup/dataconnect\": could not find dataconnect.yaml in `/Users/mayamarkus-malone/Documents/Personal_CS/bcup/dataconnect`\n"}}
[debug] [2026-03-24T01:33:43.774Z] E0323 21:33:43.774424    2571 watch.go:40] Failed to load config from "/Users/mayamarkus-malone/Documents/Personal_CS/bcup/dataconnect": could not find dataconnect.yaml in `/Users/mayamarkus-malone/Documents/Personal_CS/bcup/dataconnect`
 {"metadata":{"emulator":{"name":"dataconnect"},"message":"E0323 21:33:43.774424    2571 watch.go:40] Failed to load config from \"/Users/mayamarkus-malone/Documents/Personal_CS/bcup/dataconnect\": could not find dataconnect.yaml in `/Users/mayamarkus-malone/Documents/Personal_CS/bcup/dataconnect`\n"}}
[debug] [2026-03-24T01:33:53.775Z] E0323 21:33:53.775297    2571 watch.go:40] Failed to load config from "/Users/mayamarkus-malone/Documents/Personal_CS/bcup/dataconnect": could not find dataconnect.yaml in `/Users/mayamarkus-malone/Documents/Personal_CS/bcup/dataconnect`
 {"metadata":{"emulator":{"name":"dataconnect"},"message":"E0323 21:33:53.775297    2571 watch.go:40] Failed to load config from \"/Users/mayamarkus-malone/Documents/Personal_CS/bcup/dataconnect\": could not find dataconnect.yaml in `/Users/mayamarkus-malone/Documents/Personal_CS/bcup/dataconnect`\n"}}
[debug] [2026-03-24T01:34:03.774Z] E0323 21:34:03.774298    2571 watch.go:40] Failed to load config from "/Users/mayamarkus-malone/Documents/Personal_CS/bcup/dataconnect": could not find dataconnect.yaml in `/Users/mayamarkus-malone/Documents/Personal_CS/bcup/dataconnect`
 {"metadata":{"emulator":{"name":"dataconnect"},"message":"E0323 21:34:03.774298    2571 watch.go:40] Failed to load config from \"/Users/mayamarkus-malone/Documents/Personal_CS/bcup/dataconnect\": could not find dataconnect.yaml in `/Users/mayamarkus-malone/Documents/Personal_CS/bcup/dataconnect`\n"}}
[debug] [2026-03-24T01:34:13.774Z] E0323 21:34:13.774259    2571 watch.go:40] Failed to load config from "/Users/mayamarkus-malone/Documents/Personal_CS/bcup/dataconnect": could not find dataconnect.yaml in `/Users/mayamarkus-malone/Documents/Personal_CS/bcup/dataconnect`
 {"metadata":{"emulator":{"name":"dataconnect"},"message":"E0323 21:34:13.774259    2571 watch.go:40] Failed to load config from \"/Users/mayamarkus-malone/Documents/Personal_CS/bcup/dataconnect\": could not find dataconnect.yaml in `/Users/mayamarkus-malone/Documents/Personal_CS/bcup/dataconnect`\n"}}
[debug] [2026-03-24T01:34:23.777Z] E0323 21:34:23.777417    2571 watch.go:40] Failed to load config from "/Users/mayamarkus-malone/Documents/Personal_CS/bcup/dataconnect": could not find dataconnect.yaml in `/Users/mayamarkus-malone/Documents/Personal_CS/bcup/dataconnect`
E0323 21:34:23.777364    2571 watch.go:116] watchAllDir unable to walk dir `/Users/mayamarkus-malone/Documents/Personal_CS/bcup/dataconnect`: lstat /Users/mayamarkus-malone/Documents/Personal_CS/bcup/dataconnect: no such file or directory
 {"metadata":{"emulator":{"name":"dataconnect"},"message":"E0323 21:34:23.777417    2571 watch.go:40] Failed to load config from \"/Users/mayamarkus-malone/Documents/Personal_CS/bcup/dataconnect\": could not find dataconnect.yaml in `/Users/mayamarkus-malone/Documents/Personal_CS/bcup/dataconnect`\nE0323 21:34:23.777364    2571 watch.go:116] watchAllDir unable to walk dir `/Users/mayamarkus-malone/Documents/Personal_CS/bcup/dataconnect`: lstat /Users/mayamarkus-malone/Documents/Personal_CS/bcup/dataconnect: no such file or directory\n"}}
[debug] [2026-03-24T01:34:33.775Z] E0323 21:34:33.774565    2571 watch.go:40] Failed to load config from "/Users/mayamarkus-malone/Documents/Personal_CS/bcup/dataconnect": could not find dataconnect.yaml in `/Users/mayamarkus-malone/Documents/Personal_CS/bcup/dataconnect`
 {"metadata":{"emulator":{"name":"dataconnect"},"message":"E0323 21:34:33.774565    2571 watch.go:40] Failed to load config from \"/Users/mayamarkus-malone/Documents/Personal_CS/bcup/dataconnect\": could not find dataconnect.yaml in `/Users/mayamarkus-malone/Documents/Personal_CS/bcup/dataconnect`\n"}}
[debug] [2026-03-24T01:34:43.775Z] E0323 21:34:43.775105    2571 watch.go:40] Failed to load config from "/Users/mayamarkus-malone/Documents/Personal_CS/bcup/dataconnect": could not find dataconnect.yaml in `/Users/mayamarkus-malone/Documents/Personal_CS/bcup/dataconnect`
 {"metadata":{"emulator":{"name":"dataconnect"},"message":"E0323 21:34:43.775105    2571 watch.go:40] Failed to load config from \"/Users/mayamarkus-malone/Documents/Personal_CS/bcup/dataconnect\": could not find dataconnect.yaml in `/Users/mayamarkus-malone/Documents/Personal_CS/bcup/dataconnect`\n"}}
[debug] [2026-03-24T01:34:53.775Z] E0323 21:34:53.774454    2571 watch.go:40] Failed to load config from "/Users/mayamarkus-malone/Documents/Personal_CS/bcup/dataconnect": could not find dataconnect.yaml in `/Users/mayamarkus-malone/Documents/Personal_CS/bcup/dataconnect`
 {"metadata":{"emulator":{"name":"dataconnect"},"message":"E0323 21:34:53.774454    2571 watch.go:40] Failed to load config from \"/Users/mayamarkus-malone/Documents/Personal_CS/bcup/dataconnect\": could not find dataconnect.yaml in `/Users/mayamarkus-malone/Documents/Personal_CS/bcup/dataconnect`\n"}}
[debug] [2026-03-24T01:35:03.777Z] E0323 21:35:03.776895    2571 watch.go:40] Failed to load config from "/Users/mayamarkus-malone/Documents/Personal_CS/bcup/dataconnect": could not find dataconnect.yaml in `/Users/mayamarkus-malone/Documents/Personal_CS/bcup/dataconnect`
 {"metadata":{"emulator":{"name":"dataconnect"},"message":"E0323 21:35:03.776895    2571 watch.go:40] Failed to load config from \"/Users/mayamarkus-malone/Documents/Personal_CS/bcup/dataconnect\": could not find dataconnect.yaml in `/Users/mayamarkus-malone/Documents/Personal_CS/bcup/dataconnect`\n"}}
[debug] [2026-03-24T01:35:13.774Z] E0323 21:35:13.774433    2571 watch.go:40] Failed to load config from "/Users/mayamarkus-malone/Documents/Personal_CS/bcup/dataconnect": could not find dataconnect.yaml in `/Users/mayamarkus-malone/Documents/Personal_CS/bcup/dataconnect`
 {"metadata":{"emulator":{"name":"dataconnect"},"message":"E0323 21:35:13.774433    2571 watch.go:40] Failed to load config from \"/Users/mayamarkus-malone/Documents/Personal_CS/bcup/dataconnect\": could not find dataconnect.yaml in `/Users/mayamarkus-malone/Documents/Personal_CS/bcup/dataconnect`\n"}}
[debug] [2026-03-24T01:35:23.775Z] E0323 21:35:23.774631    2571 watch.go:40] Failed to load config from "/Users/mayamarkus-malone/Documents/Personal_CS/bcup/dataconnect": could not find dataconnect.yaml in `/Users/mayamarkus-malone/Documents/Personal_CS/bcup/dataconnect`
E0323 21:35:23.774786    2571 watch.go:116] watchAllDir unable to walk dir `/Users/mayamarkus-malone/Documents/Personal_CS/bcup/dataconnect`: lstat /Users/mayamarkus-malone/Documents/Personal_CS/bcup/dataconnect: no such file or directory
 {"metadata":{"emulator":{"name":"dataconnect"},"message":"E0323 21:35:23.774631    2571 watch.go:40] Failed to load config from \"/Users/mayamarkus-malone/Documents/Personal_CS/bcup/dataconnect\": could not find dataconnect.yaml in `/Users/mayamarkus-malone/Documents/Personal_CS/bcup/dataconnect`\nE0323 21:35:23.774786    2571 watch.go:116] watchAllDir unable to walk dir `/Users/mayamarkus-malone/Documents/Personal_CS/bcup/dataconnect`: lstat /Users/mayamarkus-malone/Documents/Personal_CS/bcup/dataconnect: no such file or directory\n"}}
[debug] [2026-03-24T01:35:33.774Z] E0323 21:35:33.774751    2571 watch.go:40] Failed to load config from "/Users/mayamarkus-malone/Documents/Personal_CS/bcup/dataconnect": could not find dataconnect.yaml in `/Users/mayamarkus-malone/Documents/Personal_CS/bcup/dataconnect`
 {"metadata":{"emulator":{"name":"dataconnect"},"message":"E0323 21:35:33.774751    2571 watch.go:40] Failed to load config from \"/Users/mayamarkus-malone/Documents/Personal_CS/bcup/dataconnect\": could not find dataconnect.yaml in `/Users/mayamarkus-malone/Documents/Personal_CS/bcup/dataconnect`\n"}}
[debug] [2026-03-24T01:35:43.775Z] E0323 21:35:43.774617    2571 watch.go:40] Failed to load config from "/Users/mayamarkus-malone/Documents/Personal_CS/bcup/dataconnect": could not find dataconnect.yaml in `/Users/mayamarkus-malone/Documents/Personal_CS/bcup/dataconnect`
 {"metadata":{"emulator":{"name":"dataconnect"},"message":"E0323 21:35:43.774617    2571 watch.go:40] Failed to load config from \"/Users/mayamarkus-malone/Documents/Personal_CS/bcup/dataconnect\": could not find dataconnect.yaml in `/Users/mayamarkus-malone/Documents/Personal_CS/bcup/dataconnect`\n"}}
[debug] [2026-03-24T01:35:53.774Z] E0323 21:35:53.774515    2571 watch.go:40] Failed to load config from "/Users/mayamarkus-malone/Documents/Personal_CS/bcup/dataconnect": could not find dataconnect.yaml in `/Users/mayamarkus-malone/Documents/Personal_CS/bcup/dataconnect`
 {"metadata":{"emulator":{"name":"dataconnect"},"message":"E0323 21:35:53.774515    2571 watch.go:40] Failed to load config from \"/Users/mayamarkus-malone/Documents/Personal_CS/bcup/dataconnect\": could not find dataconnect.yaml in `/Users/mayamarkus-malone/Documents/Personal_CS/bcup/dataconnect`\n"}}
[debug] [2026-03-24T01:36:03.774Z] E0323 21:36:03.774712    2571 watch.go:40] Failed to load config from "/Users/mayamarkus-malone/Documents/Personal_CS/bcup/dataconnect": could not find dataconnect.yaml in `/Users/mayamarkus-malone/Documents/Personal_CS/bcup/dataconnect`
 {"metadata":{"emulator":{"name":"dataconnect"},"message":"E0323 21:36:03.774712    2571 watch.go:40] Failed to load config from \"/Users/mayamarkus-malone/Documents/Personal_CS/bcup/dataconnect\": could not find dataconnect.yaml in `/Users/mayamarkus-malone/Documents/Personal_CS/bcup/dataconnect`\n"}}
[debug] [2026-03-24T01:36:13.774Z] E0323 21:36:13.774627    2571 watch.go:40] Failed to load config from "/Users/mayamarkus-malone/Documents/Personal_CS/bcup/dataconnect": could not find dataconnect.yaml in `/Users/mayamarkus-malone/Documents/Personal_CS/bcup/dataconnect`
 {"metadata":{"emulator":{"name":"dataconnect"},"message":"E0323 21:36:13.774627    2571 watch.go:40] Failed to load config from \"/Users/mayamarkus-malone/Documents/Personal_CS/bcup/dataconnect\": could not find dataconnect.yaml in `/Users/mayamarkus-malone/Documents/Personal_CS/bcup/dataconnect`\n"}}
[debug] [2026-03-24T01:36:23.774Z] E0323 21:36:23.774715    2571 watch.go:40] Failed to load config from "/Users/mayamarkus-malone/Documents/Personal_CS/bcup/dataconnect": could not find dataconnect.yaml in `/Users/mayamarkus-malone/Documents/Personal_CS/bcup/dataconnect`
 {"metadata":{"emulator":{"name":"dataconnect"},"message":"E0323 21:36:23.774715    2571 watch.go:40] Failed to load config from \"/Users/mayamarkus-malone/Documents/Personal_CS/bcup/dataconnect\": could not find dataconnect.yaml in `/Users/mayamarkus-malone/Documents/Personal_CS/bcup/dataconnect`\n"}}
[debug] [2026-03-24T01:36:23.775Z] E0323 21:36:23.775272    2571 watch.go:116] watchAllDir unable to walk dir `/Users/mayamarkus-malone/Documents/Personal_CS/bcup/dataconnect`: lstat /Users/mayamarkus-malone/Documents/Personal_CS/bcup/dataconnect: no such file or directory
 {"metadata":{"emulator":{"name":"dataconnect"},"message":"E0323 21:36:23.775272    2571 watch.go:116] watchAllDir unable to walk dir `/Users/mayamarkus-malone/Documents/Personal_CS/bcup/dataconnect`: lstat /Users/mayamarkus-malone/Documents/Personal_CS/bcup/dataconnect: no such file or directory\n"}}
[debug] [2026-03-24T01:36:33.774Z] E0323 21:36:33.774682    2571 watch.go:40] Failed to load config from "/Users/mayamarkus-malone/Documents/Personal_CS/bcup/dataconnect": could not find dataconnect.yaml in `/Users/mayamarkus-malone/Documents/Personal_CS/bcup/dataconnect`
 {"metadata":{"emulator":{"name":"dataconnect"},"message":"E0323 21:36:33.774682    2571 watch.go:40] Failed to load config from \"/Users/mayamarkus-malone/Documents/Personal_CS/bcup/dataconnect\": could not find dataconnect.yaml in `/Users/mayamarkus-malone/Documents/Personal_CS/bcup/dataconnect`\n"}}
[debug] [2026-03-24T01:36:43.774Z] E0323 21:36:43.773965    2571 watch.go:40] Failed to load config from "/Users/mayamarkus-malone/Documents/Personal_CS/bcup/dataconnect": could not find dataconnect.yaml in `/Users/mayamarkus-malone/Documents/Personal_CS/bcup/dataconnect`
 {"metadata":{"emulator":{"name":"dataconnect"},"message":"E0323 21:36:43.773965    2571 watch.go:40] Failed to load config from \"/Users/mayamarkus-malone/Documents/Personal_CS/bcup/dataconnect\": could not find dataconnect.yaml in `/Users/mayamarkus-malone/Documents/Personal_CS/bcup/dataconnect`\n"}}
[debug] [2026-03-24T01:36:53.776Z] E0323 21:36:53.776370    2571 watch.go:40] Failed to load config from "/Users/mayamarkus-malone/Documents/Personal_CS/bcup/dataconnect": could not find dataconnect.yaml in `/Users/mayamarkus-malone/Documents/Personal_CS/bcup/dataconnect`
 {"metadata":{"emulator":{"name":"dataconnect"},"message":"E0323 21:36:53.776370    2571 watch.go:40] Failed to load config from \"/Users/mayamarkus-malone/Documents/Personal_CS/bcup/dataconnect\": could not find dataconnect.yaml in `/Users/mayamarkus-malone/Documents/Personal_CS/bcup/dataconnect`\n"}}
[debug] [2026-03-24T01:37:03.776Z] E0323 21:37:03.774456    2571 watch.go:40] Failed to load config from "/Users/mayamarkus-malone/Documents/Personal_CS/bcup/dataconnect": could not find dataconnect.yaml in `/Users/mayamarkus-malone/Documents/Personal_CS/bcup/dataconnect`
 {"metadata":{"emulator":{"name":"dataconnect"},"message":"E0323 21:37:03.774456    2571 watch.go:40] Failed to load config from \"/Users/mayamarkus-malone/Documents/Personal_CS/bcup/dataconnect\": could not find dataconnect.yaml in `/Users/mayamarkus-malone/Documents/Personal_CS/bcup/dataconnect`\n"}}
[debug] [2026-03-24T01:37:13.775Z] E0323 21:37:13.775823    2571 watch.go:40] Failed to load config from "/Users/mayamarkus-malone/Documents/Personal_CS/bcup/dataconnect": could not find dataconnect.yaml in `/Users/mayamarkus-malone/Documents/Personal_CS/bcup/dataconnect`
 {"metadata":{"emulator":{"name":"dataconnect"},"message":"E0323 21:37:13.775823    2571 watch.go:40] Failed to load config from \"/Users/mayamarkus-malone/Documents/Personal_CS/bcup/dataconnect\": could not find dataconnect.yaml in `/Users/mayamarkus-malone/Documents/Personal_CS/bcup/dataconnect`\n"}}
[debug] [2026-03-24T01:37:23.773Z] E0323 21:37:23.773791    2571 watch.go:116] watchAllDir unable to walk dir `/Users/mayamarkus-malone/Documents/Personal_CS/bcup/dataconnect`: lstat /Users/mayamarkus-malone/Documents/Personal_CS/bcup/dataconnect: no such file or directory
E0323 21:37:23.773804    2571 watch.go:40] Failed to load config from "/Users/mayamarkus-malone/Documents/Personal_CS/bcup/dataconnect": could not find dataconnect.yaml in `/Users/mayamarkus-malone/Documents/Personal_CS/bcup/dataconnect`
 {"metadata":{"emulator":{"name":"dataconnect"},"message":"E0323 21:37:23.773791    2571 watch.go:116] watchAllDir unable to walk dir `/Users/mayamarkus-malone/Documents/Personal_CS/bcup/dataconnect`: lstat /Users/mayamarkus-malone/Documents/Personal_CS/bcup/dataconnect: no such file or directory\nE0323 21:37:23.773804    2571 watch.go:40] Failed to load config from \"/Users/mayamarkus-malone/Documents/Personal_CS/bcup/dataconnect\": could not find dataconnect.yaml in `/Users/mayamarkus-malone/Documents/Personal_CS/bcup/dataconnect`\n"}}
[debug] [2026-03-24T01:37:33.774Z] E0323 21:37:33.774197    2571 watch.go:40] Failed to load config from "/Users/mayamarkus-malone/Documents/Personal_CS/bcup/dataconnect": could not find dataconnect.yaml in `/Users/mayamarkus-malone/Documents/Personal_CS/bcup/dataconnect`
 {"metadata":{"emulator":{"name":"dataconnect"},"message":"E0323 21:37:33.774197    2571 watch.go:40] Failed to load config from \"/Users/mayamarkus-malone/Documents/Personal_CS/bcup/dataconnect\": could not find dataconnect.yaml in `/Users/mayamarkus-malone/Documents/Personal_CS/bcup/dataconnect`\n"}}
[debug] [2026-03-24T01:37:43.774Z] E0323 21:37:43.774734    2571 watch.go:40] Failed to load config from "/Users/mayamarkus-malone/Documents/Personal_CS/bcup/dataconnect": could not find dataconnect.yaml in `/Users/mayamarkus-malone/Documents/Personal_CS/bcup/dataconnect`
 {"metadata":{"emulator":{"name":"dataconnect"},"message":"E0323 21:37:43.774734    2571 watch.go:40] Failed to load config from \"/Users/mayamarkus-malone/Documents/Personal_CS/bcup/dataconnect\": could not find dataconnect.yaml in `/Users/mayamarkus-malone/Documents/Personal_CS/bcup/dataconnect`\n"}}
[debug] [2026-03-24T01:37:53.776Z] E0323 21:37:53.775465    2571 watch.go:40] Failed to load config from "/Users/mayamarkus-malone/Documents/Personal_CS/bcup/dataconnect": could not find dataconnect.yaml in `/Users/mayamarkus-malone/Documents/Personal_CS/bcup/dataconnect`
 {"metadata":{"emulator":{"name":"dataconnect"},"message":"E0323 21:37:53.775465    2571 watch.go:40] Failed to load config from \"/Users/mayamarkus-malone/Documents/Personal_CS/bcup/dataconnect\": could not find dataconnect.yaml in `/Users/mayamarkus-malone/Documents/Personal_CS/bcup/dataconnect`\n"}}
[debug] [2026-03-24T01:38:03.777Z] E0323 21:38:03.777117    2571 watch.go:40] Failed to load config from "/Users/mayamarkus-malone/Documents/Personal_CS/bcup/dataconnect": could not find dataconnect.yaml in `/Users/mayamarkus-malone/Documents/Personal_CS/bcup/dataconnect`
 {"metadata":{"emulator":{"name":"dataconnect"},"message":"E0323 21:38:03.777117    2571 watch.go:40] Failed to load config from \"/Users/mayamarkus-malone/Documents/Personal_CS/bcup/dataconnect\": could not find dataconnect.yaml in `/Users/mayamarkus-malone/Documents/Personal_CS/bcup/dataconnect`\n"}}
[debug] [2026-03-24T01:38:13.777Z] E0323 21:38:13.775032    2571 watch.go:40] Failed to load config from "/Users/mayamarkus-malone/Documents/Personal_CS/bcup/dataconnect": could not find dataconnect.yaml in `/Users/mayamarkus-malone/Documents/Personal_CS/bcup/dataconnect`
 {"metadata":{"emulator":{"name":"dataconnect"},"message":"E0323 21:38:13.775032    2571 watch.go:40] Failed to load config from \"/Users/mayamarkus-malone/Documents/Personal_CS/bcup/dataconnect\": could not find dataconnect.yaml in `/Users/mayamarkus-malone/Documents/Personal_CS/bcup/dataconnect`\n"}}
[debug] [2026-03-24T01:38:23.776Z] E0323 21:38:23.776250    2571 watch.go:40] Failed to load config from "/Users/mayamarkus-malone/Documents/Personal_CS/bcup/dataconnect": could not find dataconnect.yaml in `/Users/mayamarkus-malone/Documents/Personal_CS/bcup/dataconnect`
 {"metadata":{"emulator":{"name":"dataconnect"},"message":"E0323 21:38:23.776250    2571 watch.go:40] Failed to load config from \"/Users/mayamarkus-malone/Documents/Personal_CS/bcup/dataconnect\": could not find dataconnect.yaml in `/Users/mayamarkus-malone/Documents/Personal_CS/bcup/dataconnect`\n"}}
[debug] [2026-03-24T01:38:23.777Z] E0323 21:38:23.776259    2571 watch.go:116] watchAllDir unable to walk dir `/Users/mayamarkus-malone/Documents/Personal_CS/bcup/dataconnect`: lstat /Users/mayamarkus-malone/Documents/Personal_CS/bcup/dataconnect: no such file or directory
 {"metadata":{"emulator":{"name":"dataconnect"},"message":"E0323 21:38:23.776259    2571 watch.go:116] watchAllDir unable to walk dir `/Users/mayamarkus-malone/Documents/Personal_CS/bcup/dataconnect`: lstat /Users/mayamarkus-malone/Documents/Personal_CS/bcup/dataconnect: no such file or directory\n"}}
[debug] [2026-03-24T01:38:33.775Z] E0323 21:38:33.774928    2571 watch.go:40] Failed to load config from "/Users/mayamarkus-malone/Documents/Personal_CS/bcup/dataconnect": could not find dataconnect.yaml in `/Users/mayamarkus-malone/Documents/Personal_CS/bcup/dataconnect`
 {"metadata":{"emulator":{"name":"dataconnect"},"message":"E0323 21:38:33.774928    2571 watch.go:40] Failed to load config from \"/Users/mayamarkus-malone/Documents/Personal_CS/bcup/dataconnect\": could not find dataconnect.yaml in `/Users/mayamarkus-malone/Documents/Personal_CS/bcup/dataconnect`\n"}}
[debug] [2026-03-24T01:38:43.775Z] E0323 21:38:43.774933    2571 watch.go:40] Failed to load config from "/Users/mayamarkus-malone/Documents/Personal_CS/bcup/dataconnect": could not find dataconnect.yaml in `/Users/mayamarkus-malone/Documents/Personal_CS/bcup/dataconnect`
 {"metadata":{"emulator":{"name":"dataconnect"},"message":"E0323 21:38:43.774933    2571 watch.go:40] Failed to load config from \"/Users/mayamarkus-malone/Documents/Personal_CS/bcup/dataconnect\": could not find dataconnect.yaml in `/Users/mayamarkus-malone/Documents/Personal_CS/bcup/dataconnect`\n"}}
[debug] [2026-03-24T01:38:53.774Z] E0323 21:38:53.774765    2571 watch.go:40] Failed to load config from "/Users/mayamarkus-malone/Documents/Personal_CS/bcup/dataconnect": could not find dataconnect.yaml in `/Users/mayamarkus-malone/Documents/Personal_CS/bcup/dataconnect`
 {"metadata":{"emulator":{"name":"dataconnect"},"message":"E0323 21:38:53.774765    2571 watch.go:40] Failed to load config from \"/Users/mayamarkus-malone/Documents/Personal_CS/bcup/dataconnect\": could not find dataconnect.yaml in `/Users/mayamarkus-malone/Documents/Personal_CS/bcup/dataconnect`\n"}}
[debug] [2026-03-24T01:39:03.774Z] E0323 21:39:03.774234    2571 watch.go:40] Failed to load config from "/Users/mayamarkus-malone/Documents/Personal_CS/bcup/dataconnect": could not find dataconnect.yaml in `/Users/mayamarkus-malone/Documents/Personal_CS/bcup/dataconnect`
 {"metadata":{"emulator":{"name":"dataconnect"},"message":"E0323 21:39:03.774234    2571 watch.go:40] Failed to load config from \"/Users/mayamarkus-malone/Documents/Personal_CS/bcup/dataconnect\": could not find dataconnect.yaml in `/Users/mayamarkus-malone/Documents/Personal_CS/bcup/dataconnect`\n"}}
[debug] [2026-03-24T01:39:13.775Z] E0323 21:39:13.775009    2571 watch.go:40] Failed to load config from "/Users/mayamarkus-malone/Documents/Personal_CS/bcup/dataconnect": could not find dataconnect.yaml in `/Users/mayamarkus-malone/Documents/Personal_CS/bcup/dataconnect`
 {"metadata":{"emulator":{"name":"dataconnect"},"message":"E0323 21:39:13.775009    2571 watch.go:40] Failed to load config from \"/Users/mayamarkus-malone/Documents/Personal_CS/bcup/dataconnect\": could not find dataconnect.yaml in `/Users/mayamarkus-malone/Documents/Personal_CS/bcup/dataconnect`\n"}}
[debug] [2026-03-24T01:39:23.775Z] E0323 21:39:23.774966    2571 watch.go:40] Failed to load config from "/Users/mayamarkus-malone/Documents/Personal_CS/bcup/dataconnect": could not find dataconnect.yaml in `/Users/mayamarkus-malone/Documents/Personal_CS/bcup/dataconnect`
E0323 21:39:23.774925    2571 watch.go:116] watchAllDir unable to walk dir `/Users/mayamarkus-malone/Documents/Personal_CS/bcup/dataconnect`: lstat /Users/mayamarkus-malone/Documents/Personal_CS/bcup/dataconnect: no such file or directory
 {"metadata":{"emulator":{"name":"dataconnect"},"message":"E0323 21:39:23.774966    2571 watch.go:40] Failed to load config from \"/Users/mayamarkus-malone/Documents/Personal_CS/bcup/dataconnect\": could not find dataconnect.yaml in `/Users/mayamarkus-malone/Documents/Personal_CS/bcup/dataconnect`\nE0323 21:39:23.774925    2571 watch.go:116] watchAllDir unable to walk dir `/Users/mayamarkus-malone/Documents/Personal_CS/bcup/dataconnect`: lstat /Users/mayamarkus-malone/Documents/Personal_CS/bcup/dataconnect: no such file or directory\n"}}
[debug] [2026-03-24T01:39:33.775Z] E0323 21:39:33.775050    2571 watch.go:40] Failed to load config from "/Users/mayamarkus-malone/Documents/Personal_CS/bcup/dataconnect": could not find dataconnect.yaml in `/Users/mayamarkus-malone/Documents/Personal_CS/bcup/dataconnect`
 {"metadata":{"emulator":{"name":"dataconnect"},"message":"E0323 21:39:33.775050    2571 watch.go:40] Failed to load config from \"/Users/mayamarkus-malone/Documents/Personal_CS/bcup/dataconnect\": could not find dataconnect.yaml in `/Users/mayamarkus-malone/Documents/Personal_CS/bcup/dataconnect`\n"}}
[debug] [2026-03-24T01:39:43.775Z] E0323 21:39:43.775009    2571 watch.go:40] Failed to load config from "/Users/mayamarkus-malone/Documents/Personal_CS/bcup/dataconnect": could not find dataconnect.yaml in `/Users/mayamarkus-malone/Documents/Personal_CS/bcup/dataconnect`
 {"metadata":{"emulator":{"name":"dataconnect"},"message":"E0323 21:39:43.775009    2571 watch.go:40] Failed to load config from \"/Users/mayamarkus-malone/Documents/Personal_CS/bcup/dataconnect\": could not find dataconnect.yaml in `/Users/mayamarkus-malone/Documents/Personal_CS/bcup/dataconnect`\n"}}
[debug] [2026-03-24T01:39:53.775Z] E0323 21:39:53.775050    2571 watch.go:40] Failed to load config from "/Users/mayamarkus-malone/Documents/Personal_CS/bcup/dataconnect": could not find dataconnect.yaml in `/Users/mayamarkus-malone/Documents/Personal_CS/bcup/dataconnect`
 {"metadata":{"emulator":{"name":"dataconnect"},"message":"E0323 21:39:53.775050    2571 watch.go:40] Failed to load config from \"/Users/mayamarkus-malone/Documents/Personal_CS/bcup/dataconnect\": could not find dataconnect.yaml in `/Users/mayamarkus-malone/Documents/Personal_CS/bcup/dataconnect`\n"}}
[debug] [2026-03-24T01:40:03.775Z] E0323 21:40:03.775090    2571 watch.go:40] Failed to load config from "/Users/mayamarkus-malone/Documents/Personal_CS/bcup/dataconnect": could not find dataconnect.yaml in `/Users/mayamarkus-malone/Documents/Personal_CS/bcup/dataconnect`
 {"metadata":{"emulator":{"name":"dataconnect"},"message":"E0323 21:40:03.775090    2571 watch.go:40] Failed to load config from \"/Users/mayamarkus-malone/Documents/Personal_CS/bcup/dataconnect\": could not find dataconnect.yaml in `/Users/mayamarkus-malone/Documents/Personal_CS/bcup/dataconnect`\n"}}
[debug] [2026-03-24T01:40:13.775Z] E0323 21:40:13.775100    2571 watch.go:40] Failed to load config from "/Users/mayamarkus-malone/Documents/Personal_CS/bcup/dataconnect": could not find dataconnect.yaml in `/Users/mayamarkus-malone/Documents/Personal_CS/bcup/dataconnect`
 {"metadata":{"emulator":{"name":"dataconnect"},"message":"E0323 21:40:13.775100    2571 watch.go:40] Failed to load config from \"/Users/mayamarkus-malone/Documents/Personal_CS/bcup/dataconnect\": could not find dataconnect.yaml in `/Users/mayamarkus-malone/Documents/Personal_CS/bcup/dataconnect`\n"}}
[debug] [2026-03-24T01:40:23.775Z] E0323 21:40:23.775066    2571 watch.go:40] Failed to load config from "/Users/mayamarkus-malone/Documents/Personal_CS/bcup/dataconnect": could not find dataconnect.yaml in `/Users/mayamarkus-malone/Documents/Personal_CS/bcup/dataconnect`
 {"metadata":{"emulator":{"name":"dataconnect"},"message":"E0323 21:40:23.775066    2571 watch.go:40] Failed to load config from \"/Users/mayamarkus-malone/Documents/Personal_CS/bcup/dataconnect\": could not find dataconnect.yaml in `/Users/mayamarkus-malone/Documents/Personal_CS/bcup/dataconnect`\n"}}
[debug] [2026-03-24T01:40:23.775Z] E0323 21:40:23.775016    2571 watch.go:116] watchAllDir unable to walk dir `/Users/mayamarkus-malone/Documents/Personal_CS/bcup/dataconnect`: lstat /Users/mayamarkus-malone/Documents/Personal_CS/bcup/dataconnect: no such file or directory
 {"metadata":{"emulator":{"name":"dataconnect"},"message":"E0323 21:40:23.775016    2571 watch.go:116] watchAllDir unable to walk dir `/Users/mayamarkus-malone/Documents/Personal_CS/bcup/dataconnect`: lstat /Users/mayamarkus-malone/Documents/Personal_CS/bcup/dataconnect: no such file or directory\n"}}
[debug] [2026-03-24T01:40:33.775Z] E0323 21:40:33.775601    2571 watch.go:40] Failed to load config from "/Users/mayamarkus-malone/Documents/Personal_CS/bcup/dataconnect": could not find dataconnect.yaml in `/Users/mayamarkus-malone/Documents/Personal_CS/bcup/dataconnect`
 {"metadata":{"emulator":{"name":"dataconnect"},"message":"E0323 21:40:33.775601    2571 watch.go:40] Failed to load config from \"/Users/mayamarkus-malone/Documents/Personal_CS/bcup/dataconnect\": could not find dataconnect.yaml in `/Users/mayamarkus-malone/Documents/Personal_CS/bcup/dataconnect`\n"}}
[debug] [2026-03-24T01:40:43.778Z] E0323 21:40:43.778675    2571 watch.go:40] Failed to load config from "/Users/mayamarkus-malone/Documents/Personal_CS/bcup/dataconnect": could not find dataconnect.yaml in `/Users/mayamarkus-malone/Documents/Personal_CS/bcup/dataconnect`
 {"metadata":{"emulator":{"name":"dataconnect"},"message":"E0323 21:40:43.778675    2571 watch.go:40] Failed to load config from \"/Users/mayamarkus-malone/Documents/Personal_CS/bcup/dataconnect\": could not find dataconnect.yaml in `/Users/mayamarkus-malone/Documents/Personal_CS/bcup/dataconnect`\n"}}
[debug] [2026-03-24T01:40:53.775Z] E0323 21:40:53.775170    2571 watch.go:40] Failed to load config from "/Users/mayamarkus-malone/Documents/Personal_CS/bcup/dataconnect": could not find dataconnect.yaml in `/Users/mayamarkus-malone/Documents/Personal_CS/bcup/dataconnect`
 {"metadata":{"emulator":{"name":"dataconnect"},"message":"E0323 21:40:53.775170    2571 watch.go:40] Failed to load config from \"/Users/mayamarkus-malone/Documents/Personal_CS/bcup/dataconnect\": could not find dataconnect.yaml in `/Users/mayamarkus-malone/Documents/Personal_CS/bcup/dataconnect`\n"}}
[debug] [2026-03-24T01:41:03.776Z] E0323 21:41:03.776231    2571 watch.go:40] Failed to load config from "/Users/mayamarkus-malone/Documents/Personal_CS/bcup/dataconnect": could not find dataconnect.yaml in `/Users/mayamarkus-malone/Documents/Personal_CS/bcup/dataconnect`
 {"metadata":{"emulator":{"name":"dataconnect"},"message":"E0323 21:41:03.776231    2571 watch.go:40] Failed to load config from \"/Users/mayamarkus-malone/Documents/Personal_CS/bcup/dataconnect\": could not find dataconnect.yaml in `/Users/mayamarkus-malone/Documents/Personal_CS/bcup/dataconnect`\n"}}
[debug] [2026-03-24T01:41:13.775Z] E0323 21:41:13.775142    2571 watch.go:40] Failed to load config from "/Users/mayamarkus-malone/Documents/Personal_CS/bcup/dataconnect": could not find dataconnect.yaml in `/Users/mayamarkus-malone/Documents/Personal_CS/bcup/dataconnect`
 {"metadata":{"emulator":{"name":"dataconnect"},"message":"E0323 21:41:13.775142    2571 watch.go:40] Failed to load config from \"/Users/mayamarkus-malone/Documents/Personal_CS/bcup/dataconnect\": could not find dataconnect.yaml in `/Users/mayamarkus-malone/Documents/Personal_CS/bcup/dataconnect`\n"}}
[debug] [2026-03-24T01:41:23.777Z] E0323 21:41:23.776036    2571 watch.go:116] watchAllDir unable to walk dir `/Users/mayamarkus-malone/Documents/Personal_CS/bcup/dataconnect`: lstat /Users/mayamarkus-malone/Documents/Personal_CS/bcup/dataconnect: no such file or directory
E0323 21:41:23.776814    2571 watch.go:40] Failed to load config from "/Users/mayamarkus-malone/Documents/Personal_CS/bcup/dataconnect": could not find dataconnect.yaml in `/Users/mayamarkus-malone/Documents/Personal_CS/bcup/dataconnect`
 {"metadata":{"emulator":{"name":"dataconnect"},"message":"E0323 21:41:23.776036    2571 watch.go:116] watchAllDir unable to walk dir `/Users/mayamarkus-malone/Documents/Personal_CS/bcup/dataconnect`: lstat /Users/mayamarkus-malone/Documents/Personal_CS/bcup/dataconnect: no such file or directory\nE0323 21:41:23.776814    2571 watch.go:40] Failed to load config from \"/Users/mayamarkus-malone/Documents/Personal_CS/bcup/dataconnect\": could not find dataconnect.yaml in `/Users/mayamarkus-malone/Documents/Personal_CS/bcup/dataconnect`\n"}}
[debug] [2026-03-24T01:41:33.776Z] E0323 21:41:33.775949    2571 watch.go:40] Failed to load config from "/Users/mayamarkus-malone/Documents/Personal_CS/bcup/dataconnect": could not find dataconnect.yaml in `/Users/mayamarkus-malone/Documents/Personal_CS/bcup/dataconnect`
 {"metadata":{"emulator":{"name":"dataconnect"},"message":"E0323 21:41:33.775949    2571 watch.go:40] Failed to load config from \"/Users/mayamarkus-malone/Documents/Personal_CS/bcup/dataconnect\": could not find dataconnect.yaml in `/Users/mayamarkus-malone/Documents/Personal_CS/bcup/dataconnect`\n"}}
[debug] [2026-03-24T01:41:43.777Z] E0323 21:41:43.776829    2571 watch.go:40] Failed to load config from "/Users/mayamarkus-malone/Documents/Personal_CS/bcup/dataconnect": could not find dataconnect.yaml in `/Users/mayamarkus-malone/Documents/Personal_CS/bcup/dataconnect`
 {"metadata":{"emulator":{"name":"dataconnect"},"message":"E0323 21:41:43.776829    2571 watch.go:40] Failed to load config from \"/Users/mayamarkus-malone/Documents/Personal_CS/bcup/dataconnect\": could not find dataconnect.yaml in `/Users/mayamarkus-malone/Documents/Personal_CS/bcup/dataconnect`\n"}}
[debug] [2026-03-24T01:41:53.777Z] E0323 21:41:53.776396    2571 watch.go:40] Failed to load config from "/Users/mayamarkus-malone/Documents/Personal_CS/bcup/dataconnect": could not find dataconnect.yaml in `/Users/mayamarkus-malone/Documents/Personal_CS/bcup/dataconnect`
 {"metadata":{"emulator":{"name":"dataconnect"},"message":"E0323 21:41:53.776396    2571 watch.go:40] Failed to load config from \"/Users/mayamarkus-malone/Documents/Personal_CS/bcup/dataconnect\": could not find dataconnect.yaml in `/Users/mayamarkus-malone/Documents/Personal_CS/bcup/dataconnect`\n"}}
[debug] [2026-03-24T01:42:03.775Z] E0323 21:42:03.775405    2571 watch.go:40] Failed to load config from "/Users/mayamarkus-malone/Documents/Personal_CS/bcup/dataconnect": could not find dataconnect.yaml in `/Users/mayamarkus-malone/Documents/Personal_CS/bcup/dataconnect`
 {"metadata":{"emulator":{"name":"dataconnect"},"message":"E0323 21:42:03.775405    2571 watch.go:40] Failed to load config from \"/Users/mayamarkus-malone/Documents/Personal_CS/bcup/dataconnect\": could not find dataconnect.yaml in `/Users/mayamarkus-malone/Documents/Personal_CS/bcup/dataconnect`\n"}}
[debug] [2026-03-24T01:42:13.776Z] E0323 21:42:13.776458    2571 watch.go:40] Failed to load config from "/Users/mayamarkus-malone/Documents/Personal_CS/bcup/dataconnect": could not find dataconnect.yaml in `/Users/mayamarkus-malone/Documents/Personal_CS/bcup/dataconnect`
 {"metadata":{"emulator":{"name":"dataconnect"},"message":"E0323 21:42:13.776458    2571 watch.go:40] Failed to load config from \"/Users/mayamarkus-malone/Documents/Personal_CS/bcup/dataconnect\": could not find dataconnect.yaml in `/Users/mayamarkus-malone/Documents/Personal_CS/bcup/dataconnect`\n"}}
[debug] [2026-03-24T01:42:23.776Z] E0323 21:42:23.775744    2571 watch.go:40] Failed to load config from "/Users/mayamarkus-malone/Documents/Personal_CS/bcup/dataconnect": could not find dataconnect.yaml in `/Users/mayamarkus-malone/Documents/Personal_CS/bcup/dataconnect`
 {"metadata":{"emulator":{"name":"dataconnect"},"message":"E0323 21:42:23.775744    2571 watch.go:40] Failed to load config from \"/Users/mayamarkus-malone/Documents/Personal_CS/bcup/dataconnect\": could not find dataconnect.yaml in `/Users/mayamarkus-malone/Documents/Personal_CS/bcup/dataconnect`\n"}}
[debug] [2026-03-24T01:42:23.776Z] E0323 21:42:23.775464    2571 watch.go:116] watchAllDir unable to walk dir `/Users/mayamarkus-malone/Documents/Personal_CS/bcup/dataconnect`: lstat /Users/mayamarkus-malone/Documents/Personal_CS/bcup/dataconnect: no such file or directory
 {"metadata":{"emulator":{"name":"dataconnect"},"message":"E0323 21:42:23.775464    2571 watch.go:116] watchAllDir unable to walk dir `/Users/mayamarkus-malone/Documents/Personal_CS/bcup/dataconnect`: lstat /Users/mayamarkus-malone/Documents/Personal_CS/bcup/dataconnect: no such file or directory\n"}}
[debug] [2026-03-24T01:42:33.781Z] E0323 21:42:33.781554    2571 watch.go:40] Failed to load config from "/Users/mayamarkus-malone/Documents/Personal_CS/bcup/dataconnect": could not find dataconnect.yaml in `/Users/mayamarkus-malone/Documents/Personal_CS/bcup/dataconnect`
 {"metadata":{"emulator":{"name":"dataconnect"},"message":"E0323 21:42:33.781554    2571 watch.go:40] Failed to load config from \"/Users/mayamarkus-malone/Documents/Personal_CS/bcup/dataconnect\": could not find dataconnect.yaml in `/Users/mayamarkus-malone/Documents/Personal_CS/bcup/dataconnect`\n"}}
[debug] [2026-03-24T01:42:43.778Z] E0323 21:42:43.778142    2571 watch.go:40] Failed to load config from "/Users/mayamarkus-malone/Documents/Personal_CS/bcup/dataconnect": could not find dataconnect.yaml in `/Users/mayamarkus-malone/Documents/Personal_CS/bcup/dataconnect`
 {"metadata":{"emulator":{"name":"dataconnect"},"message":"E0323 21:42:43.778142    2571 watch.go:40] Failed to load config from \"/Users/mayamarkus-malone/Documents/Personal_CS/bcup/dataconnect\": could not find dataconnect.yaml in `/Users/mayamarkus-malone/Documents/Personal_CS/bcup/dataconnect`\n"}}
[debug] [2026-03-24T01:42:53.776Z] E0323 21:42:53.775866    2571 watch.go:40] Failed to load config from "/Users/mayamarkus-malone/Documents/Personal_CS/bcup/dataconnect": could not find dataconnect.yaml in `/Users/mayamarkus-malone/Documents/Personal_CS/bcup/dataconnect`
 {"metadata":{"emulator":{"name":"dataconnect"},"message":"E0323 21:42:53.775866    2571 watch.go:40] Failed to load config from \"/Users/mayamarkus-malone/Documents/Personal_CS/bcup/dataconnect\": could not find dataconnect.yaml in `/Users/mayamarkus-malone/Documents/Personal_CS/bcup/dataconnect`\n"}}
[debug] [2026-03-24T01:43:03.819Z] E0323 21:43:03.818920    2571 watch.go:40] Failed to load config from "/Users/mayamarkus-malone/Documents/Personal_CS/bcup/dataconnect": could not find dataconnect.yaml in `/Users/mayamarkus-malone/Documents/Personal_CS/bcup/dataconnect`
 {"metadata":{"emulator":{"name":"dataconnect"},"message":"E0323 21:43:03.818920    2571 watch.go:40] Failed to load config from \"/Users/mayamarkus-malone/Documents/Personal_CS/bcup/dataconnect\": could not find dataconnect.yaml in `/Users/mayamarkus-malone/Documents/Personal_CS/bcup/dataconnect`\n"}}
[debug] [2026-03-24T01:43:13.830Z] E0323 21:43:13.829536    2571 watch.go:40] Failed to load config from "/Users/mayamarkus-malone/Documents/Personal_CS/bcup/dataconnect": could not find dataconnect.yaml in `/Users/mayamarkus-malone/Documents/Personal_CS/bcup/dataconnect`
 {"metadata":{"emulator":{"name":"dataconnect"},"message":"E0323 21:43:13.829536    2571 watch.go:40] Failed to load config from \"/Users/mayamarkus-malone/Documents/Personal_CS/bcup/dataconnect\": could not find dataconnect.yaml in `/Users/mayamarkus-malone/Documents/Personal_CS/bcup/dataconnect`\n"}}
[debug] [2026-03-24T01:43:23.773Z] E0323 21:43:23.773190    2571 watch.go:40] Failed to load config from "/Users/mayamarkus-malone/Documents/Personal_CS/bcup/dataconnect": could not find dataconnect.yaml in `/Users/mayamarkus-malone/Documents/Personal_CS/bcup/dataconnect`
 {"metadata":{"emulator":{"name":"dataconnect"},"message":"E0323 21:43:23.773190    2571 watch.go:40] Failed to load config from \"/Users/mayamarkus-malone/Documents/Personal_CS/bcup/dataconnect\": could not find dataconnect.yaml in `/Users/mayamarkus-malone/Documents/Personal_CS/bcup/dataconnect`\n"}}
[debug] [2026-03-24T01:43:23.774Z] E0323 21:43:23.772752    2571 watch.go:116] watchAllDir unable to walk dir `/Users/mayamarkus-malone/Documents/Personal_CS/bcup/dataconnect`: lstat /Users/mayamarkus-malone/Documents/Personal_CS/bcup/dataconnect: no such file or directory
 {"metadata":{"emulator":{"name":"dataconnect"},"message":"E0323 21:43:23.772752    2571 watch.go:116] watchAllDir unable to walk dir `/Users/mayamarkus-malone/Documents/Personal_CS/bcup/dataconnect`: lstat /Users/mayamarkus-malone/Documents/Personal_CS/bcup/dataconnect: no such file or directory\n"}}
[debug] [2026-03-24T01:43:33.776Z] E0323 21:43:33.776346    2571 watch.go:40] Failed to load config from "/Users/mayamarkus-malone/Documents/Personal_CS/bcup/dataconnect": could not find dataconnect.yaml in `/Users/mayamarkus-malone/Documents/Personal_CS/bcup/dataconnect`
 {"metadata":{"emulator":{"name":"dataconnect"},"message":"E0323 21:43:33.776346    2571 watch.go:40] Failed to load config from \"/Users/mayamarkus-malone/Documents/Personal_CS/bcup/dataconnect\": could not find dataconnect.yaml in `/Users/mayamarkus-malone/Documents/Personal_CS/bcup/dataconnect`\n"}}
[debug] [2026-03-24T01:43:43.779Z] E0323 21:43:43.772832    2571 watch.go:40] Failed to load config from "/Users/mayamarkus-malone/Documents/Personal_CS/bcup/dataconnect": could not find dataconnect.yaml in `/Users/mayamarkus-malone/Documents/Personal_CS/bcup/dataconnect`
 {"metadata":{"emulator":{"name":"dataconnect"},"message":"E0323 21:43:43.772832    2571 watch.go:40] Failed to load config from \"/Users/mayamarkus-malone/Documents/Personal_CS/bcup/dataconnect\": could not find dataconnect.yaml in `/Users/mayamarkus-malone/Documents/Personal_CS/bcup/dataconnect`\n"}}
[debug] [2026-03-24T01:43:53.773Z] E0323 21:43:53.772559    2571 watch.go:40] Failed to load config from "/Users/mayamarkus-malone/Documents/Personal_CS/bcup/dataconnect": could not find dataconnect.yaml in `/Users/mayamarkus-malone/Documents/Personal_CS/bcup/dataconnect`
 {"metadata":{"emulator":{"name":"dataconnect"},"message":"E0323 21:43:53.772559    2571 watch.go:40] Failed to load config from \"/Users/mayamarkus-malone/Documents/Personal_CS/bcup/dataconnect\": could not find dataconnect.yaml in `/Users/mayamarkus-malone/Documents/Personal_CS/bcup/dataconnect`\n"}}
[debug] [2026-03-24T01:44:03.773Z] E0323 21:44:03.773007    2571 watch.go:40] Failed to load config from "/Users/mayamarkus-malone/Documents/Personal_CS/bcup/dataconnect": could not find dataconnect.yaml in `/Users/mayamarkus-malone/Documents/Personal_CS/bcup/dataconnect`
 {"metadata":{"emulator":{"name":"dataconnect"},"message":"E0323 21:44:03.773007    2571 watch.go:40] Failed to load config from \"/Users/mayamarkus-malone/Documents/Personal_CS/bcup/dataconnect\": could not find dataconnect.yaml in `/Users/mayamarkus-malone/Documents/Personal_CS/bcup/dataconnect`\n"}}
[debug] [2026-03-24T01:44:13.814Z] E0323 21:44:13.813379    2571 watch.go:40] Failed to load config from "/Users/mayamarkus-malone/Documents/Personal_CS/bcup/dataconnect": could not find dataconnect.yaml in `/Users/mayamarkus-malone/Documents/Personal_CS/bcup/dataconnect`
 {"metadata":{"emulator":{"name":"dataconnect"},"message":"E0323 21:44:13.813379    2571 watch.go:40] Failed to load config from \"/Users/mayamarkus-malone/Documents/Personal_CS/bcup/dataconnect\": could not find dataconnect.yaml in `/Users/mayamarkus-malone/Documents/Personal_CS/bcup/dataconnect`\n"}}
[debug] [2026-03-24T01:44:23.774Z] E0323 21:44:23.772953    2571 watch.go:40] Failed to load config from "/Users/mayamarkus-malone/Documents/Personal_CS/bcup/dataconnect": could not find dataconnect.yaml in `/Users/mayamarkus-malone/Documents/Personal_CS/bcup/dataconnect`
 {"metadata":{"emulator":{"name":"dataconnect"},"message":"E0323 21:44:23.772953    2571 watch.go:40] Failed to load config from \"/Users/mayamarkus-malone/Documents/Personal_CS/bcup/dataconnect\": could not find dataconnect.yaml in `/Users/mayamarkus-malone/Documents/Personal_CS/bcup/dataconnect`\n"}}
[debug] [2026-03-24T01:44:23.778Z] E0323 21:44:23.772398    2571 watch.go:116] watchAllDir unable to walk dir `/Users/mayamarkus-malone/Documents/Personal_CS/bcup/dataconnect`: lstat /Users/mayamarkus-malone/Documents/Personal_CS/bcup/dataconnect: no such file or directory
 {"metadata":{"emulator":{"name":"dataconnect"},"message":"E0323 21:44:23.772398    2571 watch.go:116] watchAllDir unable to walk dir `/Users/mayamarkus-malone/Documents/Personal_CS/bcup/dataconnect`: lstat /Users/mayamarkus-malone/Documents/Personal_CS/bcup/dataconnect: no such file or directory\n"}}
[debug] [2026-03-24T01:44:33.773Z] E0323 21:44:33.773063    2571 watch.go:40] Failed to load config from "/Users/mayamarkus-malone/Documents/Personal_CS/bcup/dataconnect": could not find dataconnect.yaml in `/Users/mayamarkus-malone/Documents/Personal_CS/bcup/dataconnect`
 {"metadata":{"emulator":{"name":"dataconnect"},"message":"E0323 21:44:33.773063    2571 watch.go:40] Failed to load config from \"/Users/mayamarkus-malone/Documents/Personal_CS/bcup/dataconnect\": could not find dataconnect.yaml in `/Users/mayamarkus-malone/Documents/Personal_CS/bcup/dataconnect`\n"}}
[debug] [2026-03-24T01:44:43.774Z] E0323 21:44:43.774030    2571 watch.go:40] Failed to load config from "/Users/mayamarkus-malone/Documents/Personal_CS/bcup/dataconnect": could not find dataconnect.yaml in `/Users/mayamarkus-malone/Documents/Personal_CS/bcup/dataconnect`
 {"metadata":{"emulator":{"name":"dataconnect"},"message":"E0323 21:44:43.774030    2571 watch.go:40] Failed to load config from \"/Users/mayamarkus-malone/Documents/Personal_CS/bcup/dataconnect\": could not find dataconnect.yaml in `/Users/mayamarkus-malone/Documents/Personal_CS/bcup/dataconnect`\n"}}
[debug] [2026-03-24T01:44:53.771Z] E0323 21:44:53.771323    2571 watch.go:40] Failed to load config from "/Users/mayamarkus-malone/Documents/Personal_CS/bcup/dataconnect": could not find dataconnect.yaml in `/Users/mayamarkus-malone/Documents/Personal_CS/bcup/dataconnect`
 {"metadata":{"emulator":{"name":"dataconnect"},"message":"E0323 21:44:53.771323    2571 watch.go:40] Failed to load config from \"/Users/mayamarkus-malone/Documents/Personal_CS/bcup/dataconnect\": could not find dataconnect.yaml in `/Users/mayamarkus-malone/Documents/Personal_CS/bcup/dataconnect`\n"}}
[debug] [2026-03-24T01:45:03.772Z] E0323 21:45:03.772100    2571 watch.go:40] Failed to load config from "/Users/mayamarkus-malone/Documents/Personal_CS/bcup/dataconnect": could not find dataconnect.yaml in `/Users/mayamarkus-malone/Documents/Personal_CS/bcup/dataconnect`
 {"metadata":{"emulator":{"name":"dataconnect"},"message":"E0323 21:45:03.772100    2571 watch.go:40] Failed to load config from \"/Users/mayamarkus-malone/Documents/Personal_CS/bcup/dataconnect\": could not find dataconnect.yaml in `/Users/mayamarkus-malone/Documents/Personal_CS/bcup/dataconnect`\n"}}
[debug] [2026-03-24T01:45:13.772Z] E0323 21:45:13.771688    2571 watch.go:40] Failed to load config from "/Users/mayamarkus-malone/Documents/Personal_CS/bcup/dataconnect": could not find dataconnect.yaml in `/Users/mayamarkus-malone/Documents/Personal_CS/bcup/dataconnect`
 {"metadata":{"emulator":{"name":"dataconnect"},"message":"E0323 21:45:13.771688    2571 watch.go:40] Failed to load config from \"/Users/mayamarkus-malone/Documents/Personal_CS/bcup/dataconnect\": could not find dataconnect.yaml in `/Users/mayamarkus-malone/Documents/Personal_CS/bcup/dataconnect`\n"}}
[debug] [2026-03-24T01:45:23.772Z] E0323 21:45:23.772098    2571 watch.go:40] Failed to load config from "/Users/mayamarkus-malone/Documents/Personal_CS/bcup/dataconnect": could not find dataconnect.yaml in `/Users/mayamarkus-malone/Documents/Personal_CS/bcup/dataconnect`
 {"metadata":{"emulator":{"name":"dataconnect"},"message":"E0323 21:45:23.772098    2571 watch.go:40] Failed to load config from \"/Users/mayamarkus-malone/Documents/Personal_CS/bcup/dataconnect\": could not find dataconnect.yaml in `/Users/mayamarkus-malone/Documents/Personal_CS/bcup/dataconnect`\n"}}
[debug] [2026-03-24T01:45:23.773Z] E0323 21:45:23.772061    2571 watch.go:116] watchAllDir unable to walk dir `/Users/mayamarkus-malone/Documents/Personal_CS/bcup/dataconnect`: lstat /Users/mayamarkus-malone/Documents/Personal_CS/bcup/dataconnect: no such file or directory
 {"metadata":{"emulator":{"name":"dataconnect"},"message":"E0323 21:45:23.772061    2571 watch.go:116] watchAllDir unable to walk dir `/Users/mayamarkus-malone/Documents/Personal_CS/bcup/dataconnect`: lstat /Users/mayamarkus-malone/Documents/Personal_CS/bcup/dataconnect: no such file or directory\n"}}
[debug] [2026-03-24T01:45:33.772Z] E0323 21:45:33.772189    2571 watch.go:40] Failed to load config from "/Users/mayamarkus-malone/Documents/Personal_CS/bcup/dataconnect": could not find dataconnect.yaml in `/Users/mayamarkus-malone/Documents/Personal_CS/bcup/dataconnect`
 {"metadata":{"emulator":{"name":"dataconnect"},"message":"E0323 21:45:33.772189    2571 watch.go:40] Failed to load config from \"/Users/mayamarkus-malone/Documents/Personal_CS/bcup/dataconnect\": could not find dataconnect.yaml in `/Users/mayamarkus-malone/Documents/Personal_CS/bcup/dataconnect`\n"}}
[debug] [2026-03-24T01:45:43.772Z] E0323 21:45:43.771858    2571 watch.go:40] Failed to load config from "/Users/mayamarkus-malone/Documents/Personal_CS/bcup/dataconnect": could not find dataconnect.yaml in `/Users/mayamarkus-malone/Documents/Personal_CS/bcup/dataconnect`
 {"metadata":{"emulator":{"name":"dataconnect"},"message":"E0323 21:45:43.771858    2571 watch.go:40] Failed to load config from \"/Users/mayamarkus-malone/Documents/Personal_CS/bcup/dataconnect\": could not find dataconnect.yaml in `/Users/mayamarkus-malone/Documents/Personal_CS/bcup/dataconnect`\n"}}
[debug] [2026-03-24T01:45:53.772Z] E0323 21:45:53.772141    2571 watch.go:40] Failed to load config from "/Users/mayamarkus-malone/Documents/Personal_CS/bcup/dataconnect": could not find dataconnect.yaml in `/Users/mayamarkus-malone/Documents/Personal_CS/bcup/dataconnect`
 {"metadata":{"emulator":{"name":"dataconnect"},"message":"E0323 21:45:53.772141    2571 watch.go:40] Failed to load config from \"/Users/mayamarkus-malone/Documents/Personal_CS/bcup/dataconnect\": could not find dataconnect.yaml in `/Users/mayamarkus-malone/Documents/Personal_CS/bcup/dataconnect`\n"}}
[debug] [2026-03-24T01:46:03.772Z] E0323 21:46:03.772140    2571 watch.go:40] Failed to load config from "/Users/mayamarkus-malone/Documents/Personal_CS/bcup/dataconnect": could not find dataconnect.yaml in `/Users/mayamarkus-malone/Documents/Personal_CS/bcup/dataconnect`
 {"metadata":{"emulator":{"name":"dataconnect"},"message":"E0323 21:46:03.772140    2571 watch.go:40] Failed to load config from \"/Users/mayamarkus-malone/Documents/Personal_CS/bcup/dataconnect\": could not find dataconnect.yaml in `/Users/mayamarkus-malone/Documents/Personal_CS/bcup/dataconnect`\n"}}
[debug] [2026-03-24T01:46:13.773Z] E0323 21:46:13.772707    2571 watch.go:40] Failed to load config from "/Users/mayamarkus-malone/Documents/Personal_CS/bcup/dataconnect": could not find dataconnect.yaml in `/Users/mayamarkus-malone/Documents/Personal_CS/bcup/dataconnect`
 {"metadata":{"emulator":{"name":"dataconnect"},"message":"E0323 21:46:13.772707    2571 watch.go:40] Failed to load config from \"/Users/mayamarkus-malone/Documents/Personal_CS/bcup/dataconnect\": could not find dataconnect.yaml in `/Users/mayamarkus-malone/Documents/Personal_CS/bcup/dataconnect`\n"}}
[debug] [2026-03-24T01:46:23.782Z] E0323 21:46:23.772870    2571 watch.go:116] watchAllDir unable to walk dir `/Users/mayamarkus-malone/Documents/Personal_CS/bcup/dataconnect`: lstat /Users/mayamarkus-malone/Documents/Personal_CS/bcup/dataconnect: no such file or directory
E0323 21:46:23.772925    2571 watch.go:40] Failed to load config from "/Users/mayamarkus-malone/Documents/Personal_CS/bcup/dataconnect": could not find dataconnect.yaml in `/Users/mayamarkus-malone/Documents/Personal_CS/bcup/dataconnect`
 {"metadata":{"emulator":{"name":"dataconnect"},"message":"E0323 21:46:23.772870    2571 watch.go:116] watchAllDir unable to walk dir `/Users/mayamarkus-malone/Documents/Personal_CS/bcup/dataconnect`: lstat /Users/mayamarkus-malone/Documents/Personal_CS/bcup/dataconnect: no such file or directory\nE0323 21:46:23.772925    2571 watch.go:40] Failed to load config from \"/Users/mayamarkus-malone/Documents/Personal_CS/bcup/dataconnect\": could not find dataconnect.yaml in `/Users/mayamarkus-malone/Documents/Personal_CS/bcup/dataconnect`\n"}}
[debug] [2026-03-24T01:46:33.772Z] E0323 21:46:33.772138    2571 watch.go:40] Failed to load config from "/Users/mayamarkus-malone/Documents/Personal_CS/bcup/dataconnect": could not find dataconnect.yaml in `/Users/mayamarkus-malone/Documents/Personal_CS/bcup/dataconnect`
 {"metadata":{"emulator":{"name":"dataconnect"},"message":"E0323 21:46:33.772138    2571 watch.go:40] Failed to load config from \"/Users/mayamarkus-malone/Documents/Personal_CS/bcup/dataconnect\": could not find dataconnect.yaml in `/Users/mayamarkus-malone/Documents/Personal_CS/bcup/dataconnect`\n"}}
[debug] [2026-03-24T01:46:43.772Z] E0323 21:46:43.772212    2571 watch.go:40] Failed to load config from "/Users/mayamarkus-malone/Documents/Personal_CS/bcup/dataconnect": could not find dataconnect.yaml in `/Users/mayamarkus-malone/Documents/Personal_CS/bcup/dataconnect`
 {"metadata":{"emulator":{"name":"dataconnect"},"message":"E0323 21:46:43.772212    2571 watch.go:40] Failed to load config from \"/Users/mayamarkus-malone/Documents/Personal_CS/bcup/dataconnect\": could not find dataconnect.yaml in `/Users/mayamarkus-malone/Documents/Personal_CS/bcup/dataconnect`\n"}}
[debug] [2026-03-24T01:46:53.773Z] E0323 21:46:53.772535    2571 watch.go:40] Failed to load config from "/Users/mayamarkus-malone/Documents/Personal_CS/bcup/dataconnect": could not find dataconnect.yaml in `/Users/mayamarkus-malone/Documents/Personal_CS/bcup/dataconnect`
 {"metadata":{"emulator":{"name":"dataconnect"},"message":"E0323 21:46:53.772535    2571 watch.go:40] Failed to load config from \"/Users/mayamarkus-malone/Documents/Personal_CS/bcup/dataconnect\": could not find dataconnect.yaml in `/Users/mayamarkus-malone/Documents/Personal_CS/bcup/dataconnect`\n"}}
[debug] [2026-03-24T01:47:03.772Z] E0323 21:47:03.772200    2571 watch.go:40] Failed to load config from "/Users/mayamarkus-malone/Documents/Personal_CS/bcup/dataconnect": could not find dataconnect.yaml in `/Users/mayamarkus-malone/Documents/Personal_CS/bcup/dataconnect`
 {"metadata":{"emulator":{"name":"dataconnect"},"message":"E0323 21:47:03.772200    2571 watch.go:40] Failed to load config from \"/Users/mayamarkus-malone/Documents/Personal_CS/bcup/dataconnect\": could not find dataconnect.yaml in `/Users/mayamarkus-malone/Documents/Personal_CS/bcup/dataconnect`\n"}}
[debug] [2026-03-24T01:47:13.772Z] E0323 21:47:13.772190    2571 watch.go:40] Failed to load config from "/Users/mayamarkus-malone/Documents/Personal_CS/bcup/dataconnect": could not find dataconnect.yaml in `/Users/mayamarkus-malone/Documents/Personal_CS/bcup/dataconnect`
 {"metadata":{"emulator":{"name":"dataconnect"},"message":"E0323 21:47:13.772190    2571 watch.go:40] Failed to load config from \"/Users/mayamarkus-malone/Documents/Personal_CS/bcup/dataconnect\": could not find dataconnect.yaml in `/Users/mayamarkus-malone/Documents/Personal_CS/bcup/dataconnect`\n"}}
[debug] [2026-03-24T01:47:23.772Z] E0323 21:47:23.772214    2571 watch.go:116] watchAllDir unable to walk dir `/Users/mayamarkus-malone/Documents/Personal_CS/bcup/dataconnect`: lstat /Users/mayamarkus-malone/Documents/Personal_CS/bcup/dataconnect: no such file or directory
E0323 21:47:23.772233    2571 watch.go:40] Failed to load config from "/Users/mayamarkus-malone/Documents/Personal_CS/bcup/dataconnect": could not find dataconnect.yaml in `/Users/mayamarkus-malone/Documents/Personal_CS/bcup/dataconnect`
 {"metadata":{"emulator":{"name":"dataconnect"},"message":"E0323 21:47:23.772214    2571 watch.go:116] watchAllDir unable to walk dir `/Users/mayamarkus-malone/Documents/Personal_CS/bcup/dataconnect`: lstat /Users/mayamarkus-malone/Documents/Personal_CS/bcup/dataconnect: no such file or directory\nE0323 21:47:23.772233    2571 watch.go:40] Failed to load config from \"/Users/mayamarkus-malone/Documents/Personal_CS/bcup/dataconnect\": could not find dataconnect.yaml in `/Users/mayamarkus-malone/Documents/Personal_CS/bcup/dataconnect`\n"}}
[debug] [2026-03-24T01:47:33.772Z] E0323 21:47:33.772237    2571 watch.go:40] Failed to load config from "/Users/mayamarkus-malone/Documents/Personal_CS/bcup/dataconnect": could not find dataconnect.yaml in `/Users/mayamarkus-malone/Documents/Personal_CS/bcup/dataconnect`
 {"metadata":{"emulator":{"name":"dataconnect"},"message":"E0323 21:47:33.772237    2571 watch.go:40] Failed to load config from \"/Users/mayamarkus-malone/Documents/Personal_CS/bcup/dataconnect\": could not find dataconnect.yaml in `/Users/mayamarkus-malone/Documents/Personal_CS/bcup/dataconnect`\n"}}
[debug] [2026-03-24T01:47:43.773Z] E0323 21:47:43.772799    2571 watch.go:40] Failed to load config from "/Users/mayamarkus-malone/Documents/Personal_CS/bcup/dataconnect": could not find dataconnect.yaml in `/Users/mayamarkus-malone/Documents/Personal_CS/bcup/dataconnect`
 {"metadata":{"emulator":{"name":"dataconnect"},"message":"E0323 21:47:43.772799    2571 watch.go:40] Failed to load config from \"/Users/mayamarkus-malone/Documents/Personal_CS/bcup/dataconnect\": could not find dataconnect.yaml in `/Users/mayamarkus-malone/Documents/Personal_CS/bcup/dataconnect`\n"}}
[debug] [2026-03-24T01:47:53.772Z] E0323 21:47:53.772657    2571 watch.go:40] Failed to load config from "/Users/mayamarkus-malone/Documents/Personal_CS/bcup/dataconnect": could not find dataconnect.yaml in `/Users/mayamarkus-malone/Documents/Personal_CS/bcup/dataconnect`
 {"metadata":{"emulator":{"name":"dataconnect"},"message":"E0323 21:47:53.772657    2571 watch.go:40] Failed to load config from \"/Users/mayamarkus-malone/Documents/Personal_CS/bcup/dataconnect\": could not find dataconnect.yaml in `/Users/mayamarkus-malone/Documents/Personal_CS/bcup/dataconnect`\n"}}
[debug] [2026-03-24T01:48:03.772Z] E0323 21:48:03.772244    2571 watch.go:40] Failed to load config from "/Users/mayamarkus-malone/Documents/Personal_CS/bcup/dataconnect": could not find dataconnect.yaml in `/Users/mayamarkus-malone/Documents/Personal_CS/bcup/dataconnect`
 {"metadata":{"emulator":{"name":"dataconnect"},"message":"E0323 21:48:03.772244    2571 watch.go:40] Failed to load config from \"/Users/mayamarkus-malone/Documents/Personal_CS/bcup/dataconnect\": could not find dataconnect.yaml in `/Users/mayamarkus-malone/Documents/Personal_CS/bcup/dataconnect`\n"}}
[debug] [2026-03-24T01:48:13.771Z] E0323 21:48:13.771818    2571 watch.go:40] Failed to load config from "/Users/mayamarkus-malone/Documents/Personal_CS/bcup/dataconnect": could not find dataconnect.yaml in `/Users/mayamarkus-malone/Documents/Personal_CS/bcup/dataconnect`
 {"metadata":{"emulator":{"name":"dataconnect"},"message":"E0323 21:48:13.771818    2571 watch.go:40] Failed to load config from \"/Users/mayamarkus-malone/Documents/Personal_CS/bcup/dataconnect\": could not find dataconnect.yaml in `/Users/mayamarkus-malone/Documents/Personal_CS/bcup/dataconnect`\n"}}
[debug] [2026-03-24T01:48:23.772Z] E0323 21:48:23.772532    2571 watch.go:116] watchAllDir unable to walk dir `/Users/mayamarkus-malone/Documents/Personal_CS/bcup/dataconnect`: lstat /Users/mayamarkus-malone/Documents/Personal_CS/bcup/dataconnect: no such file or directory
E0323 21:48:23.772589    2571 watch.go:40] Failed to load config from "/Users/mayamarkus-malone/Documents/Personal_CS/bcup/dataconnect": could not find dataconnect.yaml in `/Users/mayamarkus-malone/Documents/Personal_CS/bcup/dataconnect`
 {"metadata":{"emulator":{"name":"dataconnect"},"message":"E0323 21:48:23.772532    2571 watch.go:116] watchAllDir unable to walk dir `/Users/mayamarkus-malone/Documents/Personal_CS/bcup/dataconnect`: lstat /Users/mayamarkus-malone/Documents/Personal_CS/bcup/dataconnect: no such file or directory\nE0323 21:48:23.772589    2571 watch.go:40] Failed to load config from \"/Users/mayamarkus-malone/Documents/Personal_CS/bcup/dataconnect\": could not find dataconnect.yaml in `/Users/mayamarkus-malone/Documents/Personal_CS/bcup/dataconnect`\n"}}
[debug] [2026-03-24T01:48:33.772Z] E0323 21:48:33.772338    2571 watch.go:40] Failed to load config from "/Users/mayamarkus-malone/Documents/Personal_CS/bcup/dataconnect": could not find dataconnect.yaml in `/Users/mayamarkus-malone/Documents/Personal_CS/bcup/dataconnect`
 {"metadata":{"emulator":{"name":"dataconnect"},"message":"E0323 21:48:33.772338    2571 watch.go:40] Failed to load config from \"/Users/mayamarkus-malone/Documents/Personal_CS/bcup/dataconnect\": could not find dataconnect.yaml in `/Users/mayamarkus-malone/Documents/Personal_CS/bcup/dataconnect`\n"}}
[debug] [2026-03-24T01:48:43.772Z] E0323 21:48:43.772281    2571 watch.go:40] Failed to load config from "/Users/mayamarkus-malone/Documents/Personal_CS/bcup/dataconnect": could not find dataconnect.yaml in `/Users/mayamarkus-malone/Documents/Personal_CS/bcup/dataconnect`
 {"metadata":{"emulator":{"name":"dataconnect"},"message":"E0323 21:48:43.772281    2571 watch.go:40] Failed to load config from \"/Users/mayamarkus-malone/Documents/Personal_CS/bcup/dataconnect\": could not find dataconnect.yaml in `/Users/mayamarkus-malone/Documents/Personal_CS/bcup/dataconnect`\n"}}
[debug] [2026-03-24T01:48:53.772Z] E0323 21:48:53.772097    2571 watch.go:40] Failed to load config from "/Users/mayamarkus-malone/Documents/Personal_CS/bcup/dataconnect": could not find dataconnect.yaml in `/Users/mayamarkus-malone/Documents/Personal_CS/bcup/dataconnect`
 {"metadata":{"emulator":{"name":"dataconnect"},"message":"E0323 21:48:53.772097    2571 watch.go:40] Failed to load config from \"/Users/mayamarkus-malone/Documents/Personal_CS/bcup/dataconnect\": could not find dataconnect.yaml in `/Users/mayamarkus-malone/Documents/Personal_CS/bcup/dataconnect`\n"}}
[debug] [2026-03-24T01:49:03.772Z] E0323 21:49:03.772466    2571 watch.go:40] Failed to load config from "/Users/mayamarkus-malone/Documents/Personal_CS/bcup/dataconnect": could not find dataconnect.yaml in `/Users/mayamarkus-malone/Documents/Personal_CS/bcup/dataconnect`
 {"metadata":{"emulator":{"name":"dataconnect"},"message":"E0323 21:49:03.772466    2571 watch.go:40] Failed to load config from \"/Users/mayamarkus-malone/Documents/Personal_CS/bcup/dataconnect\": could not find dataconnect.yaml in `/Users/mayamarkus-malone/Documents/Personal_CS/bcup/dataconnect`\n"}}
[debug] [2026-03-24T01:49:13.773Z] E0323 21:49:13.772863    2571 watch.go:40] Failed to load config from "/Users/mayamarkus-malone/Documents/Personal_CS/bcup/dataconnect": could not find dataconnect.yaml in `/Users/mayamarkus-malone/Documents/Personal_CS/bcup/dataconnect`
 {"metadata":{"emulator":{"name":"dataconnect"},"message":"E0323 21:49:13.772863    2571 watch.go:40] Failed to load config from \"/Users/mayamarkus-malone/Documents/Personal_CS/bcup/dataconnect\": could not find dataconnect.yaml in `/Users/mayamarkus-malone/Documents/Personal_CS/bcup/dataconnect`\n"}}
[debug] [2026-03-24T01:49:23.774Z] E0323 21:49:23.773266    2571 watch.go:116] watchAllDir unable to walk dir `/Users/mayamarkus-malone/Documents/Personal_CS/bcup/dataconnect`: lstat /Users/mayamarkus-malone/Documents/Personal_CS/bcup/dataconnect: no such file or directory
E0323 21:49:23.773524    2571 watch.go:40] Failed to load config from "/Users/mayamarkus-malone/Documents/Personal_CS/bcup/dataconnect": could not find dataconnect.yaml in `/Users/mayamarkus-malone/Documents/Personal_CS/bcup/dataconnect`
 {"metadata":{"emulator":{"name":"dataconnect"},"message":"E0323 21:49:23.773266    2571 watch.go:116] watchAllDir unable to walk dir `/Users/mayamarkus-malone/Documents/Personal_CS/bcup/dataconnect`: lstat /Users/mayamarkus-malone/Documents/Personal_CS/bcup/dataconnect: no such file or directory\nE0323 21:49:23.773524    2571 watch.go:40] Failed to load config from \"/Users/mayamarkus-malone/Documents/Personal_CS/bcup/dataconnect\": could not find dataconnect.yaml in `/Users/mayamarkus-malone/Documents/Personal_CS/bcup/dataconnect`\n"}}
[debug] [2026-03-24T01:49:33.772Z] E0323 21:49:33.772167    2571 watch.go:40] Failed to load config from "/Users/mayamarkus-malone/Documents/Personal_CS/bcup/dataconnect": could not find dataconnect.yaml in `/Users/mayamarkus-malone/Documents/Personal_CS/bcup/dataconnect`
 {"metadata":{"emulator":{"name":"dataconnect"},"message":"E0323 21:49:33.772167    2571 watch.go:40] Failed to load config from \"/Users/mayamarkus-malone/Documents/Personal_CS/bcup/dataconnect\": could not find dataconnect.yaml in `/Users/mayamarkus-malone/Documents/Personal_CS/bcup/dataconnect`\n"}}
[debug] [2026-03-24T01:49:43.773Z] E0323 21:49:43.773092    2571 watch.go:40] Failed to load config from "/Users/mayamarkus-malone/Documents/Personal_CS/bcup/dataconnect": could not find dataconnect.yaml in `/Users/mayamarkus-malone/Documents/Personal_CS/bcup/dataconnect`
 {"metadata":{"emulator":{"name":"dataconnect"},"message":"E0323 21:49:43.773092    2571 watch.go:40] Failed to load config from \"/Users/mayamarkus-malone/Documents/Personal_CS/bcup/dataconnect\": could not find dataconnect.yaml in `/Users/mayamarkus-malone/Documents/Personal_CS/bcup/dataconnect`\n"}}
[debug] [2026-03-24T01:49:53.773Z] E0323 21:49:53.773071    2571 watch.go:40] Failed to load config from "/Users/mayamarkus-malone/Documents/Personal_CS/bcup/dataconnect": could not find dataconnect.yaml in `/Users/mayamarkus-malone/Documents/Personal_CS/bcup/dataconnect`
 {"metadata":{"emulator":{"name":"dataconnect"},"message":"E0323 21:49:53.773071    2571 watch.go:40] Failed to load config from \"/Users/mayamarkus-malone/Documents/Personal_CS/bcup/dataconnect\": could not find dataconnect.yaml in `/Users/mayamarkus-malone/Documents/Personal_CS/bcup/dataconnect`\n"}}
[debug] [2026-03-24T01:50:03.774Z] E0323 21:50:03.773665    2571 watch.go:40] Failed to load config from "/Users/mayamarkus-malone/Documents/Personal_CS/bcup/dataconnect": could not find dataconnect.yaml in `/Users/mayamarkus-malone/Documents/Personal_CS/bcup/dataconnect`
 {"metadata":{"emulator":{"name":"dataconnect"},"message":"E0323 21:50:03.773665    2571 watch.go:40] Failed to load config from \"/Users/mayamarkus-malone/Documents/Personal_CS/bcup/dataconnect\": could not find dataconnect.yaml in `/Users/mayamarkus-malone/Documents/Personal_CS/bcup/dataconnect`\n"}}
[debug] [2026-03-24T01:50:13.773Z] E0323 21:50:13.773476    2571 watch.go:40] Failed to load config from "/Users/mayamarkus-malone/Documents/Personal_CS/bcup/dataconnect": could not find dataconnect.yaml in `/Users/mayamarkus-malone/Documents/Personal_CS/bcup/dataconnect`
 {"metadata":{"emulator":{"name":"dataconnect"},"message":"E0323 21:50:13.773476    2571 watch.go:40] Failed to load config from \"/Users/mayamarkus-malone/Documents/Personal_CS/bcup/dataconnect\": could not find dataconnect.yaml in `/Users/mayamarkus-malone/Documents/Personal_CS/bcup/dataconnect`\n"}}
[debug] [2026-03-24T01:50:23.773Z] E0323 21:50:23.772958    2571 watch.go:40] Failed to load config from "/Users/mayamarkus-malone/Documents/Personal_CS/bcup/dataconnect": could not find dataconnect.yaml in `/Users/mayamarkus-malone/Documents/Personal_CS/bcup/dataconnect`
 {"metadata":{"emulator":{"name":"dataconnect"},"message":"E0323 21:50:23.772958    2571 watch.go:40] Failed to load config from \"/Users/mayamarkus-malone/Documents/Personal_CS/bcup/dataconnect\": could not find dataconnect.yaml in `/Users/mayamarkus-malone/Documents/Personal_CS/bcup/dataconnect`\n"}}
[debug] [2026-03-24T01:50:23.776Z] E0323 21:50:23.772521    2571 watch.go:116] watchAllDir unable to walk dir `/Users/mayamarkus-malone/Documents/Personal_CS/bcup/dataconnect`: lstat /Users/mayamarkus-malone/Documents/Personal_CS/bcup/dataconnect: no such file or directory
 {"metadata":{"emulator":{"name":"dataconnect"},"message":"E0323 21:50:23.772521    2571 watch.go:116] watchAllDir unable to walk dir `/Users/mayamarkus-malone/Documents/Personal_CS/bcup/dataconnect`: lstat /Users/mayamarkus-malone/Documents/Personal_CS/bcup/dataconnect: no such file or directory\n"}}
[debug] [2026-03-24T01:50:33.773Z] E0323 21:50:33.773484    2571 watch.go:40] Failed to load config from "/Users/mayamarkus-malone/Documents/Personal_CS/bcup/dataconnect": could not find dataconnect.yaml in `/Users/mayamarkus-malone/Documents/Personal_CS/bcup/dataconnect`
 {"metadata":{"emulator":{"name":"dataconnect"},"message":"E0323 21:50:33.773484    2571 watch.go:40] Failed to load config from \"/Users/mayamarkus-malone/Documents/Personal_CS/bcup/dataconnect\": could not find dataconnect.yaml in `/Users/mayamarkus-malone/Documents/Personal_CS/bcup/dataconnect`\n"}}
[debug] [2026-03-24T01:50:43.774Z] E0323 21:50:43.774147    2571 watch.go:40] Failed to load config from "/Users/mayamarkus-malone/Documents/Personal_CS/bcup/dataconnect": could not find dataconnect.yaml in `/Users/mayamarkus-malone/Documents/Personal_CS/bcup/dataconnect`
 {"metadata":{"emulator":{"name":"dataconnect"},"message":"E0323 21:50:43.774147    2571 watch.go:40] Failed to load config from \"/Users/mayamarkus-malone/Documents/Personal_CS/bcup/dataconnect\": could not find dataconnect.yaml in `/Users/mayamarkus-malone/Documents/Personal_CS/bcup/dataconnect`\n"}}
[debug] [2026-03-24T01:50:53.778Z] E0323 21:50:53.776756    2571 watch.go:40] Failed to load config from "/Users/mayamarkus-malone/Documents/Personal_CS/bcup/dataconnect": could not find dataconnect.yaml in `/Users/mayamarkus-malone/Documents/Personal_CS/bcup/dataconnect`
 {"metadata":{"emulator":{"name":"dataconnect"},"message":"E0323 21:50:53.776756    2571 watch.go:40] Failed to load config from \"/Users/mayamarkus-malone/Documents/Personal_CS/bcup/dataconnect\": could not find dataconnect.yaml in `/Users/mayamarkus-malone/Documents/Personal_CS/bcup/dataconnect`\n"}}
[debug] [2026-03-24T01:51:03.772Z] E0323 21:51:03.771900    2571 watch.go:40] Failed to load config from "/Users/mayamarkus-malone/Documents/Personal_CS/bcup/dataconnect": could not find dataconnect.yaml in `/Users/mayamarkus-malone/Documents/Personal_CS/bcup/dataconnect`
 {"metadata":{"emulator":{"name":"dataconnect"},"message":"E0323 21:51:03.771900    2571 watch.go:40] Failed to load config from \"/Users/mayamarkus-malone/Documents/Personal_CS/bcup/dataconnect\": could not find dataconnect.yaml in `/Users/mayamarkus-malone/Documents/Personal_CS/bcup/dataconnect`\n"}}
[debug] [2026-03-24T01:51:13.773Z] E0323 21:51:13.773039    2571 watch.go:40] Failed to load config from "/Users/mayamarkus-malone/Documents/Personal_CS/bcup/dataconnect": could not find dataconnect.yaml in `/Users/mayamarkus-malone/Documents/Personal_CS/bcup/dataconnect`
 {"metadata":{"emulator":{"name":"dataconnect"},"message":"E0323 21:51:13.773039    2571 watch.go:40] Failed to load config from \"/Users/mayamarkus-malone/Documents/Personal_CS/bcup/dataconnect\": could not find dataconnect.yaml in `/Users/mayamarkus-malone/Documents/Personal_CS/bcup/dataconnect`\n"}}
[debug] [2026-03-24T01:51:23.774Z] E0323 21:51:23.773461    2571 watch.go:116] watchAllDir unable to walk dir `/Users/mayamarkus-malone/Documents/Personal_CS/bcup/dataconnect`: lstat /Users/mayamarkus-malone/Documents/Personal_CS/bcup/dataconnect: no such file or directory
E0323 21:51:23.773653    2571 watch.go:40] Failed to load config from "/Users/mayamarkus-malone/Documents/Personal_CS/bcup/dataconnect": could not find dataconnect.yaml in `/Users/mayamarkus-malone/Documents/Personal_CS/bcup/dataconnect`
 {"metadata":{"emulator":{"name":"dataconnect"},"message":"E0323 21:51:23.773461    2571 watch.go:116] watchAllDir unable to walk dir `/Users/mayamarkus-malone/Documents/Personal_CS/bcup/dataconnect`: lstat /Users/mayamarkus-malone/Documents/Personal_CS/bcup/dataconnect: no such file or directory\nE0323 21:51:23.773653    2571 watch.go:40] Failed to load config from \"/Users/mayamarkus-malone/Documents/Personal_CS/bcup/dataconnect\": could not find dataconnect.yaml in `/Users/mayamarkus-malone/Documents/Personal_CS/bcup/dataconnect`\n"}}
[debug] [2026-03-24T01:51:33.772Z] E0323 21:51:33.771980    2571 watch.go:40] Failed to load config from "/Users/mayamarkus-malone/Documents/Personal_CS/bcup/dataconnect": could not find dataconnect.yaml in `/Users/mayamarkus-malone/Documents/Personal_CS/bcup/dataconnect`
 {"metadata":{"emulator":{"name":"dataconnect"},"message":"E0323 21:51:33.771980    2571 watch.go:40] Failed to load config from \"/Users/mayamarkus-malone/Documents/Personal_CS/bcup/dataconnect\": could not find dataconnect.yaml in `/Users/mayamarkus-malone/Documents/Personal_CS/bcup/dataconnect`\n"}}
[debug] [2026-03-24T01:51:43.772Z] E0323 21:51:43.772655    2571 watch.go:40] Failed to load config from "/Users/mayamarkus-malone/Documents/Personal_CS/bcup/dataconnect": could not find dataconnect.yaml in `/Users/mayamarkus-malone/Documents/Personal_CS/bcup/dataconnect`
 {"metadata":{"emulator":{"name":"dataconnect"},"message":"E0323 21:51:43.772655    2571 watch.go:40] Failed to load config from \"/Users/mayamarkus-malone/Documents/Personal_CS/bcup/dataconnect\": could not find dataconnect.yaml in `/Users/mayamarkus-malone/Documents/Personal_CS/bcup/dataconnect`\n"}}
[debug] [2026-03-24T01:51:53.772Z] E0323 21:51:53.772647    2571 watch.go:40] Failed to load config from "/Users/mayamarkus-malone/Documents/Personal_CS/bcup/dataconnect": could not find dataconnect.yaml in `/Users/mayamarkus-malone/Documents/Personal_CS/bcup/dataconnect`
 {"metadata":{"emulator":{"name":"dataconnect"},"message":"E0323 21:51:53.772647    2571 watch.go:40] Failed to load config from \"/Users/mayamarkus-malone/Documents/Personal_CS/bcup/dataconnect\": could not find dataconnect.yaml in `/Users/mayamarkus-malone/Documents/Personal_CS/bcup/dataconnect`\n"}}
[debug] [2026-03-24T01:52:03.773Z] E0323 21:52:03.772758    2571 watch.go:40] Failed to load config from "/Users/mayamarkus-malone/Documents/Personal_CS/bcup/dataconnect": could not find dataconnect.yaml in `/Users/mayamarkus-malone/Documents/Personal_CS/bcup/dataconnect`
 {"metadata":{"emulator":{"name":"dataconnect"},"message":"E0323 21:52:03.772758    2571 watch.go:40] Failed to load config from \"/Users/mayamarkus-malone/Documents/Personal_CS/bcup/dataconnect\": could not find dataconnect.yaml in `/Users/mayamarkus-malone/Documents/Personal_CS/bcup/dataconnect`\n"}}
[debug] [2026-03-24T01:52:13.772Z] E0323 21:52:13.771986    2571 watch.go:40] Failed to load config from "/Users/mayamarkus-malone/Documents/Personal_CS/bcup/dataconnect": could not find dataconnect.yaml in `/Users/mayamarkus-malone/Documents/Personal_CS/bcup/dataconnect`
 {"metadata":{"emulator":{"name":"dataconnect"},"message":"E0323 21:52:13.771986    2571 watch.go:40] Failed to load config from \"/Users/mayamarkus-malone/Documents/Personal_CS/bcup/dataconnect\": could not find dataconnect.yaml in `/Users/mayamarkus-malone/Documents/Personal_CS/bcup/dataconnect`\n"}}
[debug] [2026-03-24T01:52:23.772Z] E0323 21:52:23.772723    2571 watch.go:40] Failed to load config from "/Users/mayamarkus-malone/Documents/Personal_CS/bcup/dataconnect": could not find dataconnect.yaml in `/Users/mayamarkus-malone/Documents/Personal_CS/bcup/dataconnect`
E0323 21:52:23.772723    2571 watch.go:116] watchAllDir unable to walk dir `/Users/mayamarkus-malone/Documents/Personal_CS/bcup/dataconnect`: lstat /Users/mayamarkus-malone/Documents/Personal_CS/bcup/dataconnect: no such file or directory
 {"metadata":{"emulator":{"name":"dataconnect"},"message":"E0323 21:52:23.772723    2571 watch.go:40] Failed to load config from \"/Users/mayamarkus-malone/Documents/Personal_CS/bcup/dataconnect\": could not find dataconnect.yaml in `/Users/mayamarkus-malone/Documents/Personal_CS/bcup/dataconnect`\nE0323 21:52:23.772723    2571 watch.go:116] watchAllDir unable to walk dir `/Users/mayamarkus-malone/Documents/Personal_CS/bcup/dataconnect`: lstat /Users/mayamarkus-malone/Documents/Personal_CS/bcup/dataconnect: no such file or directory\n"}}
[debug] [2026-03-24T01:52:33.772Z] E0323 21:52:33.772760    2571 watch.go:40] Failed to load config from "/Users/mayamarkus-malone/Documents/Personal_CS/bcup/dataconnect": could not find dataconnect.yaml in `/Users/mayamarkus-malone/Documents/Personal_CS/bcup/dataconnect`
 {"metadata":{"emulator":{"name":"dataconnect"},"message":"E0323 21:52:33.772760    2571 watch.go:40] Failed to load config from \"/Users/mayamarkus-malone/Documents/Personal_CS/bcup/dataconnect\": could not find dataconnect.yaml in `/Users/mayamarkus-malone/Documents/Personal_CS/bcup/dataconnect`\n"}}
[debug] [2026-03-24T01:52:43.773Z] E0323 21:52:43.772988    2571 watch.go:40] Failed to load config from "/Users/mayamarkus-malone/Documents/Personal_CS/bcup/dataconnect": could not find dataconnect.yaml in `/Users/mayamarkus-malone/Documents/Personal_CS/bcup/dataconnect`
 {"metadata":{"emulator":{"name":"dataconnect"},"message":"E0323 21:52:43.772988    2571 watch.go:40] Failed to load config from \"/Users/mayamarkus-malone/Documents/Personal_CS/bcup/dataconnect\": could not find dataconnect.yaml in `/Users/mayamarkus-malone/Documents/Personal_CS/bcup/dataconnect`\n"}}
[debug] [2026-03-24T01:52:53.772Z] E0323 21:52:53.772673    2571 watch.go:40] Failed to load config from "/Users/mayamarkus-malone/Documents/Personal_CS/bcup/dataconnect": could not find dataconnect.yaml in `/Users/mayamarkus-malone/Documents/Personal_CS/bcup/dataconnect`
 {"metadata":{"emulator":{"name":"dataconnect"},"message":"E0323 21:52:53.772673    2571 watch.go:40] Failed to load config from \"/Users/mayamarkus-malone/Documents/Personal_CS/bcup/dataconnect\": could not find dataconnect.yaml in `/Users/mayamarkus-malone/Documents/Personal_CS/bcup/dataconnect`\n"}}
[debug] [2026-03-24T01:53:03.773Z] E0323 21:53:03.773323    2571 watch.go:40] Failed to load config from "/Users/mayamarkus-malone/Documents/Personal_CS/bcup/dataconnect": could not find dataconnect.yaml in `/Users/mayamarkus-malone/Documents/Personal_CS/bcup/dataconnect`
 {"metadata":{"emulator":{"name":"dataconnect"},"message":"E0323 21:53:03.773323    2571 watch.go:40] Failed to load config from \"/Users/mayamarkus-malone/Documents/Personal_CS/bcup/dataconnect\": could not find dataconnect.yaml in `/Users/mayamarkus-malone/Documents/Personal_CS/bcup/dataconnect`\n"}}
[debug] [2026-03-24T01:53:13.773Z] E0323 21:53:13.772966    2571 watch.go:40] Failed to load config from "/Users/mayamarkus-malone/Documents/Personal_CS/bcup/dataconnect": could not find dataconnect.yaml in `/Users/mayamarkus-malone/Documents/Personal_CS/bcup/dataconnect`
 {"metadata":{"emulator":{"name":"dataconnect"},"message":"E0323 21:53:13.772966    2571 watch.go:40] Failed to load config from \"/Users/mayamarkus-malone/Documents/Personal_CS/bcup/dataconnect\": could not find dataconnect.yaml in `/Users/mayamarkus-malone/Documents/Personal_CS/bcup/dataconnect`\n"}}
[debug] [2026-03-24T01:53:23.772Z] E0323 21:53:23.772662    2571 watch.go:40] Failed to load config from "/Users/mayamarkus-malone/Documents/Personal_CS/bcup/dataconnect": could not find dataconnect.yaml in `/Users/mayamarkus-malone/Documents/Personal_CS/bcup/dataconnect`
 {"metadata":{"emulator":{"name":"dataconnect"},"message":"E0323 21:53:23.772662    2571 watch.go:40] Failed to load config from \"/Users/mayamarkus-malone/Documents/Personal_CS/bcup/dataconnect\": could not find dataconnect.yaml in `/Users/mayamarkus-malone/Documents/Personal_CS/bcup/dataconnect`\n"}}
[debug] [2026-03-24T01:53:23.773Z] E0323 21:53:23.772644    2571 watch.go:116] watchAllDir unable to walk dir `/Users/mayamarkus-malone/Documents/Personal_CS/bcup/dataconnect`: lstat /Users/mayamarkus-malone/Documents/Personal_CS/bcup/dataconnect: no such file or directory
 {"metadata":{"emulator":{"name":"dataconnect"},"message":"E0323 21:53:23.772644    2571 watch.go:116] watchAllDir unable to walk dir `/Users/mayamarkus-malone/Documents/Personal_CS/bcup/dataconnect`: lstat /Users/mayamarkus-malone/Documents/Personal_CS/bcup/dataconnect: no such file or directory\n"}}
[debug] [2026-03-24T01:53:33.773Z] E0323 21:53:33.773040    2571 watch.go:40] Failed to load config from "/Users/mayamarkus-malone/Documents/Personal_CS/bcup/dataconnect": could not find dataconnect.yaml in `/Users/mayamarkus-malone/Documents/Personal_CS/bcup/dataconnect`
 {"metadata":{"emulator":{"name":"dataconnect"},"message":"E0323 21:53:33.773040    2571 watch.go:40] Failed to load config from \"/Users/mayamarkus-malone/Documents/Personal_CS/bcup/dataconnect\": could not find dataconnect.yaml in `/Users/mayamarkus-malone/Documents/Personal_CS/bcup/dataconnect`\n"}}
[debug] [2026-03-24T01:53:43.773Z] E0323 21:53:43.773356    2571 watch.go:40] Failed to load config from "/Users/mayamarkus-malone/Documents/Personal_CS/bcup/dataconnect": could not find dataconnect.yaml in `/Users/mayamarkus-malone/Documents/Personal_CS/bcup/dataconnect`
 {"metadata":{"emulator":{"name":"dataconnect"},"message":"E0323 21:53:43.773356    2571 watch.go:40] Failed to load config from \"/Users/mayamarkus-malone/Documents/Personal_CS/bcup/dataconnect\": could not find dataconnect.yaml in `/Users/mayamarkus-malone/Documents/Personal_CS/bcup/dataconnect`\n"}}
[debug] [2026-03-24T01:53:53.773Z] E0323 21:53:53.773196    2571 watch.go:40] Failed to load config from "/Users/mayamarkus-malone/Documents/Personal_CS/bcup/dataconnect": could not find dataconnect.yaml in `/Users/mayamarkus-malone/Documents/Personal_CS/bcup/dataconnect`
 {"metadata":{"emulator":{"name":"dataconnect"},"message":"E0323 21:53:53.773196    2571 watch.go:40] Failed to load config from \"/Users/mayamarkus-malone/Documents/Personal_CS/bcup/dataconnect\": could not find dataconnect.yaml in `/Users/mayamarkus-malone/Documents/Personal_CS/bcup/dataconnect`\n"}}
[debug] [2026-03-24T01:54:03.773Z] E0323 21:54:03.772828    2571 watch.go:40] Failed to load config from "/Users/mayamarkus-malone/Documents/Personal_CS/bcup/dataconnect": could not find dataconnect.yaml in `/Users/mayamarkus-malone/Documents/Personal_CS/bcup/dataconnect`
 {"metadata":{"emulator":{"name":"dataconnect"},"message":"E0323 21:54:03.772828    2571 watch.go:40] Failed to load config from \"/Users/mayamarkus-malone/Documents/Personal_CS/bcup/dataconnect\": could not find dataconnect.yaml in `/Users/mayamarkus-malone/Documents/Personal_CS/bcup/dataconnect`\n"}}
[debug] [2026-03-24T01:54:13.773Z] E0323 21:54:13.772906    2571 watch.go:40] Failed to load config from "/Users/mayamarkus-malone/Documents/Personal_CS/bcup/dataconnect": could not find dataconnect.yaml in `/Users/mayamarkus-malone/Documents/Personal_CS/bcup/dataconnect`
 {"metadata":{"emulator":{"name":"dataconnect"},"message":"E0323 21:54:13.772906    2571 watch.go:40] Failed to load config from \"/Users/mayamarkus-malone/Documents/Personal_CS/bcup/dataconnect\": could not find dataconnect.yaml in `/Users/mayamarkus-malone/Documents/Personal_CS/bcup/dataconnect`\n"}}
[debug] [2026-03-24T01:54:23.772Z] E0323 21:54:23.772687    2571 watch.go:116] watchAllDir unable to walk dir `/Users/mayamarkus-malone/Documents/Personal_CS/bcup/dataconnect`: lstat /Users/mayamarkus-malone/Documents/Personal_CS/bcup/dataconnect: no such file or directory
E0323 21:54:23.772775    2571 watch.go:40] Failed to load config from "/Users/mayamarkus-malone/Documents/Personal_CS/bcup/dataconnect": could not find dataconnect.yaml in `/Users/mayamarkus-malone/Documents/Personal_CS/bcup/dataconnect`
 {"metadata":{"emulator":{"name":"dataconnect"},"message":"E0323 21:54:23.772687    2571 watch.go:116] watchAllDir unable to walk dir `/Users/mayamarkus-malone/Documents/Personal_CS/bcup/dataconnect`: lstat /Users/mayamarkus-malone/Documents/Personal_CS/bcup/dataconnect: no such file or directory\nE0323 21:54:23.772775    2571 watch.go:40] Failed to load config from \"/Users/mayamarkus-malone/Documents/Personal_CS/bcup/dataconnect\": could not find dataconnect.yaml in `/Users/mayamarkus-malone/Documents/Personal_CS/bcup/dataconnect`\n"}}
[debug] [2026-03-24T01:54:33.772Z] E0323 21:54:33.772708    2571 watch.go:40] Failed to load config from "/Users/mayamarkus-malone/Documents/Personal_CS/bcup/dataconnect": could not find dataconnect.yaml in `/Users/mayamarkus-malone/Documents/Personal_CS/bcup/dataconnect`
 {"metadata":{"emulator":{"name":"dataconnect"},"message":"E0323 21:54:33.772708    2571 watch.go:40] Failed to load config from \"/Users/mayamarkus-malone/Documents/Personal_CS/bcup/dataconnect\": could not find dataconnect.yaml in `/Users/mayamarkus-malone/Documents/Personal_CS/bcup/dataconnect`\n"}}
[debug] [2026-03-24T01:54:43.773Z] E0323 21:54:43.773149    2571 watch.go:40] Failed to load config from "/Users/mayamarkus-malone/Documents/Personal_CS/bcup/dataconnect": could not find dataconnect.yaml in `/Users/mayamarkus-malone/Documents/Personal_CS/bcup/dataconnect`
 {"metadata":{"emulator":{"name":"dataconnect"},"message":"E0323 21:54:43.773149    2571 watch.go:40] Failed to load config from \"/Users/mayamarkus-malone/Documents/Personal_CS/bcup/dataconnect\": could not find dataconnect.yaml in `/Users/mayamarkus-malone/Documents/Personal_CS/bcup/dataconnect`\n"}}
[debug] [2026-03-24T01:54:53.774Z] E0323 21:54:53.773555    2571 watch.go:40] Failed to load config from "/Users/mayamarkus-malone/Documents/Personal_CS/bcup/dataconnect": could not find dataconnect.yaml in `/Users/mayamarkus-malone/Documents/Personal_CS/bcup/dataconnect`
 {"metadata":{"emulator":{"name":"dataconnect"},"message":"E0323 21:54:53.773555    2571 watch.go:40] Failed to load config from \"/Users/mayamarkus-malone/Documents/Personal_CS/bcup/dataconnect\": could not find dataconnect.yaml in `/Users/mayamarkus-malone/Documents/Personal_CS/bcup/dataconnect`\n"}}
[debug] [2026-03-24T01:55:03.773Z] E0323 21:55:03.772751    2571 watch.go:40] Failed to load config from "/Users/mayamarkus-malone/Documents/Personal_CS/bcup/dataconnect": could not find dataconnect.yaml in `/Users/mayamarkus-malone/Documents/Personal_CS/bcup/dataconnect`
 {"metadata":{"emulator":{"name":"dataconnect"},"message":"E0323 21:55:03.772751    2571 watch.go:40] Failed to load config from \"/Users/mayamarkus-malone/Documents/Personal_CS/bcup/dataconnect\": could not find dataconnect.yaml in `/Users/mayamarkus-malone/Documents/Personal_CS/bcup/dataconnect`\n"}}
[debug] [2026-03-24T01:55:13.774Z] E0323 21:55:13.774227    2571 watch.go:40] Failed to load config from "/Users/mayamarkus-malone/Documents/Personal_CS/bcup/dataconnect": could not find dataconnect.yaml in `/Users/mayamarkus-malone/Documents/Personal_CS/bcup/dataconnect`
 {"metadata":{"emulator":{"name":"dataconnect"},"message":"E0323 21:55:13.774227    2571 watch.go:40] Failed to load config from \"/Users/mayamarkus-malone/Documents/Personal_CS/bcup/dataconnect\": could not find dataconnect.yaml in `/Users/mayamarkus-malone/Documents/Personal_CS/bcup/dataconnect`\n"}}
[debug] [2026-03-24T01:55:23.772Z] E0323 21:55:23.772801    2571 watch.go:40] Failed to load config from "/Users/mayamarkus-malone/Documents/Personal_CS/bcup/dataconnect": could not find dataconnect.yaml in `/Users/mayamarkus-malone/Documents/Personal_CS/bcup/dataconnect`
E0323 21:55:23.772777    2571 watch.go:116] watchAllDir unable to walk dir `/Users/mayamarkus-malone/Documents/Personal_CS/bcup/dataconnect`: lstat /Users/mayamarkus-malone/Documents/Personal_CS/bcup/dataconnect: no such file or directory
 {"metadata":{"emulator":{"name":"dataconnect"},"message":"E0323 21:55:23.772801    2571 watch.go:40] Failed to load config from \"/Users/mayamarkus-malone/Documents/Personal_CS/bcup/dataconnect\": could not find dataconnect.yaml in `/Users/mayamarkus-malone/Documents/Personal_CS/bcup/dataconnect`\nE0323 21:55:23.772777    2571 watch.go:116] watchAllDir unable to walk dir `/Users/mayamarkus-malone/Documents/Personal_CS/bcup/dataconnect`: lstat /Users/mayamarkus-malone/Documents/Personal_CS/bcup/dataconnect: no such file or directory\n"}}
[debug] [2026-03-24T01:55:33.772Z] E0323 21:55:33.772780    2571 watch.go:40] Failed to load config from "/Users/mayamarkus-malone/Documents/Personal_CS/bcup/dataconnect": could not find dataconnect.yaml in `/Users/mayamarkus-malone/Documents/Personal_CS/bcup/dataconnect`
 {"metadata":{"emulator":{"name":"dataconnect"},"message":"E0323 21:55:33.772780    2571 watch.go:40] Failed to load config from \"/Users/mayamarkus-malone/Documents/Personal_CS/bcup/dataconnect\": could not find dataconnect.yaml in `/Users/mayamarkus-malone/Documents/Personal_CS/bcup/dataconnect`\n"}}
[debug] [2026-03-24T01:55:43.773Z] E0323 21:55:43.773133    2571 watch.go:40] Failed to load config from "/Users/mayamarkus-malone/Documents/Personal_CS/bcup/dataconnect": could not find dataconnect.yaml in `/Users/mayamarkus-malone/Documents/Personal_CS/bcup/dataconnect`
 {"metadata":{"emulator":{"name":"dataconnect"},"message":"E0323 21:55:43.773133    2571 watch.go:40] Failed to load config from \"/Users/mayamarkus-malone/Documents/Personal_CS/bcup/dataconnect\": could not find dataconnect.yaml in `/Users/mayamarkus-malone/Documents/Personal_CS/bcup/dataconnect`\n"}}
[debug] [2026-03-24T01:55:53.772Z] E0323 21:55:53.772811    2571 watch.go:40] Failed to load config from "/Users/mayamarkus-malone/Documents/Personal_CS/bcup/dataconnect": could not find dataconnect.yaml in `/Users/mayamarkus-malone/Documents/Personal_CS/bcup/dataconnect`
 {"metadata":{"emulator":{"name":"dataconnect"},"message":"E0323 21:55:53.772811    2571 watch.go:40] Failed to load config from \"/Users/mayamarkus-malone/Documents/Personal_CS/bcup/dataconnect\": could not find dataconnect.yaml in `/Users/mayamarkus-malone/Documents/Personal_CS/bcup/dataconnect`\n"}}
[debug] [2026-03-24T01:56:03.772Z] E0323 21:56:03.772792    2571 watch.go:40] Failed to load config from "/Users/mayamarkus-malone/Documents/Personal_CS/bcup/dataconnect": could not find dataconnect.yaml in `/Users/mayamarkus-malone/Documents/Personal_CS/bcup/dataconnect`
 {"metadata":{"emulator":{"name":"dataconnect"},"message":"E0323 21:56:03.772792    2571 watch.go:40] Failed to load config from \"/Users/mayamarkus-malone/Documents/Personal_CS/bcup/dataconnect\": could not find dataconnect.yaml in `/Users/mayamarkus-malone/Documents/Personal_CS/bcup/dataconnect`\n"}}
[debug] [2026-03-24T01:56:13.774Z] E0323 21:56:13.773269    2571 watch.go:40] Failed to load config from "/Users/mayamarkus-malone/Documents/Personal_CS/bcup/dataconnect": could not find dataconnect.yaml in `/Users/mayamarkus-malone/Documents/Personal_CS/bcup/dataconnect`
 {"metadata":{"emulator":{"name":"dataconnect"},"message":"E0323 21:56:13.773269    2571 watch.go:40] Failed to load config from \"/Users/mayamarkus-malone/Documents/Personal_CS/bcup/dataconnect\": could not find dataconnect.yaml in `/Users/mayamarkus-malone/Documents/Personal_CS/bcup/dataconnect`\n"}}
[debug] [2026-03-24T01:56:23.772Z] E0323 21:56:23.772828    2571 watch.go:116] watchAllDir unable to walk dir `/Users/mayamarkus-malone/Documents/Personal_CS/bcup/dataconnect`: lstat /Users/mayamarkus-malone/Documents/Personal_CS/bcup/dataconnect: no such file or directory
E0323 21:56:23.772843    2571 watch.go:40] Failed to load config from "/Users/mayamarkus-malone/Documents/Personal_CS/bcup/dataconnect": could not find dataconnect.yaml in `/Users/mayamarkus-malone/Documents/Personal_CS/bcup/dataconnect`
 {"metadata":{"emulator":{"name":"dataconnect"},"message":"E0323 21:56:23.772828    2571 watch.go:116] watchAllDir unable to walk dir `/Users/mayamarkus-malone/Documents/Personal_CS/bcup/dataconnect`: lstat /Users/mayamarkus-malone/Documents/Personal_CS/bcup/dataconnect: no such file or directory\nE0323 21:56:23.772843    2571 watch.go:40] Failed to load config from \"/Users/mayamarkus-malone/Documents/Personal_CS/bcup/dataconnect\": could not find dataconnect.yaml in `/Users/mayamarkus-malone/Documents/Personal_CS/bcup/dataconnect`\n"}}
[debug] [2026-03-24T01:56:33.773Z] E0323 21:56:33.773105    2571 watch.go:40] Failed to load config from "/Users/mayamarkus-malone/Documents/Personal_CS/bcup/dataconnect": could not find dataconnect.yaml in `/Users/mayamarkus-malone/Documents/Personal_CS/bcup/dataconnect`
 {"metadata":{"emulator":{"name":"dataconnect"},"message":"E0323 21:56:33.773105    2571 watch.go:40] Failed to load config from \"/Users/mayamarkus-malone/Documents/Personal_CS/bcup/dataconnect\": could not find dataconnect.yaml in `/Users/mayamarkus-malone/Documents/Personal_CS/bcup/dataconnect`\n"}}
[debug] [2026-03-24T01:56:43.772Z] E0323 21:56:43.772854    2571 watch.go:40] Failed to load config from "/Users/mayamarkus-malone/Documents/Personal_CS/bcup/dataconnect": could not find dataconnect.yaml in `/Users/mayamarkus-malone/Documents/Personal_CS/bcup/dataconnect`
 {"metadata":{"emulator":{"name":"dataconnect"},"message":"E0323 21:56:43.772854    2571 watch.go:40] Failed to load config from \"/Users/mayamarkus-malone/Documents/Personal_CS/bcup/dataconnect\": could not find dataconnect.yaml in `/Users/mayamarkus-malone/Documents/Personal_CS/bcup/dataconnect`\n"}}
[debug] [2026-03-24T01:56:53.773Z] E0323 21:56:53.773017    2571 watch.go:40] Failed to load config from "/Users/mayamarkus-malone/Documents/Personal_CS/bcup/dataconnect": could not find dataconnect.yaml in `/Users/mayamarkus-malone/Documents/Personal_CS/bcup/dataconnect`
 {"metadata":{"emulator":{"name":"dataconnect"},"message":"E0323 21:56:53.773017    2571 watch.go:40] Failed to load config from \"/Users/mayamarkus-malone/Documents/Personal_CS/bcup/dataconnect\": could not find dataconnect.yaml in `/Users/mayamarkus-malone/Documents/Personal_CS/bcup/dataconnect`\n"}}
[debug] [2026-03-24T01:57:03.773Z] E0323 21:57:03.773249    2571 watch.go:40] Failed to load config from "/Users/mayamarkus-malone/Documents/Personal_CS/bcup/dataconnect": could not find dataconnect.yaml in `/Users/mayamarkus-malone/Documents/Personal_CS/bcup/dataconnect`
 {"metadata":{"emulator":{"name":"dataconnect"},"message":"E0323 21:57:03.773249    2571 watch.go:40] Failed to load config from \"/Users/mayamarkus-malone/Documents/Personal_CS/bcup/dataconnect\": could not find dataconnect.yaml in `/Users/mayamarkus-malone/Documents/Personal_CS/bcup/dataconnect`\n"}}
[debug] [2026-03-24T01:57:13.774Z] E0323 21:57:13.773631    2571 watch.go:40] Failed to load config from "/Users/mayamarkus-malone/Documents/Personal_CS/bcup/dataconnect": could not find dataconnect.yaml in `/Users/mayamarkus-malone/Documents/Personal_CS/bcup/dataconnect`
 {"metadata":{"emulator":{"name":"dataconnect"},"message":"E0323 21:57:13.773631    2571 watch.go:40] Failed to load config from \"/Users/mayamarkus-malone/Documents/Personal_CS/bcup/dataconnect\": could not find dataconnect.yaml in `/Users/mayamarkus-malone/Documents/Personal_CS/bcup/dataconnect`\n"}}
[debug] [2026-03-24T01:57:23.773Z] E0323 21:57:23.772920    2571 watch.go:116] watchAllDir unable to walk dir `/Users/mayamarkus-malone/Documents/Personal_CS/bcup/dataconnect`: lstat /Users/mayamarkus-malone/Documents/Personal_CS/bcup/dataconnect: no such file or directory
 {"metadata":{"emulator":{"name":"dataconnect"},"message":"E0323 21:57:23.772920    2571 watch.go:116] watchAllDir unable to walk dir `/Users/mayamarkus-malone/Documents/Personal_CS/bcup/dataconnect`: lstat /Users/mayamarkus-malone/Documents/Personal_CS/bcup/dataconnect: no such file or directory\n"}}
[debug] [2026-03-24T01:57:23.773Z] E0323 21:57:23.773045    2571 watch.go:40] Failed to load config from "/Users/mayamarkus-malone/Documents/Personal_CS/bcup/dataconnect": could not find dataconnect.yaml in `/Users/mayamarkus-malone/Documents/Personal_CS/bcup/dataconnect`
 {"metadata":{"emulator":{"name":"dataconnect"},"message":"E0323 21:57:23.773045    2571 watch.go:40] Failed to load config from \"/Users/mayamarkus-malone/Documents/Personal_CS/bcup/dataconnect\": could not find dataconnect.yaml in `/Users/mayamarkus-malone/Documents/Personal_CS/bcup/dataconnect`\n"}}
[debug] [2026-03-24T01:57:33.773Z] E0323 21:57:33.772955    2571 watch.go:40] Failed to load config from "/Users/mayamarkus-malone/Documents/Personal_CS/bcup/dataconnect": could not find dataconnect.yaml in `/Users/mayamarkus-malone/Documents/Personal_CS/bcup/dataconnect`
 {"metadata":{"emulator":{"name":"dataconnect"},"message":"E0323 21:57:33.772955    2571 watch.go:40] Failed to load config from \"/Users/mayamarkus-malone/Documents/Personal_CS/bcup/dataconnect\": could not find dataconnect.yaml in `/Users/mayamarkus-malone/Documents/Personal_CS/bcup/dataconnect`\n"}}
[debug] [2026-03-24T01:57:43.772Z] E0323 21:57:43.772151    2571 watch.go:40] Failed to load config from "/Users/mayamarkus-malone/Documents/Personal_CS/bcup/dataconnect": could not find dataconnect.yaml in `/Users/mayamarkus-malone/Documents/Personal_CS/bcup/dataconnect`
 {"metadata":{"emulator":{"name":"dataconnect"},"message":"E0323 21:57:43.772151    2571 watch.go:40] Failed to load config from \"/Users/mayamarkus-malone/Documents/Personal_CS/bcup/dataconnect\": could not find dataconnect.yaml in `/Users/mayamarkus-malone/Documents/Personal_CS/bcup/dataconnect`\n"}}
[debug] [2026-03-24T01:57:53.773Z] E0323 21:57:53.773095    2571 watch.go:40] Failed to load config from "/Users/mayamarkus-malone/Documents/Personal_CS/bcup/dataconnect": could not find dataconnect.yaml in `/Users/mayamarkus-malone/Documents/Personal_CS/bcup/dataconnect`
 {"metadata":{"emulator":{"name":"dataconnect"},"message":"E0323 21:57:53.773095    2571 watch.go:40] Failed to load config from \"/Users/mayamarkus-malone/Documents/Personal_CS/bcup/dataconnect\": could not find dataconnect.yaml in `/Users/mayamarkus-malone/Documents/Personal_CS/bcup/dataconnect`\n"}}
[debug] [2026-03-24T01:58:03.773Z] E0323 21:58:03.772971    2571 watch.go:40] Failed to load config from "/Users/mayamarkus-malone/Documents/Personal_CS/bcup/dataconnect": could not find dataconnect.yaml in `/Users/mayamarkus-malone/Documents/Personal_CS/bcup/dataconnect`
 {"metadata":{"emulator":{"name":"dataconnect"},"message":"E0323 21:58:03.772971    2571 watch.go:40] Failed to load config from \"/Users/mayamarkus-malone/Documents/Personal_CS/bcup/dataconnect\": could not find dataconnect.yaml in `/Users/mayamarkus-malone/Documents/Personal_CS/bcup/dataconnect`\n"}}
[debug] [2026-03-24T01:58:13.773Z] E0323 21:58:13.773058    2571 watch.go:40] Failed to load config from "/Users/mayamarkus-malone/Documents/Personal_CS/bcup/dataconnect": could not find dataconnect.yaml in `/Users/mayamarkus-malone/Documents/Personal_CS/bcup/dataconnect`
 {"metadata":{"emulator":{"name":"dataconnect"},"message":"E0323 21:58:13.773058    2571 watch.go:40] Failed to load config from \"/Users/mayamarkus-malone/Documents/Personal_CS/bcup/dataconnect\": could not find dataconnect.yaml in `/Users/mayamarkus-malone/Documents/Personal_CS/bcup/dataconnect`\n"}}
[debug] [2026-03-24T01:58:23.775Z] E0323 21:58:23.775710    2571 watch.go:116] watchAllDir unable to walk dir `/Users/mayamarkus-malone/Documents/Personal_CS/bcup/dataconnect`: lstat /Users/mayamarkus-malone/Documents/Personal_CS/bcup/dataconnect: no such file or directory
E0323 21:58:23.775801    2571 watch.go:40] Failed to load config from "/Users/mayamarkus-malone/Documents/Personal_CS/bcup/dataconnect": could not find dataconnect.yaml in `/Users/mayamarkus-malone/Documents/Personal_CS/bcup/dataconnect`
 {"metadata":{"emulator":{"name":"dataconnect"},"message":"E0323 21:58:23.775710    2571 watch.go:116] watchAllDir unable to walk dir `/Users/mayamarkus-malone/Documents/Personal_CS/bcup/dataconnect`: lstat /Users/mayamarkus-malone/Documents/Personal_CS/bcup/dataconnect: no such file or directory\nE0323 21:58:23.775801    2571 watch.go:40] Failed to load config from \"/Users/mayamarkus-malone/Documents/Personal_CS/bcup/dataconnect\": could not find dataconnect.yaml in `/Users/mayamarkus-malone/Documents/Personal_CS/bcup/dataconnect`\n"}}
[debug] [2026-03-24T01:58:33.773Z] E0323 21:58:33.773290    2571 watch.go:40] Failed to load config from "/Users/mayamarkus-malone/Documents/Personal_CS/bcup/dataconnect": could not find dataconnect.yaml in `/Users/mayamarkus-malone/Documents/Personal_CS/bcup/dataconnect`
 {"metadata":{"emulator":{"name":"dataconnect"},"message":"E0323 21:58:33.773290    2571 watch.go:40] Failed to load config from \"/Users/mayamarkus-malone/Documents/Personal_CS/bcup/dataconnect\": could not find dataconnect.yaml in `/Users/mayamarkus-malone/Documents/Personal_CS/bcup/dataconnect`\n"}}
[debug] [2026-03-24T01:58:43.774Z] E0323 21:58:43.773898    2571 watch.go:40] Failed to load config from "/Users/mayamarkus-malone/Documents/Personal_CS/bcup/dataconnect": could not find dataconnect.yaml in `/Users/mayamarkus-malone/Documents/Personal_CS/bcup/dataconnect`
 {"metadata":{"emulator":{"name":"dataconnect"},"message":"E0323 21:58:43.773898    2571 watch.go:40] Failed to load config from \"/Users/mayamarkus-malone/Documents/Personal_CS/bcup/dataconnect\": could not find dataconnect.yaml in `/Users/mayamarkus-malone/Documents/Personal_CS/bcup/dataconnect`\n"}}
[debug] [2026-03-24T01:58:53.774Z] E0323 21:58:53.773567    2571 watch.go:40] Failed to load config from "/Users/mayamarkus-malone/Documents/Personal_CS/bcup/dataconnect": could not find dataconnect.yaml in `/Users/mayamarkus-malone/Documents/Personal_CS/bcup/dataconnect`
 {"metadata":{"emulator":{"name":"dataconnect"},"message":"E0323 21:58:53.773567    2571 watch.go:40] Failed to load config from \"/Users/mayamarkus-malone/Documents/Personal_CS/bcup/dataconnect\": could not find dataconnect.yaml in `/Users/mayamarkus-malone/Documents/Personal_CS/bcup/dataconnect`\n"}}
[debug] [2026-03-24T01:59:03.772Z] E0323 21:59:03.772591    2571 watch.go:40] Failed to load config from "/Users/mayamarkus-malone/Documents/Personal_CS/bcup/dataconnect": could not find dataconnect.yaml in `/Users/mayamarkus-malone/Documents/Personal_CS/bcup/dataconnect`
 {"metadata":{"emulator":{"name":"dataconnect"},"message":"E0323 21:59:03.772591    2571 watch.go:40] Failed to load config from \"/Users/mayamarkus-malone/Documents/Personal_CS/bcup/dataconnect\": could not find dataconnect.yaml in `/Users/mayamarkus-malone/Documents/Personal_CS/bcup/dataconnect`\n"}}
[debug] [2026-03-24T01:59:13.773Z] E0323 21:59:13.773374    2571 watch.go:40] Failed to load config from "/Users/mayamarkus-malone/Documents/Personal_CS/bcup/dataconnect": could not find dataconnect.yaml in `/Users/mayamarkus-malone/Documents/Personal_CS/bcup/dataconnect`
 {"metadata":{"emulator":{"name":"dataconnect"},"message":"E0323 21:59:13.773374    2571 watch.go:40] Failed to load config from \"/Users/mayamarkus-malone/Documents/Personal_CS/bcup/dataconnect\": could not find dataconnect.yaml in `/Users/mayamarkus-malone/Documents/Personal_CS/bcup/dataconnect`\n"}}
[debug] [2026-03-24T01:59:23.773Z] E0323 21:59:23.773352    2571 watch.go:40] Failed to load config from "/Users/mayamarkus-malone/Documents/Personal_CS/bcup/dataconnect": could not find dataconnect.yaml in `/Users/mayamarkus-malone/Documents/Personal_CS/bcup/dataconnect`
 {"metadata":{"emulator":{"name":"dataconnect"},"message":"E0323 21:59:23.773352    2571 watch.go:40] Failed to load config from \"/Users/mayamarkus-malone/Documents/Personal_CS/bcup/dataconnect\": could not find dataconnect.yaml in `/Users/mayamarkus-malone/Documents/Personal_CS/bcup/dataconnect`\n"}}
[debug] [2026-03-24T01:59:23.778Z] E0323 21:59:23.773343    2571 watch.go:116] watchAllDir unable to walk dir `/Users/mayamarkus-malone/Documents/Personal_CS/bcup/dataconnect`: lstat /Users/mayamarkus-malone/Documents/Personal_CS/bcup/dataconnect: no such file or directory
 {"metadata":{"emulator":{"name":"dataconnect"},"message":"E0323 21:59:23.773343    2571 watch.go:116] watchAllDir unable to walk dir `/Users/mayamarkus-malone/Documents/Personal_CS/bcup/dataconnect`: lstat /Users/mayamarkus-malone/Documents/Personal_CS/bcup/dataconnect: no such file or directory\n"}}
[debug] [2026-03-24T01:59:33.773Z] E0323 21:59:33.773125    2571 watch.go:40] Failed to load config from "/Users/mayamarkus-malone/Documents/Personal_CS/bcup/dataconnect": could not find dataconnect.yaml in `/Users/mayamarkus-malone/Documents/Personal_CS/bcup/dataconnect`
 {"metadata":{"emulator":{"name":"dataconnect"},"message":"E0323 21:59:33.773125    2571 watch.go:40] Failed to load config from \"/Users/mayamarkus-malone/Documents/Personal_CS/bcup/dataconnect\": could not find dataconnect.yaml in `/Users/mayamarkus-malone/Documents/Personal_CS/bcup/dataconnect`\n"}}
[debug] [2026-03-24T01:59:43.773Z] E0323 21:59:43.773064    2571 watch.go:40] Failed to load config from "/Users/mayamarkus-malone/Documents/Personal_CS/bcup/dataconnect": could not find dataconnect.yaml in `/Users/mayamarkus-malone/Documents/Personal_CS/bcup/dataconnect`
 {"metadata":{"emulator":{"name":"dataconnect"},"message":"E0323 21:59:43.773064    2571 watch.go:40] Failed to load config from \"/Users/mayamarkus-malone/Documents/Personal_CS/bcup/dataconnect\": could not find dataconnect.yaml in `/Users/mayamarkus-malone/Documents/Personal_CS/bcup/dataconnect`\n"}}
[debug] [2026-03-24T01:59:53.773Z] E0323 21:59:53.773391    2571 watch.go:40] Failed to load config from "/Users/mayamarkus-malone/Documents/Personal_CS/bcup/dataconnect": could not find dataconnect.yaml in `/Users/mayamarkus-malone/Documents/Personal_CS/bcup/dataconnect`
 {"metadata":{"emulator":{"name":"dataconnect"},"message":"E0323 21:59:53.773391    2571 watch.go:40] Failed to load config from \"/Users/mayamarkus-malone/Documents/Personal_CS/bcup/dataconnect\": could not find dataconnect.yaml in `/Users/mayamarkus-malone/Documents/Personal_CS/bcup/dataconnect`\n"}}
[debug] [2026-03-24T02:00:03.773Z] E0323 22:00:03.773157    2571 watch.go:40] Failed to load config from "/Users/mayamarkus-malone/Documents/Personal_CS/bcup/dataconnect": could not find dataconnect.yaml in `/Users/mayamarkus-malone/Documents/Personal_CS/bcup/dataconnect`
 {"metadata":{"emulator":{"name":"dataconnect"},"message":"E0323 22:00:03.773157    2571 watch.go:40] Failed to load config from \"/Users/mayamarkus-malone/Documents/Personal_CS/bcup/dataconnect\": could not find dataconnect.yaml in `/Users/mayamarkus-malone/Documents/Personal_CS/bcup/dataconnect`\n"}}
[debug] [2026-03-24T02:00:13.773Z] E0323 22:00:13.773124    2571 watch.go:40] Failed to load config from "/Users/mayamarkus-malone/Documents/Personal_CS/bcup/dataconnect": could not find dataconnect.yaml in `/Users/mayamarkus-malone/Documents/Personal_CS/bcup/dataconnect`
 {"metadata":{"emulator":{"name":"dataconnect"},"message":"E0323 22:00:13.773124    2571 watch.go:40] Failed to load config from \"/Users/mayamarkus-malone/Documents/Personal_CS/bcup/dataconnect\": could not find dataconnect.yaml in `/Users/mayamarkus-malone/Documents/Personal_CS/bcup/dataconnect`\n"}}
[debug] [2026-03-24T02:00:23.773Z] E0323 22:00:23.773314    2571 watch.go:116] watchAllDir unable to walk dir `/Users/mayamarkus-malone/Documents/Personal_CS/bcup/dataconnect`: lstat /Users/mayamarkus-malone/Documents/Personal_CS/bcup/dataconnect: no such file or directory
E0323 22:00:23.773373    2571 watch.go:40] Failed to load config from "/Users/mayamarkus-malone/Documents/Personal_CS/bcup/dataconnect": could not find dataconnect.yaml in `/Users/mayamarkus-malone/Documents/Personal_CS/bcup/dataconnect`
 {"metadata":{"emulator":{"name":"dataconnect"},"message":"E0323 22:00:23.773314    2571 watch.go:116] watchAllDir unable to walk dir `/Users/mayamarkus-malone/Documents/Personal_CS/bcup/dataconnect`: lstat /Users/mayamarkus-malone/Documents/Personal_CS/bcup/dataconnect: no such file or directory\nE0323 22:00:23.773373    2571 watch.go:40] Failed to load config from \"/Users/mayamarkus-malone/Documents/Personal_CS/bcup/dataconnect\": could not find dataconnect.yaml in `/Users/mayamarkus-malone/Documents/Personal_CS/bcup/dataconnect`\n"}}
[debug] [2026-03-24T02:00:33.773Z] E0323 22:00:33.773010    2571 watch.go:40] Failed to load config from "/Users/mayamarkus-malone/Documents/Personal_CS/bcup/dataconnect": could not find dataconnect.yaml in `/Users/mayamarkus-malone/Documents/Personal_CS/bcup/dataconnect`
 {"metadata":{"emulator":{"name":"dataconnect"},"message":"E0323 22:00:33.773010    2571 watch.go:40] Failed to load config from \"/Users/mayamarkus-malone/Documents/Personal_CS/bcup/dataconnect\": could not find dataconnect.yaml in `/Users/mayamarkus-malone/Documents/Personal_CS/bcup/dataconnect`\n"}}
[debug] [2026-03-24T02:00:43.773Z] E0323 22:00:43.773148    2571 watch.go:40] Failed to load config from "/Users/mayamarkus-malone/Documents/Personal_CS/bcup/dataconnect": could not find dataconnect.yaml in `/Users/mayamarkus-malone/Documents/Personal_CS/bcup/dataconnect`
 {"metadata":{"emulator":{"name":"dataconnect"},"message":"E0323 22:00:43.773148    2571 watch.go:40] Failed to load config from \"/Users/mayamarkus-malone/Documents/Personal_CS/bcup/dataconnect\": could not find dataconnect.yaml in `/Users/mayamarkus-malone/Documents/Personal_CS/bcup/dataconnect`\n"}}
[debug] [2026-03-24T02:00:53.773Z] E0323 22:00:53.772978    2571 watch.go:40] Failed to load config from "/Users/mayamarkus-malone/Documents/Personal_CS/bcup/dataconnect": could not find dataconnect.yaml in `/Users/mayamarkus-malone/Documents/Personal_CS/bcup/dataconnect`
 {"metadata":{"emulator":{"name":"dataconnect"},"message":"E0323 22:00:53.772978    2571 watch.go:40] Failed to load config from \"/Users/mayamarkus-malone/Documents/Personal_CS/bcup/dataconnect\": could not find dataconnect.yaml in `/Users/mayamarkus-malone/Documents/Personal_CS/bcup/dataconnect`\n"}}
[debug] [2026-03-24T02:01:03.773Z] E0323 22:01:03.773321    2571 watch.go:40] Failed to load config from "/Users/mayamarkus-malone/Documents/Personal_CS/bcup/dataconnect": could not find dataconnect.yaml in `/Users/mayamarkus-malone/Documents/Personal_CS/bcup/dataconnect`
 {"metadata":{"emulator":{"name":"dataconnect"},"message":"E0323 22:01:03.773321    2571 watch.go:40] Failed to load config from \"/Users/mayamarkus-malone/Documents/Personal_CS/bcup/dataconnect\": could not find dataconnect.yaml in `/Users/mayamarkus-malone/Documents/Personal_CS/bcup/dataconnect`\n"}}
[debug] [2026-03-24T02:01:13.773Z] E0323 22:01:13.773219    2571 watch.go:40] Failed to load config from "/Users/mayamarkus-malone/Documents/Personal_CS/bcup/dataconnect": could not find dataconnect.yaml in `/Users/mayamarkus-malone/Documents/Personal_CS/bcup/dataconnect`
 {"metadata":{"emulator":{"name":"dataconnect"},"message":"E0323 22:01:13.773219    2571 watch.go:40] Failed to load config from \"/Users/mayamarkus-malone/Documents/Personal_CS/bcup/dataconnect\": could not find dataconnect.yaml in `/Users/mayamarkus-malone/Documents/Personal_CS/bcup/dataconnect`\n"}}
[debug] [2026-03-24T02:01:23.773Z] E0323 22:01:23.773212    2571 watch.go:40] Failed to load config from "/Users/mayamarkus-malone/Documents/Personal_CS/bcup/dataconnect": could not find dataconnect.yaml in `/Users/mayamarkus-malone/Documents/Personal_CS/bcup/dataconnect`
E0323 22:01:23.773182    2571 watch.go:116] watchAllDir unable to walk dir `/Users/mayamarkus-malone/Documents/Personal_CS/bcup/dataconnect`: lstat /Users/mayamarkus-malone/Documents/Personal_CS/bcup/dataconnect: no such file or directory
 {"metadata":{"emulator":{"name":"dataconnect"},"message":"E0323 22:01:23.773212    2571 watch.go:40] Failed to load config from \"/Users/mayamarkus-malone/Documents/Personal_CS/bcup/dataconnect\": could not find dataconnect.yaml in `/Users/mayamarkus-malone/Documents/Personal_CS/bcup/dataconnect`\nE0323 22:01:23.773182    2571 watch.go:116] watchAllDir unable to walk dir `/Users/mayamarkus-malone/Documents/Personal_CS/bcup/dataconnect`: lstat /Users/mayamarkus-malone/Documents/Personal_CS/bcup/dataconnect: no such file or directory\n"}}
[debug] [2026-03-24T02:01:33.774Z] E0323 22:01:33.774595    2571 watch.go:40] Failed to load config from "/Users/mayamarkus-malone/Documents/Personal_CS/bcup/dataconnect": could not find dataconnect.yaml in `/Users/mayamarkus-malone/Documents/Personal_CS/bcup/dataconnect`
 {"metadata":{"emulator":{"name":"dataconnect"},"message":"E0323 22:01:33.774595    2571 watch.go:40] Failed to load config from \"/Users/mayamarkus-malone/Documents/Personal_CS/bcup/dataconnect\": could not find dataconnect.yaml in `/Users/mayamarkus-malone/Documents/Personal_CS/bcup/dataconnect`\n"}}
[debug] [2026-03-24T02:01:43.773Z] E0323 22:01:43.773348    2571 watch.go:40] Failed to load config from "/Users/mayamarkus-malone/Documents/Personal_CS/bcup/dataconnect": could not find dataconnect.yaml in `/Users/mayamarkus-malone/Documents/Personal_CS/bcup/dataconnect`
 {"metadata":{"emulator":{"name":"dataconnect"},"message":"E0323 22:01:43.773348    2571 watch.go:40] Failed to load config from \"/Users/mayamarkus-malone/Documents/Personal_CS/bcup/dataconnect\": could not find dataconnect.yaml in `/Users/mayamarkus-malone/Documents/Personal_CS/bcup/dataconnect`\n"}}
[debug] [2026-03-24T02:01:53.773Z] E0323 22:01:53.772819    2571 watch.go:40] Failed to load config from "/Users/mayamarkus-malone/Documents/Personal_CS/bcup/dataconnect": could not find dataconnect.yaml in `/Users/mayamarkus-malone/Documents/Personal_CS/bcup/dataconnect`
 {"metadata":{"emulator":{"name":"dataconnect"},"message":"E0323 22:01:53.772819    2571 watch.go:40] Failed to load config from \"/Users/mayamarkus-malone/Documents/Personal_CS/bcup/dataconnect\": could not find dataconnect.yaml in `/Users/mayamarkus-malone/Documents/Personal_CS/bcup/dataconnect`\n"}}
[debug] [2026-03-24T02:02:03.773Z] E0323 22:02:03.773535    2571 watch.go:40] Failed to load config from "/Users/mayamarkus-malone/Documents/Personal_CS/bcup/dataconnect": could not find dataconnect.yaml in `/Users/mayamarkus-malone/Documents/Personal_CS/bcup/dataconnect`
 {"metadata":{"emulator":{"name":"dataconnect"},"message":"E0323 22:02:03.773535    2571 watch.go:40] Failed to load config from \"/Users/mayamarkus-malone/Documents/Personal_CS/bcup/dataconnect\": could not find dataconnect.yaml in `/Users/mayamarkus-malone/Documents/Personal_CS/bcup/dataconnect`\n"}}
[debug] [2026-03-24T02:02:13.779Z] E0323 22:02:13.779043    2571 watch.go:40] Failed to load config from "/Users/mayamarkus-malone/Documents/Personal_CS/bcup/dataconnect": could not find dataconnect.yaml in `/Users/mayamarkus-malone/Documents/Personal_CS/bcup/dataconnect`
 {"metadata":{"emulator":{"name":"dataconnect"},"message":"E0323 22:02:13.779043    2571 watch.go:40] Failed to load config from \"/Users/mayamarkus-malone/Documents/Personal_CS/bcup/dataconnect\": could not find dataconnect.yaml in `/Users/mayamarkus-malone/Documents/Personal_CS/bcup/dataconnect`\n"}}
[debug] [2026-03-24T02:02:23.773Z] E0323 22:02:23.773108    2571 watch.go:116] watchAllDir unable to walk dir `/Users/mayamarkus-malone/Documents/Personal_CS/bcup/dataconnect`: lstat /Users/mayamarkus-malone/Documents/Personal_CS/bcup/dataconnect: no such file or directory
E0323 22:02:23.773369    2571 watch.go:40] Failed to load config from "/Users/mayamarkus-malone/Documents/Personal_CS/bcup/dataconnect": could not find dataconnect.yaml in `/Users/mayamarkus-malone/Documents/Personal_CS/bcup/dataconnect`
 {"metadata":{"emulator":{"name":"dataconnect"},"message":"E0323 22:02:23.773108    2571 watch.go:116] watchAllDir unable to walk dir `/Users/mayamarkus-malone/Documents/Personal_CS/bcup/dataconnect`: lstat /Users/mayamarkus-malone/Documents/Personal_CS/bcup/dataconnect: no such file or directory\nE0323 22:02:23.773369    2571 watch.go:40] Failed to load config from \"/Users/mayamarkus-malone/Documents/Personal_CS/bcup/dataconnect\": could not find dataconnect.yaml in `/Users/mayamarkus-malone/Documents/Personal_CS/bcup/dataconnect`\n"}}
[debug] [2026-03-24T02:02:33.773Z] E0323 22:02:33.773509    2571 watch.go:40] Failed to load config from "/Users/mayamarkus-malone/Documents/Personal_CS/bcup/dataconnect": could not find dataconnect.yaml in `/Users/mayamarkus-malone/Documents/Personal_CS/bcup/dataconnect`
 {"metadata":{"emulator":{"name":"dataconnect"},"message":"E0323 22:02:33.773509    2571 watch.go:40] Failed to load config from \"/Users/mayamarkus-malone/Documents/Personal_CS/bcup/dataconnect\": could not find dataconnect.yaml in `/Users/mayamarkus-malone/Documents/Personal_CS/bcup/dataconnect`\n"}}
[debug] [2026-03-24T02:02:43.773Z] E0323 22:02:43.772746    2571 watch.go:40] Failed to load config from "/Users/mayamarkus-malone/Documents/Personal_CS/bcup/dataconnect": could not find dataconnect.yaml in `/Users/mayamarkus-malone/Documents/Personal_CS/bcup/dataconnect`
 {"metadata":{"emulator":{"name":"dataconnect"},"message":"E0323 22:02:43.772746    2571 watch.go:40] Failed to load config from \"/Users/mayamarkus-malone/Documents/Personal_CS/bcup/dataconnect\": could not find dataconnect.yaml in `/Users/mayamarkus-malone/Documents/Personal_CS/bcup/dataconnect`\n"}}
[debug] [2026-03-24T02:02:53.772Z] E0323 22:02:53.772830    2571 watch.go:40] Failed to load config from "/Users/mayamarkus-malone/Documents/Personal_CS/bcup/dataconnect": could not find dataconnect.yaml in `/Users/mayamarkus-malone/Documents/Personal_CS/bcup/dataconnect`
 {"metadata":{"emulator":{"name":"dataconnect"},"message":"E0323 22:02:53.772830    2571 watch.go:40] Failed to load config from \"/Users/mayamarkus-malone/Documents/Personal_CS/bcup/dataconnect\": could not find dataconnect.yaml in `/Users/mayamarkus-malone/Documents/Personal_CS/bcup/dataconnect`\n"}}
[debug] [2026-03-24T02:03:03.773Z] E0323 22:03:03.773263    2571 watch.go:40] Failed to load config from "/Users/mayamarkus-malone/Documents/Personal_CS/bcup/dataconnect": could not find dataconnect.yaml in `/Users/mayamarkus-malone/Documents/Personal_CS/bcup/dataconnect`
 {"metadata":{"emulator":{"name":"dataconnect"},"message":"E0323 22:03:03.773263    2571 watch.go:40] Failed to load config from \"/Users/mayamarkus-malone/Documents/Personal_CS/bcup/dataconnect\": could not find dataconnect.yaml in `/Users/mayamarkus-malone/Documents/Personal_CS/bcup/dataconnect`\n"}}
[debug] [2026-03-24T02:03:13.775Z] E0323 22:03:13.775118    2571 watch.go:40] Failed to load config from "/Users/mayamarkus-malone/Documents/Personal_CS/bcup/dataconnect": could not find dataconnect.yaml in `/Users/mayamarkus-malone/Documents/Personal_CS/bcup/dataconnect`
 {"metadata":{"emulator":{"name":"dataconnect"},"message":"E0323 22:03:13.775118    2571 watch.go:40] Failed to load config from \"/Users/mayamarkus-malone/Documents/Personal_CS/bcup/dataconnect\": could not find dataconnect.yaml in `/Users/mayamarkus-malone/Documents/Personal_CS/bcup/dataconnect`\n"}}
[debug] [2026-03-24T02:03:23.774Z] E0323 22:03:23.773987    2571 watch.go:116] watchAllDir unable to walk dir `/Users/mayamarkus-malone/Documents/Personal_CS/bcup/dataconnect`: lstat /Users/mayamarkus-malone/Documents/Personal_CS/bcup/dataconnect: no such file or directory
E0323 22:03:23.774096    2571 watch.go:40] Failed to load config from "/Users/mayamarkus-malone/Documents/Personal_CS/bcup/dataconnect": could not find dataconnect.yaml in `/Users/mayamarkus-malone/Documents/Personal_CS/bcup/dataconnect`
 {"metadata":{"emulator":{"name":"dataconnect"},"message":"E0323 22:03:23.773987    2571 watch.go:116] watchAllDir unable to walk dir `/Users/mayamarkus-malone/Documents/Personal_CS/bcup/dataconnect`: lstat /Users/mayamarkus-malone/Documents/Personal_CS/bcup/dataconnect: no such file or directory\nE0323 22:03:23.774096    2571 watch.go:40] Failed to load config from \"/Users/mayamarkus-malone/Documents/Personal_CS/bcup/dataconnect\": could not find dataconnect.yaml in `/Users/mayamarkus-malone/Documents/Personal_CS/bcup/dataconnect`\n"}}
[debug] [2026-03-24T02:03:33.775Z] E0323 22:03:33.775284    2571 watch.go:40] Failed to load config from "/Users/mayamarkus-malone/Documents/Personal_CS/bcup/dataconnect": could not find dataconnect.yaml in `/Users/mayamarkus-malone/Documents/Personal_CS/bcup/dataconnect`
 {"metadata":{"emulator":{"name":"dataconnect"},"message":"E0323 22:03:33.775284    2571 watch.go:40] Failed to load config from \"/Users/mayamarkus-malone/Documents/Personal_CS/bcup/dataconnect\": could not find dataconnect.yaml in `/Users/mayamarkus-malone/Documents/Personal_CS/bcup/dataconnect`\n"}}
[debug] [2026-03-24T02:03:43.773Z] E0323 22:03:43.773651    2571 watch.go:40] Failed to load config from "/Users/mayamarkus-malone/Documents/Personal_CS/bcup/dataconnect": could not find dataconnect.yaml in `/Users/mayamarkus-malone/Documents/Personal_CS/bcup/dataconnect`
 {"metadata":{"emulator":{"name":"dataconnect"},"message":"E0323 22:03:43.773651    2571 watch.go:40] Failed to load config from \"/Users/mayamarkus-malone/Documents/Personal_CS/bcup/dataconnect\": could not find dataconnect.yaml in `/Users/mayamarkus-malone/Documents/Personal_CS/bcup/dataconnect`\n"}}
[debug] [2026-03-24T02:03:53.773Z] E0323 22:03:53.772828    2571 watch.go:40] Failed to load config from "/Users/mayamarkus-malone/Documents/Personal_CS/bcup/dataconnect": could not find dataconnect.yaml in `/Users/mayamarkus-malone/Documents/Personal_CS/bcup/dataconnect`
 {"metadata":{"emulator":{"name":"dataconnect"},"message":"E0323 22:03:53.772828    2571 watch.go:40] Failed to load config from \"/Users/mayamarkus-malone/Documents/Personal_CS/bcup/dataconnect\": could not find dataconnect.yaml in `/Users/mayamarkus-malone/Documents/Personal_CS/bcup/dataconnect`\n"}}
[debug] [2026-03-24T02:04:03.776Z] E0323 22:04:03.775617    2571 watch.go:40] Failed to load config from "/Users/mayamarkus-malone/Documents/Personal_CS/bcup/dataconnect": could not find dataconnect.yaml in `/Users/mayamarkus-malone/Documents/Personal_CS/bcup/dataconnect`
 {"metadata":{"emulator":{"name":"dataconnect"},"message":"E0323 22:04:03.775617    2571 watch.go:40] Failed to load config from \"/Users/mayamarkus-malone/Documents/Personal_CS/bcup/dataconnect\": could not find dataconnect.yaml in `/Users/mayamarkus-malone/Documents/Personal_CS/bcup/dataconnect`\n"}}
[debug] [2026-03-24T02:04:13.774Z] E0323 22:04:13.774133    2571 watch.go:40] Failed to load config from "/Users/mayamarkus-malone/Documents/Personal_CS/bcup/dataconnect": could not find dataconnect.yaml in `/Users/mayamarkus-malone/Documents/Personal_CS/bcup/dataconnect`
 {"metadata":{"emulator":{"name":"dataconnect"},"message":"E0323 22:04:13.774133    2571 watch.go:40] Failed to load config from \"/Users/mayamarkus-malone/Documents/Personal_CS/bcup/dataconnect\": could not find dataconnect.yaml in `/Users/mayamarkus-malone/Documents/Personal_CS/bcup/dataconnect`\n"}}
[debug] [2026-03-24T02:04:23.774Z] E0323 22:04:23.773908    2571 watch.go:40] Failed to load config from "/Users/mayamarkus-malone/Documents/Personal_CS/bcup/dataconnect": could not find dataconnect.yaml in `/Users/mayamarkus-malone/Documents/Personal_CS/bcup/dataconnect`
E0323 22:04:23.773898    2571 watch.go:116] watchAllDir unable to walk dir `/Users/mayamarkus-malone/Documents/Personal_CS/bcup/dataconnect`: lstat /Users/mayamarkus-malone/Documents/Personal_CS/bcup/dataconnect: no such file or directory
 {"metadata":{"emulator":{"name":"dataconnect"},"message":"E0323 22:04:23.773908    2571 watch.go:40] Failed to load config from \"/Users/mayamarkus-malone/Documents/Personal_CS/bcup/dataconnect\": could not find dataconnect.yaml in `/Users/mayamarkus-malone/Documents/Personal_CS/bcup/dataconnect`\nE0323 22:04:23.773898    2571 watch.go:116] watchAllDir unable to walk dir `/Users/mayamarkus-malone/Documents/Personal_CS/bcup/dataconnect`: lstat /Users/mayamarkus-malone/Documents/Personal_CS/bcup/dataconnect: no such file or directory\n"}}
[debug] [2026-03-24T02:04:33.773Z] E0323 22:04:33.773548    2571 watch.go:40] Failed to load config from "/Users/mayamarkus-malone/Documents/Personal_CS/bcup/dataconnect": could not find dataconnect.yaml in `/Users/mayamarkus-malone/Documents/Personal_CS/bcup/dataconnect`
 {"metadata":{"emulator":{"name":"dataconnect"},"message":"E0323 22:04:33.773548    2571 watch.go:40] Failed to load config from \"/Users/mayamarkus-malone/Documents/Personal_CS/bcup/dataconnect\": could not find dataconnect.yaml in `/Users/mayamarkus-malone/Documents/Personal_CS/bcup/dataconnect`\n"}}
[debug] [2026-03-24T02:04:43.774Z] E0323 22:04:43.774725    2571 watch.go:40] Failed to load config from "/Users/mayamarkus-malone/Documents/Personal_CS/bcup/dataconnect": could not find dataconnect.yaml in `/Users/mayamarkus-malone/Documents/Personal_CS/bcup/dataconnect`
 {"metadata":{"emulator":{"name":"dataconnect"},"message":"E0323 22:04:43.774725    2571 watch.go:40] Failed to load config from \"/Users/mayamarkus-malone/Documents/Personal_CS/bcup/dataconnect\": could not find dataconnect.yaml in `/Users/mayamarkus-malone/Documents/Personal_CS/bcup/dataconnect`\n"}}
[debug] [2026-03-24T02:04:53.773Z] E0323 22:04:53.772881    2571 watch.go:40] Failed to load config from "/Users/mayamarkus-malone/Documents/Personal_CS/bcup/dataconnect": could not find dataconnect.yaml in `/Users/mayamarkus-malone/Documents/Personal_CS/bcup/dataconnect`
 {"metadata":{"emulator":{"name":"dataconnect"},"message":"E0323 22:04:53.772881    2571 watch.go:40] Failed to load config from \"/Users/mayamarkus-malone/Documents/Personal_CS/bcup/dataconnect\": could not find dataconnect.yaml in `/Users/mayamarkus-malone/Documents/Personal_CS/bcup/dataconnect`\n"}}
[debug] [2026-03-24T02:05:03.774Z] E0323 22:05:03.773868    2571 watch.go:40] Failed to load config from "/Users/mayamarkus-malone/Documents/Personal_CS/bcup/dataconnect": could not find dataconnect.yaml in `/Users/mayamarkus-malone/Documents/Personal_CS/bcup/dataconnect`
 {"metadata":{"emulator":{"name":"dataconnect"},"message":"E0323 22:05:03.773868    2571 watch.go:40] Failed to load config from \"/Users/mayamarkus-malone/Documents/Personal_CS/bcup/dataconnect\": could not find dataconnect.yaml in `/Users/mayamarkus-malone/Documents/Personal_CS/bcup/dataconnect`\n"}}
[debug] [2026-03-24T02:05:13.773Z] E0323 22:05:13.773631    2571 watch.go:40] Failed to load config from "/Users/mayamarkus-malone/Documents/Personal_CS/bcup/dataconnect": could not find dataconnect.yaml in `/Users/mayamarkus-malone/Documents/Personal_CS/bcup/dataconnect`
 {"metadata":{"emulator":{"name":"dataconnect"},"message":"E0323 22:05:13.773631    2571 watch.go:40] Failed to load config from \"/Users/mayamarkus-malone/Documents/Personal_CS/bcup/dataconnect\": could not find dataconnect.yaml in `/Users/mayamarkus-malone/Documents/Personal_CS/bcup/dataconnect`\n"}}
[debug] [2026-03-24T02:05:23.773Z] E0323 22:05:23.773580    2571 watch.go:116] watchAllDir unable to walk dir `/Users/mayamarkus-malone/Documents/Personal_CS/bcup/dataconnect`: lstat /Users/mayamarkus-malone/Documents/Personal_CS/bcup/dataconnect: no such file or directory
E0323 22:05:23.773672    2571 watch.go:40] Failed to load config from "/Users/mayamarkus-malone/Documents/Personal_CS/bcup/dataconnect": could not find dataconnect.yaml in `/Users/mayamarkus-malone/Documents/Personal_CS/bcup/dataconnect`
 {"metadata":{"emulator":{"name":"dataconnect"},"message":"E0323 22:05:23.773580    2571 watch.go:116] watchAllDir unable to walk dir `/Users/mayamarkus-malone/Documents/Personal_CS/bcup/dataconnect`: lstat /Users/mayamarkus-malone/Documents/Personal_CS/bcup/dataconnect: no such file or directory\nE0323 22:05:23.773672    2571 watch.go:40] Failed to load config from \"/Users/mayamarkus-malone/Documents/Personal_CS/bcup/dataconnect\": could not find dataconnect.yaml in `/Users/mayamarkus-malone/Documents/Personal_CS/bcup/dataconnect`\n"}}
[debug] [2026-03-24T02:05:33.773Z] E0323 22:05:33.773558    2571 watch.go:40] Failed to load config from "/Users/mayamarkus-malone/Documents/Personal_CS/bcup/dataconnect": could not find dataconnect.yaml in `/Users/mayamarkus-malone/Documents/Personal_CS/bcup/dataconnect`
 {"metadata":{"emulator":{"name":"dataconnect"},"message":"E0323 22:05:33.773558    2571 watch.go:40] Failed to load config from \"/Users/mayamarkus-malone/Documents/Personal_CS/bcup/dataconnect\": could not find dataconnect.yaml in `/Users/mayamarkus-malone/Documents/Personal_CS/bcup/dataconnect`\n"}}
[debug] [2026-03-24T02:05:43.776Z] E0323 22:05:43.776648    2571 watch.go:40] Failed to load config from "/Users/mayamarkus-malone/Documents/Personal_CS/bcup/dataconnect": could not find dataconnect.yaml in `/Users/mayamarkus-malone/Documents/Personal_CS/bcup/dataconnect`
 {"metadata":{"emulator":{"name":"dataconnect"},"message":"E0323 22:05:43.776648    2571 watch.go:40] Failed to load config from \"/Users/mayamarkus-malone/Documents/Personal_CS/bcup/dataconnect\": could not find dataconnect.yaml in `/Users/mayamarkus-malone/Documents/Personal_CS/bcup/dataconnect`\n"}}
[debug] [2026-03-24T02:05:53.774Z] E0323 22:05:53.774172    2571 watch.go:40] Failed to load config from "/Users/mayamarkus-malone/Documents/Personal_CS/bcup/dataconnect": could not find dataconnect.yaml in `/Users/mayamarkus-malone/Documents/Personal_CS/bcup/dataconnect`
 {"metadata":{"emulator":{"name":"dataconnect"},"message":"E0323 22:05:53.774172    2571 watch.go:40] Failed to load config from \"/Users/mayamarkus-malone/Documents/Personal_CS/bcup/dataconnect\": could not find dataconnect.yaml in `/Users/mayamarkus-malone/Documents/Personal_CS/bcup/dataconnect`\n"}}
[debug] [2026-03-24T02:06:03.773Z] E0323 22:06:03.773671    2571 watch.go:40] Failed to load config from "/Users/mayamarkus-malone/Documents/Personal_CS/bcup/dataconnect": could not find dataconnect.yaml in `/Users/mayamarkus-malone/Documents/Personal_CS/bcup/dataconnect`
 {"metadata":{"emulator":{"name":"dataconnect"},"message":"E0323 22:06:03.773671    2571 watch.go:40] Failed to load config from \"/Users/mayamarkus-malone/Documents/Personal_CS/bcup/dataconnect\": could not find dataconnect.yaml in `/Users/mayamarkus-malone/Documents/Personal_CS/bcup/dataconnect`\n"}}
[debug] [2026-03-24T02:06:13.774Z] E0323 22:06:13.773921    2571 watch.go:40] Failed to load config from "/Users/mayamarkus-malone/Documents/Personal_CS/bcup/dataconnect": could not find dataconnect.yaml in `/Users/mayamarkus-malone/Documents/Personal_CS/bcup/dataconnect`
 {"metadata":{"emulator":{"name":"dataconnect"},"message":"E0323 22:06:13.773921    2571 watch.go:40] Failed to load config from \"/Users/mayamarkus-malone/Documents/Personal_CS/bcup/dataconnect\": could not find dataconnect.yaml in `/Users/mayamarkus-malone/Documents/Personal_CS/bcup/dataconnect`\n"}}
[debug] [2026-03-24T02:06:23.774Z] E0323 22:06:23.774144    2571 watch.go:40] Failed to load config from "/Users/mayamarkus-malone/Documents/Personal_CS/bcup/dataconnect": could not find dataconnect.yaml in `/Users/mayamarkus-malone/Documents/Personal_CS/bcup/dataconnect`
E0323 22:06:23.774032    2571 watch.go:116] watchAllDir unable to walk dir `/Users/mayamarkus-malone/Documents/Personal_CS/bcup/dataconnect`: lstat /Users/mayamarkus-malone/Documents/Personal_CS/bcup/dataconnect: no such file or directory
 {"metadata":{"emulator":{"name":"dataconnect"},"message":"E0323 22:06:23.774144    2571 watch.go:40] Failed to load config from \"/Users/mayamarkus-malone/Documents/Personal_CS/bcup/dataconnect\": could not find dataconnect.yaml in `/Users/mayamarkus-malone/Documents/Personal_CS/bcup/dataconnect`\nE0323 22:06:23.774032    2571 watch.go:116] watchAllDir unable to walk dir `/Users/mayamarkus-malone/Documents/Personal_CS/bcup/dataconnect`: lstat /Users/mayamarkus-malone/Documents/Personal_CS/bcup/dataconnect: no such file or directory\n"}}
[debug] [2026-03-24T02:06:33.773Z] E0323 22:06:33.773709    2571 watch.go:40] Failed to load config from "/Users/mayamarkus-malone/Documents/Personal_CS/bcup/dataconnect": could not find dataconnect.yaml in `/Users/mayamarkus-malone/Documents/Personal_CS/bcup/dataconnect`
 {"metadata":{"emulator":{"name":"dataconnect"},"message":"E0323 22:06:33.773709    2571 watch.go:40] Failed to load config from \"/Users/mayamarkus-malone/Documents/Personal_CS/bcup/dataconnect\": could not find dataconnect.yaml in `/Users/mayamarkus-malone/Documents/Personal_CS/bcup/dataconnect`\n"}}
[debug] [2026-03-24T02:06:43.773Z] E0323 22:06:43.773613    2571 watch.go:40] Failed to load config from "/Users/mayamarkus-malone/Documents/Personal_CS/bcup/dataconnect": could not find dataconnect.yaml in `/Users/mayamarkus-malone/Documents/Personal_CS/bcup/dataconnect`
 {"metadata":{"emulator":{"name":"dataconnect"},"message":"E0323 22:06:43.773613    2571 watch.go:40] Failed to load config from \"/Users/mayamarkus-malone/Documents/Personal_CS/bcup/dataconnect\": could not find dataconnect.yaml in `/Users/mayamarkus-malone/Documents/Personal_CS/bcup/dataconnect`\n"}}
[debug] [2026-03-24T02:06:53.775Z] E0323 22:06:53.774759    2571 watch.go:40] Failed to load config from "/Users/mayamarkus-malone/Documents/Personal_CS/bcup/dataconnect": could not find dataconnect.yaml in `/Users/mayamarkus-malone/Documents/Personal_CS/bcup/dataconnect`
 {"metadata":{"emulator":{"name":"dataconnect"},"message":"E0323 22:06:53.774759    2571 watch.go:40] Failed to load config from \"/Users/mayamarkus-malone/Documents/Personal_CS/bcup/dataconnect\": could not find dataconnect.yaml in `/Users/mayamarkus-malone/Documents/Personal_CS/bcup/dataconnect`\n"}}
[debug] [2026-03-24T02:07:03.773Z] E0323 22:07:03.773543    2571 watch.go:40] Failed to load config from "/Users/mayamarkus-malone/Documents/Personal_CS/bcup/dataconnect": could not find dataconnect.yaml in `/Users/mayamarkus-malone/Documents/Personal_CS/bcup/dataconnect`
 {"metadata":{"emulator":{"name":"dataconnect"},"message":"E0323 22:07:03.773543    2571 watch.go:40] Failed to load config from \"/Users/mayamarkus-malone/Documents/Personal_CS/bcup/dataconnect\": could not find dataconnect.yaml in `/Users/mayamarkus-malone/Documents/Personal_CS/bcup/dataconnect`\n"}}
[debug] [2026-03-24T02:07:13.778Z] E0323 22:07:13.778473    2571 watch.go:40] Failed to load config from "/Users/mayamarkus-malone/Documents/Personal_CS/bcup/dataconnect": could not find dataconnect.yaml in `/Users/mayamarkus-malone/Documents/Personal_CS/bcup/dataconnect`
 {"metadata":{"emulator":{"name":"dataconnect"},"message":"E0323 22:07:13.778473    2571 watch.go:40] Failed to load config from \"/Users/mayamarkus-malone/Documents/Personal_CS/bcup/dataconnect\": could not find dataconnect.yaml in `/Users/mayamarkus-malone/Documents/Personal_CS/bcup/dataconnect`\n"}}
[debug] [2026-03-24T02:07:23.773Z] E0323 22:07:23.773012    2571 watch.go:116] watchAllDir unable to walk dir `/Users/mayamarkus-malone/Documents/Personal_CS/bcup/dataconnect`: lstat /Users/mayamarkus-malone/Documents/Personal_CS/bcup/dataconnect: no such file or directory
E0323 22:07:23.773029    2571 watch.go:40] Failed to load config from "/Users/mayamarkus-malone/Documents/Personal_CS/bcup/dataconnect": could not find dataconnect.yaml in `/Users/mayamarkus-malone/Documents/Personal_CS/bcup/dataconnect`
 {"metadata":{"emulator":{"name":"dataconnect"},"message":"E0323 22:07:23.773012    2571 watch.go:116] watchAllDir unable to walk dir `/Users/mayamarkus-malone/Documents/Personal_CS/bcup/dataconnect`: lstat /Users/mayamarkus-malone/Documents/Personal_CS/bcup/dataconnect: no such file or directory\nE0323 22:07:23.773029    2571 watch.go:40] Failed to load config from \"/Users/mayamarkus-malone/Documents/Personal_CS/bcup/dataconnect\": could not find dataconnect.yaml in `/Users/mayamarkus-malone/Documents/Personal_CS/bcup/dataconnect`\n"}}
[debug] [2026-03-24T02:07:33.773Z] E0323 22:07:33.773489    2571 watch.go:40] Failed to load config from "/Users/mayamarkus-malone/Documents/Personal_CS/bcup/dataconnect": could not find dataconnect.yaml in `/Users/mayamarkus-malone/Documents/Personal_CS/bcup/dataconnect`
 {"metadata":{"emulator":{"name":"dataconnect"},"message":"E0323 22:07:33.773489    2571 watch.go:40] Failed to load config from \"/Users/mayamarkus-malone/Documents/Personal_CS/bcup/dataconnect\": could not find dataconnect.yaml in `/Users/mayamarkus-malone/Documents/Personal_CS/bcup/dataconnect`\n"}}
[debug] [2026-03-24T02:07:43.773Z] E0323 22:07:43.773628    2571 watch.go:40] Failed to load config from "/Users/mayamarkus-malone/Documents/Personal_CS/bcup/dataconnect": could not find dataconnect.yaml in `/Users/mayamarkus-malone/Documents/Personal_CS/bcup/dataconnect`
 {"metadata":{"emulator":{"name":"dataconnect"},"message":"E0323 22:07:43.773628    2571 watch.go:40] Failed to load config from \"/Users/mayamarkus-malone/Documents/Personal_CS/bcup/dataconnect\": could not find dataconnect.yaml in `/Users/mayamarkus-malone/Documents/Personal_CS/bcup/dataconnect`\n"}}
[debug] [2026-03-24T02:07:53.774Z] E0323 22:07:53.774722    2571 watch.go:40] Failed to load config from "/Users/mayamarkus-malone/Documents/Personal_CS/bcup/dataconnect": could not find dataconnect.yaml in `/Users/mayamarkus-malone/Documents/Personal_CS/bcup/dataconnect`
 {"metadata":{"emulator":{"name":"dataconnect"},"message":"E0323 22:07:53.774722    2571 watch.go:40] Failed to load config from \"/Users/mayamarkus-malone/Documents/Personal_CS/bcup/dataconnect\": could not find dataconnect.yaml in `/Users/mayamarkus-malone/Documents/Personal_CS/bcup/dataconnect`\n"}}
[debug] [2026-03-24T02:08:03.773Z] E0323 22:08:03.773596    2571 watch.go:40] Failed to load config from "/Users/mayamarkus-malone/Documents/Personal_CS/bcup/dataconnect": could not find dataconnect.yaml in `/Users/mayamarkus-malone/Documents/Personal_CS/bcup/dataconnect`
 {"metadata":{"emulator":{"name":"dataconnect"},"message":"E0323 22:08:03.773596    2571 watch.go:40] Failed to load config from \"/Users/mayamarkus-malone/Documents/Personal_CS/bcup/dataconnect\": could not find dataconnect.yaml in `/Users/mayamarkus-malone/Documents/Personal_CS/bcup/dataconnect`\n"}}
[debug] [2026-03-24T02:08:13.772Z] E0323 22:08:13.771962    2571 watch.go:40] Failed to load config from "/Users/mayamarkus-malone/Documents/Personal_CS/bcup/dataconnect": could not find dataconnect.yaml in `/Users/mayamarkus-malone/Documents/Personal_CS/bcup/dataconnect`
 {"metadata":{"emulator":{"name":"dataconnect"},"message":"E0323 22:08:13.771962    2571 watch.go:40] Failed to load config from \"/Users/mayamarkus-malone/Documents/Personal_CS/bcup/dataconnect\": could not find dataconnect.yaml in `/Users/mayamarkus-malone/Documents/Personal_CS/bcup/dataconnect`\n"}}
[debug] [2026-03-24T02:08:23.771Z] E0323 22:08:23.770899    2571 watch.go:116] watchAllDir unable to walk dir `/Users/mayamarkus-malone/Documents/Personal_CS/bcup/dataconnect`: lstat /Users/mayamarkus-malone/Documents/Personal_CS/bcup/dataconnect: no such file or directory
E0323 22:08:23.770938    2571 watch.go:40] Failed to load config from "/Users/mayamarkus-malone/Documents/Personal_CS/bcup/dataconnect": could not find dataconnect.yaml in `/Users/mayamarkus-malone/Documents/Personal_CS/bcup/dataconnect`
 {"metadata":{"emulator":{"name":"dataconnect"},"message":"E0323 22:08:23.770899    2571 watch.go:116] watchAllDir unable to walk dir `/Users/mayamarkus-malone/Documents/Personal_CS/bcup/dataconnect`: lstat /Users/mayamarkus-malone/Documents/Personal_CS/bcup/dataconnect: no such file or directory\nE0323 22:08:23.770938    2571 watch.go:40] Failed to load config from \"/Users/mayamarkus-malone/Documents/Personal_CS/bcup/dataconnect\": could not find dataconnect.yaml in `/Users/mayamarkus-malone/Documents/Personal_CS/bcup/dataconnect`\n"}}
[debug] [2026-03-24T02:08:33.770Z] E0323 22:08:33.770560    2571 watch.go:40] Failed to load config from "/Users/mayamarkus-malone/Documents/Personal_CS/bcup/dataconnect": could not find dataconnect.yaml in `/Users/mayamarkus-malone/Documents/Personal_CS/bcup/dataconnect`
 {"metadata":{"emulator":{"name":"dataconnect"},"message":"E0323 22:08:33.770560    2571 watch.go:40] Failed to load config from \"/Users/mayamarkus-malone/Documents/Personal_CS/bcup/dataconnect\": could not find dataconnect.yaml in `/Users/mayamarkus-malone/Documents/Personal_CS/bcup/dataconnect`\n"}}
[debug] [2026-03-24T02:08:43.771Z] E0323 22:08:43.771037    2571 watch.go:40] Failed to load config from "/Users/mayamarkus-malone/Documents/Personal_CS/bcup/dataconnect": could not find dataconnect.yaml in `/Users/mayamarkus-malone/Documents/Personal_CS/bcup/dataconnect`
 {"metadata":{"emulator":{"name":"dataconnect"},"message":"E0323 22:08:43.771037    2571 watch.go:40] Failed to load config from \"/Users/mayamarkus-malone/Documents/Personal_CS/bcup/dataconnect\": could not find dataconnect.yaml in `/Users/mayamarkus-malone/Documents/Personal_CS/bcup/dataconnect`\n"}}
[debug] [2026-03-24T02:08:53.770Z] E0323 22:08:53.770570    2571 watch.go:40] Failed to load config from "/Users/mayamarkus-malone/Documents/Personal_CS/bcup/dataconnect": could not find dataconnect.yaml in `/Users/mayamarkus-malone/Documents/Personal_CS/bcup/dataconnect`
 {"metadata":{"emulator":{"name":"dataconnect"},"message":"E0323 22:08:53.770570    2571 watch.go:40] Failed to load config from \"/Users/mayamarkus-malone/Documents/Personal_CS/bcup/dataconnect\": could not find dataconnect.yaml in `/Users/mayamarkus-malone/Documents/Personal_CS/bcup/dataconnect`\n"}}
[debug] [2026-03-24T02:09:03.770Z] E0323 22:09:03.770547    2571 watch.go:40] Failed to load config from "/Users/mayamarkus-malone/Documents/Personal_CS/bcup/dataconnect": could not find dataconnect.yaml in `/Users/mayamarkus-malone/Documents/Personal_CS/bcup/dataconnect`
 {"metadata":{"emulator":{"name":"dataconnect"},"message":"E0323 22:09:03.770547    2571 watch.go:40] Failed to load config from \"/Users/mayamarkus-malone/Documents/Personal_CS/bcup/dataconnect\": could not find dataconnect.yaml in `/Users/mayamarkus-malone/Documents/Personal_CS/bcup/dataconnect`\n"}}
[debug] [2026-03-24T02:09:13.770Z] E0323 22:09:13.770442    2571 watch.go:40] Failed to load config from "/Users/mayamarkus-malone/Documents/Personal_CS/bcup/dataconnect": could not find dataconnect.yaml in `/Users/mayamarkus-malone/Documents/Personal_CS/bcup/dataconnect`
 {"metadata":{"emulator":{"name":"dataconnect"},"message":"E0323 22:09:13.770442    2571 watch.go:40] Failed to load config from \"/Users/mayamarkus-malone/Documents/Personal_CS/bcup/dataconnect\": could not find dataconnect.yaml in `/Users/mayamarkus-malone/Documents/Personal_CS/bcup/dataconnect`\n"}}
[debug] [2026-03-24T02:09:23.770Z] E0323 22:09:23.770500    2571 watch.go:116] watchAllDir unable to walk dir `/Users/mayamarkus-malone/Documents/Personal_CS/bcup/dataconnect`: lstat /Users/mayamarkus-malone/Documents/Personal_CS/bcup/dataconnect: no such file or directory
 {"metadata":{"emulator":{"name":"dataconnect"},"message":"E0323 22:09:23.770500    2571 watch.go:116] watchAllDir unable to walk dir `/Users/mayamarkus-malone/Documents/Personal_CS/bcup/dataconnect`: lstat /Users/mayamarkus-malone/Documents/Personal_CS/bcup/dataconnect: no such file or directory\n"}}
[debug] [2026-03-24T02:09:23.771Z] E0323 22:09:23.771355    2571 watch.go:40] Failed to load config from "/Users/mayamarkus-malone/Documents/Personal_CS/bcup/dataconnect": could not find dataconnect.yaml in `/Users/mayamarkus-malone/Documents/Personal_CS/bcup/dataconnect`
 {"metadata":{"emulator":{"name":"dataconnect"},"message":"E0323 22:09:23.771355    2571 watch.go:40] Failed to load config from \"/Users/mayamarkus-malone/Documents/Personal_CS/bcup/dataconnect\": could not find dataconnect.yaml in `/Users/mayamarkus-malone/Documents/Personal_CS/bcup/dataconnect`\n"}}
[debug] [2026-03-24T02:09:33.770Z] E0323 22:09:33.770372    2571 watch.go:40] Failed to load config from "/Users/mayamarkus-malone/Documents/Personal_CS/bcup/dataconnect": could not find dataconnect.yaml in `/Users/mayamarkus-malone/Documents/Personal_CS/bcup/dataconnect`
 {"metadata":{"emulator":{"name":"dataconnect"},"message":"E0323 22:09:33.770372    2571 watch.go:40] Failed to load config from \"/Users/mayamarkus-malone/Documents/Personal_CS/bcup/dataconnect\": could not find dataconnect.yaml in `/Users/mayamarkus-malone/Documents/Personal_CS/bcup/dataconnect`\n"}}
[debug] [2026-03-24T02:09:43.770Z] E0323 22:09:43.770459    2571 watch.go:40] Failed to load config from "/Users/mayamarkus-malone/Documents/Personal_CS/bcup/dataconnect": could not find dataconnect.yaml in `/Users/mayamarkus-malone/Documents/Personal_CS/bcup/dataconnect`
 {"metadata":{"emulator":{"name":"dataconnect"},"message":"E0323 22:09:43.770459    2571 watch.go:40] Failed to load config from \"/Users/mayamarkus-malone/Documents/Personal_CS/bcup/dataconnect\": could not find dataconnect.yaml in `/Users/mayamarkus-malone/Documents/Personal_CS/bcup/dataconnect`\n"}}
[debug] [2026-03-24T02:09:53.770Z] E0323 22:09:53.769900    2571 watch.go:40] Failed to load config from "/Users/mayamarkus-malone/Documents/Personal_CS/bcup/dataconnect": could not find dataconnect.yaml in `/Users/mayamarkus-malone/Documents/Personal_CS/bcup/dataconnect`
 {"metadata":{"emulator":{"name":"dataconnect"},"message":"E0323 22:09:53.769900    2571 watch.go:40] Failed to load config from \"/Users/mayamarkus-malone/Documents/Personal_CS/bcup/dataconnect\": could not find dataconnect.yaml in `/Users/mayamarkus-malone/Documents/Personal_CS/bcup/dataconnect`\n"}}
[debug] [2026-03-24T02:10:03.771Z] E0323 22:10:03.771262    2571 watch.go:40] Failed to load config from "/Users/mayamarkus-malone/Documents/Personal_CS/bcup/dataconnect": could not find dataconnect.yaml in `/Users/mayamarkus-malone/Documents/Personal_CS/bcup/dataconnect`
 {"metadata":{"emulator":{"name":"dataconnect"},"message":"E0323 22:10:03.771262    2571 watch.go:40] Failed to load config from \"/Users/mayamarkus-malone/Documents/Personal_CS/bcup/dataconnect\": could not find dataconnect.yaml in `/Users/mayamarkus-malone/Documents/Personal_CS/bcup/dataconnect`\n"}}
[debug] [2026-03-24T02:10:13.770Z] E0323 22:10:13.770555    2571 watch.go:40] Failed to load config from "/Users/mayamarkus-malone/Documents/Personal_CS/bcup/dataconnect": could not find dataconnect.yaml in `/Users/mayamarkus-malone/Documents/Personal_CS/bcup/dataconnect`
 {"metadata":{"emulator":{"name":"dataconnect"},"message":"E0323 22:10:13.770555    2571 watch.go:40] Failed to load config from \"/Users/mayamarkus-malone/Documents/Personal_CS/bcup/dataconnect\": could not find dataconnect.yaml in `/Users/mayamarkus-malone/Documents/Personal_CS/bcup/dataconnect`\n"}}
[debug] [2026-03-24T02:10:23.770Z] E0323 22:10:23.770575    2571 watch.go:40] Failed to load config from "/Users/mayamarkus-malone/Documents/Personal_CS/bcup/dataconnect": could not find dataconnect.yaml in `/Users/mayamarkus-malone/Documents/Personal_CS/bcup/dataconnect`
E0323 22:10:23.770490    2571 watch.go:116] watchAllDir unable to walk dir `/Users/mayamarkus-malone/Documents/Personal_CS/bcup/dataconnect`: lstat /Users/mayamarkus-malone/Documents/Personal_CS/bcup/dataconnect: no such file or directory
 {"metadata":{"emulator":{"name":"dataconnect"},"message":"E0323 22:10:23.770575    2571 watch.go:40] Failed to load config from \"/Users/mayamarkus-malone/Documents/Personal_CS/bcup/dataconnect\": could not find dataconnect.yaml in `/Users/mayamarkus-malone/Documents/Personal_CS/bcup/dataconnect`\nE0323 22:10:23.770490    2571 watch.go:116] watchAllDir unable to walk dir `/Users/mayamarkus-malone/Documents/Personal_CS/bcup/dataconnect`: lstat /Users/mayamarkus-malone/Documents/Personal_CS/bcup/dataconnect: no such file or directory\n"}}
[debug] [2026-03-24T02:10:33.770Z] E0323 22:10:33.770478    2571 watch.go:40] Failed to load config from "/Users/mayamarkus-malone/Documents/Personal_CS/bcup/dataconnect": could not find dataconnect.yaml in `/Users/mayamarkus-malone/Documents/Personal_CS/bcup/dataconnect`
 {"metadata":{"emulator":{"name":"dataconnect"},"message":"E0323 22:10:33.770478    2571 watch.go:40] Failed to load config from \"/Users/mayamarkus-malone/Documents/Personal_CS/bcup/dataconnect\": could not find dataconnect.yaml in `/Users/mayamarkus-malone/Documents/Personal_CS/bcup/dataconnect`\n"}}
[debug] [2026-03-24T02:10:43.770Z] E0323 22:10:43.770597    2571 watch.go:40] Failed to load config from "/Users/mayamarkus-malone/Documents/Personal_CS/bcup/dataconnect": could not find dataconnect.yaml in `/Users/mayamarkus-malone/Documents/Personal_CS/bcup/dataconnect`
 {"metadata":{"emulator":{"name":"dataconnect"},"message":"E0323 22:10:43.770597    2571 watch.go:40] Failed to load config from \"/Users/mayamarkus-malone/Documents/Personal_CS/bcup/dataconnect\": could not find dataconnect.yaml in `/Users/mayamarkus-malone/Documents/Personal_CS/bcup/dataconnect`\n"}}
[debug] [2026-03-24T02:10:53.770Z] E0323 22:10:53.770382    2571 watch.go:40] Failed to load config from "/Users/mayamarkus-malone/Documents/Personal_CS/bcup/dataconnect": could not find dataconnect.yaml in `/Users/mayamarkus-malone/Documents/Personal_CS/bcup/dataconnect`
 {"metadata":{"emulator":{"name":"dataconnect"},"message":"E0323 22:10:53.770382    2571 watch.go:40] Failed to load config from \"/Users/mayamarkus-malone/Documents/Personal_CS/bcup/dataconnect\": could not find dataconnect.yaml in `/Users/mayamarkus-malone/Documents/Personal_CS/bcup/dataconnect`\n"}}
[debug] [2026-03-24T02:11:03.770Z] E0323 22:11:03.770465    2571 watch.go:40] Failed to load config from "/Users/mayamarkus-malone/Documents/Personal_CS/bcup/dataconnect": could not find dataconnect.yaml in `/Users/mayamarkus-malone/Documents/Personal_CS/bcup/dataconnect`
 {"metadata":{"emulator":{"name":"dataconnect"},"message":"E0323 22:11:03.770465    2571 watch.go:40] Failed to load config from \"/Users/mayamarkus-malone/Documents/Personal_CS/bcup/dataconnect\": could not find dataconnect.yaml in `/Users/mayamarkus-malone/Documents/Personal_CS/bcup/dataconnect`\n"}}
[debug] [2026-03-24T02:11:13.770Z] E0323 22:11:13.770440    2571 watch.go:40] Failed to load config from "/Users/mayamarkus-malone/Documents/Personal_CS/bcup/dataconnect": could not find dataconnect.yaml in `/Users/mayamarkus-malone/Documents/Personal_CS/bcup/dataconnect`
 {"metadata":{"emulator":{"name":"dataconnect"},"message":"E0323 22:11:13.770440    2571 watch.go:40] Failed to load config from \"/Users/mayamarkus-malone/Documents/Personal_CS/bcup/dataconnect\": could not find dataconnect.yaml in `/Users/mayamarkus-malone/Documents/Personal_CS/bcup/dataconnect`\n"}}
[debug] [2026-03-24T02:11:23.772Z] E0323 22:11:23.772060    2571 watch.go:116] watchAllDir unable to walk dir `/Users/mayamarkus-malone/Documents/Personal_CS/bcup/dataconnect`: lstat /Users/mayamarkus-malone/Documents/Personal_CS/bcup/dataconnect: no such file or directory
E0323 22:11:23.772219    2571 watch.go:40] Failed to load config from "/Users/mayamarkus-malone/Documents/Personal_CS/bcup/dataconnect": could not find dataconnect.yaml in `/Users/mayamarkus-malone/Documents/Personal_CS/bcup/dataconnect`
 {"metadata":{"emulator":{"name":"dataconnect"},"message":"E0323 22:11:23.772060    2571 watch.go:116] watchAllDir unable to walk dir `/Users/mayamarkus-malone/Documents/Personal_CS/bcup/dataconnect`: lstat /Users/mayamarkus-malone/Documents/Personal_CS/bcup/dataconnect: no such file or directory\nE0323 22:11:23.772219    2571 watch.go:40] Failed to load config from \"/Users/mayamarkus-malone/Documents/Personal_CS/bcup/dataconnect\": could not find dataconnect.yaml in `/Users/mayamarkus-malone/Documents/Personal_CS/bcup/dataconnect`\n"}}
[debug] [2026-03-24T02:11:33.771Z] E0323 22:11:33.770929    2571 watch.go:40] Failed to load config from "/Users/mayamarkus-malone/Documents/Personal_CS/bcup/dataconnect": could not find dataconnect.yaml in `/Users/mayamarkus-malone/Documents/Personal_CS/bcup/dataconnect`
 {"metadata":{"emulator":{"name":"dataconnect"},"message":"E0323 22:11:33.770929    2571 watch.go:40] Failed to load config from \"/Users/mayamarkus-malone/Documents/Personal_CS/bcup/dataconnect\": could not find dataconnect.yaml in `/Users/mayamarkus-malone/Documents/Personal_CS/bcup/dataconnect`\n"}}
[debug] [2026-03-24T02:11:43.772Z] E0323 22:11:43.770515    2571 watch.go:40] Failed to load config from "/Users/mayamarkus-malone/Documents/Personal_CS/bcup/dataconnect": could not find dataconnect.yaml in `/Users/mayamarkus-malone/Documents/Personal_CS/bcup/dataconnect`
 {"metadata":{"emulator":{"name":"dataconnect"},"message":"E0323 22:11:43.770515    2571 watch.go:40] Failed to load config from \"/Users/mayamarkus-malone/Documents/Personal_CS/bcup/dataconnect\": could not find dataconnect.yaml in `/Users/mayamarkus-malone/Documents/Personal_CS/bcup/dataconnect`\n"}}
[debug] [2026-03-24T02:11:53.771Z] E0323 22:11:53.770830    2571 watch.go:40] Failed to load config from "/Users/mayamarkus-malone/Documents/Personal_CS/bcup/dataconnect": could not find dataconnect.yaml in `/Users/mayamarkus-malone/Documents/Personal_CS/bcup/dataconnect`
 {"metadata":{"emulator":{"name":"dataconnect"},"message":"E0323 22:11:53.770830    2571 watch.go:40] Failed to load config from \"/Users/mayamarkus-malone/Documents/Personal_CS/bcup/dataconnect\": could not find dataconnect.yaml in `/Users/mayamarkus-malone/Documents/Personal_CS/bcup/dataconnect`\n"}}
[debug] [2026-03-24T02:12:03.770Z] E0323 22:12:03.770618    2571 watch.go:40] Failed to load config from "/Users/mayamarkus-malone/Documents/Personal_CS/bcup/dataconnect": could not find dataconnect.yaml in `/Users/mayamarkus-malone/Documents/Personal_CS/bcup/dataconnect`
 {"metadata":{"emulator":{"name":"dataconnect"},"message":"E0323 22:12:03.770618    2571 watch.go:40] Failed to load config from \"/Users/mayamarkus-malone/Documents/Personal_CS/bcup/dataconnect\": could not find dataconnect.yaml in `/Users/mayamarkus-malone/Documents/Personal_CS/bcup/dataconnect`\n"}}
[debug] [2026-03-24T02:12:13.771Z] E0323 22:12:13.771124    2571 watch.go:40] Failed to load config from "/Users/mayamarkus-malone/Documents/Personal_CS/bcup/dataconnect": could not find dataconnect.yaml in `/Users/mayamarkus-malone/Documents/Personal_CS/bcup/dataconnect`
 {"metadata":{"emulator":{"name":"dataconnect"},"message":"E0323 22:12:13.771124    2571 watch.go:40] Failed to load config from \"/Users/mayamarkus-malone/Documents/Personal_CS/bcup/dataconnect\": could not find dataconnect.yaml in `/Users/mayamarkus-malone/Documents/Personal_CS/bcup/dataconnect`\n"}}
[debug] [2026-03-24T02:12:23.771Z] E0323 22:12:23.770528    2571 watch.go:40] Failed to load config from "/Users/mayamarkus-malone/Documents/Personal_CS/bcup/dataconnect": could not find dataconnect.yaml in `/Users/mayamarkus-malone/Documents/Personal_CS/bcup/dataconnect`
 {"metadata":{"emulator":{"name":"dataconnect"},"message":"E0323 22:12:23.770528    2571 watch.go:40] Failed to load config from \"/Users/mayamarkus-malone/Documents/Personal_CS/bcup/dataconnect\": could not find dataconnect.yaml in `/Users/mayamarkus-malone/Documents/Personal_CS/bcup/dataconnect`\n"}}
[debug] [2026-03-24T02:12:23.773Z] E0323 22:12:23.770501    2571 watch.go:116] watchAllDir unable to walk dir `/Users/mayamarkus-malone/Documents/Personal_CS/bcup/dataconnect`: lstat /Users/mayamarkus-malone/Documents/Personal_CS/bcup/dataconnect: no such file or directory
 {"metadata":{"emulator":{"name":"dataconnect"},"message":"E0323 22:12:23.770501    2571 watch.go:116] watchAllDir unable to walk dir `/Users/mayamarkus-malone/Documents/Personal_CS/bcup/dataconnect`: lstat /Users/mayamarkus-malone/Documents/Personal_CS/bcup/dataconnect: no such file or directory\n"}}
[debug] [2026-03-24T02:12:33.771Z] E0323 22:12:33.770679    2571 watch.go:40] Failed to load config from "/Users/mayamarkus-malone/Documents/Personal_CS/bcup/dataconnect": could not find dataconnect.yaml in `/Users/mayamarkus-malone/Documents/Personal_CS/bcup/dataconnect`
 {"metadata":{"emulator":{"name":"dataconnect"},"message":"E0323 22:12:33.770679    2571 watch.go:40] Failed to load config from \"/Users/mayamarkus-malone/Documents/Personal_CS/bcup/dataconnect\": could not find dataconnect.yaml in `/Users/mayamarkus-malone/Documents/Personal_CS/bcup/dataconnect`\n"}}
[debug] [2026-03-24T02:12:43.771Z] E0323 22:12:43.770850    2571 watch.go:40] Failed to load config from "/Users/mayamarkus-malone/Documents/Personal_CS/bcup/dataconnect": could not find dataconnect.yaml in `/Users/mayamarkus-malone/Documents/Personal_CS/bcup/dataconnect`
 {"metadata":{"emulator":{"name":"dataconnect"},"message":"E0323 22:12:43.770850    2571 watch.go:40] Failed to load config from \"/Users/mayamarkus-malone/Documents/Personal_CS/bcup/dataconnect\": could not find dataconnect.yaml in `/Users/mayamarkus-malone/Documents/Personal_CS/bcup/dataconnect`\n"}}
[debug] [2026-03-24T02:12:53.772Z] E0323 22:12:53.771753    2571 watch.go:40] Failed to load config from "/Users/mayamarkus-malone/Documents/Personal_CS/bcup/dataconnect": could not find dataconnect.yaml in `/Users/mayamarkus-malone/Documents/Personal_CS/bcup/dataconnect`
 {"metadata":{"emulator":{"name":"dataconnect"},"message":"E0323 22:12:53.771753    2571 watch.go:40] Failed to load config from \"/Users/mayamarkus-malone/Documents/Personal_CS/bcup/dataconnect\": could not find dataconnect.yaml in `/Users/mayamarkus-malone/Documents/Personal_CS/bcup/dataconnect`\n"}}
[debug] [2026-03-24T02:13:03.771Z] E0323 22:13:03.771533    2571 watch.go:40] Failed to load config from "/Users/mayamarkus-malone/Documents/Personal_CS/bcup/dataconnect": could not find dataconnect.yaml in `/Users/mayamarkus-malone/Documents/Personal_CS/bcup/dataconnect`
 {"metadata":{"emulator":{"name":"dataconnect"},"message":"E0323 22:13:03.771533    2571 watch.go:40] Failed to load config from \"/Users/mayamarkus-malone/Documents/Personal_CS/bcup/dataconnect\": could not find dataconnect.yaml in `/Users/mayamarkus-malone/Documents/Personal_CS/bcup/dataconnect`\n"}}
[debug] [2026-03-24T02:13:13.771Z] E0323 22:13:13.770871    2571 watch.go:40] Failed to load config from "/Users/mayamarkus-malone/Documents/Personal_CS/bcup/dataconnect": could not find dataconnect.yaml in `/Users/mayamarkus-malone/Documents/Personal_CS/bcup/dataconnect`
 {"metadata":{"emulator":{"name":"dataconnect"},"message":"E0323 22:13:13.770871    2571 watch.go:40] Failed to load config from \"/Users/mayamarkus-malone/Documents/Personal_CS/bcup/dataconnect\": could not find dataconnect.yaml in `/Users/mayamarkus-malone/Documents/Personal_CS/bcup/dataconnect`\n"}}
[debug] [2026-03-24T02:13:23.770Z] E0323 22:13:23.770178    2571 watch.go:40] Failed to load config from "/Users/mayamarkus-malone/Documents/Personal_CS/bcup/dataconnect": could not find dataconnect.yaml in `/Users/mayamarkus-malone/Documents/Personal_CS/bcup/dataconnect`
 {"metadata":{"emulator":{"name":"dataconnect"},"message":"E0323 22:13:23.770178    2571 watch.go:40] Failed to load config from \"/Users/mayamarkus-malone/Documents/Personal_CS/bcup/dataconnect\": could not find dataconnect.yaml in `/Users/mayamarkus-malone/Documents/Personal_CS/bcup/dataconnect`\n"}}
[debug] [2026-03-24T02:13:23.772Z] E0323 22:13:23.770305    2571 watch.go:116] watchAllDir unable to walk dir `/Users/mayamarkus-malone/Documents/Personal_CS/bcup/dataconnect`: lstat /Users/mayamarkus-malone/Documents/Personal_CS/bcup/dataconnect: no such file or directory
 {"metadata":{"emulator":{"name":"dataconnect"},"message":"E0323 22:13:23.770305    2571 watch.go:116] watchAllDir unable to walk dir `/Users/mayamarkus-malone/Documents/Personal_CS/bcup/dataconnect`: lstat /Users/mayamarkus-malone/Documents/Personal_CS/bcup/dataconnect: no such file or directory\n"}}
[debug] [2026-03-24T02:13:33.770Z] E0323 22:13:33.770760    2571 watch.go:40] Failed to load config from "/Users/mayamarkus-malone/Documents/Personal_CS/bcup/dataconnect": could not find dataconnect.yaml in `/Users/mayamarkus-malone/Documents/Personal_CS/bcup/dataconnect`
 {"metadata":{"emulator":{"name":"dataconnect"},"message":"E0323 22:13:33.770760    2571 watch.go:40] Failed to load config from \"/Users/mayamarkus-malone/Documents/Personal_CS/bcup/dataconnect\": could not find dataconnect.yaml in `/Users/mayamarkus-malone/Documents/Personal_CS/bcup/dataconnect`\n"}}
[debug] [2026-03-24T02:13:43.773Z] E0323 22:13:43.772869    2571 watch.go:40] Failed to load config from "/Users/mayamarkus-malone/Documents/Personal_CS/bcup/dataconnect": could not find dataconnect.yaml in `/Users/mayamarkus-malone/Documents/Personal_CS/bcup/dataconnect`
 {"metadata":{"emulator":{"name":"dataconnect"},"message":"E0323 22:13:43.772869    2571 watch.go:40] Failed to load config from \"/Users/mayamarkus-malone/Documents/Personal_CS/bcup/dataconnect\": could not find dataconnect.yaml in `/Users/mayamarkus-malone/Documents/Personal_CS/bcup/dataconnect`\n"}}
[debug] [2026-03-24T02:13:53.770Z] E0323 22:13:53.770635    2571 watch.go:40] Failed to load config from "/Users/mayamarkus-malone/Documents/Personal_CS/bcup/dataconnect": could not find dataconnect.yaml in `/Users/mayamarkus-malone/Documents/Personal_CS/bcup/dataconnect`
 {"metadata":{"emulator":{"name":"dataconnect"},"message":"E0323 22:13:53.770635    2571 watch.go:40] Failed to load config from \"/Users/mayamarkus-malone/Documents/Personal_CS/bcup/dataconnect\": could not find dataconnect.yaml in `/Users/mayamarkus-malone/Documents/Personal_CS/bcup/dataconnect`\n"}}
[debug] [2026-03-24T02:14:03.770Z] E0323 22:14:03.770107    2571 watch.go:40] Failed to load config from "/Users/mayamarkus-malone/Documents/Personal_CS/bcup/dataconnect": could not find dataconnect.yaml in `/Users/mayamarkus-malone/Documents/Personal_CS/bcup/dataconnect`
 {"metadata":{"emulator":{"name":"dataconnect"},"message":"E0323 22:14:03.770107    2571 watch.go:40] Failed to load config from \"/Users/mayamarkus-malone/Documents/Personal_CS/bcup/dataconnect\": could not find dataconnect.yaml in `/Users/mayamarkus-malone/Documents/Personal_CS/bcup/dataconnect`\n"}}
[debug] [2026-03-24T02:14:13.769Z] E0323 22:14:13.769775    2571 watch.go:40] Failed to load config from "/Users/mayamarkus-malone/Documents/Personal_CS/bcup/dataconnect": could not find dataconnect.yaml in `/Users/mayamarkus-malone/Documents/Personal_CS/bcup/dataconnect`
 {"metadata":{"emulator":{"name":"dataconnect"},"message":"E0323 22:14:13.769775    2571 watch.go:40] Failed to load config from \"/Users/mayamarkus-malone/Documents/Personal_CS/bcup/dataconnect\": could not find dataconnect.yaml in `/Users/mayamarkus-malone/Documents/Personal_CS/bcup/dataconnect`\n"}}
[debug] [2026-03-24T02:14:23.770Z] E0323 22:14:23.769750    2571 watch.go:116] watchAllDir unable to walk dir `/Users/mayamarkus-malone/Documents/Personal_CS/bcup/dataconnect`: lstat /Users/mayamarkus-malone/Documents/Personal_CS/bcup/dataconnect: no such file or directory
E0323 22:14:23.770268    2571 watch.go:40] Failed to load config from "/Users/mayamarkus-malone/Documents/Personal_CS/bcup/dataconnect": could not find dataconnect.yaml in `/Users/mayamarkus-malone/Documents/Personal_CS/bcup/dataconnect`
 {"metadata":{"emulator":{"name":"dataconnect"},"message":"E0323 22:14:23.769750    2571 watch.go:116] watchAllDir unable to walk dir `/Users/mayamarkus-malone/Documents/Personal_CS/bcup/dataconnect`: lstat /Users/mayamarkus-malone/Documents/Personal_CS/bcup/dataconnect: no such file or directory\nE0323 22:14:23.770268    2571 watch.go:40] Failed to load config from \"/Users/mayamarkus-malone/Documents/Personal_CS/bcup/dataconnect\": could not find dataconnect.yaml in `/Users/mayamarkus-malone/Documents/Personal_CS/bcup/dataconnect`\n"}}
[debug] [2026-03-24T02:14:33.772Z] E0323 22:14:33.772353    2571 watch.go:40] Failed to load config from "/Users/mayamarkus-malone/Documents/Personal_CS/bcup/dataconnect": could not find dataconnect.yaml in `/Users/mayamarkus-malone/Documents/Personal_CS/bcup/dataconnect`
 {"metadata":{"emulator":{"name":"dataconnect"},"message":"E0323 22:14:33.772353    2571 watch.go:40] Failed to load config from \"/Users/mayamarkus-malone/Documents/Personal_CS/bcup/dataconnect\": could not find dataconnect.yaml in `/Users/mayamarkus-malone/Documents/Personal_CS/bcup/dataconnect`\n"}}
[debug] [2026-03-24T02:14:43.770Z] E0323 22:14:43.770427    2571 watch.go:40] Failed to load config from "/Users/mayamarkus-malone/Documents/Personal_CS/bcup/dataconnect": could not find dataconnect.yaml in `/Users/mayamarkus-malone/Documents/Personal_CS/bcup/dataconnect`
 {"metadata":{"emulator":{"name":"dataconnect"},"message":"E0323 22:14:43.770427    2571 watch.go:40] Failed to load config from \"/Users/mayamarkus-malone/Documents/Personal_CS/bcup/dataconnect\": could not find dataconnect.yaml in `/Users/mayamarkus-malone/Documents/Personal_CS/bcup/dataconnect`\n"}}
[debug] [2026-03-24T02:14:53.770Z] E0323 22:14:53.770533    2571 watch.go:40] Failed to load config from "/Users/mayamarkus-malone/Documents/Personal_CS/bcup/dataconnect": could not find dataconnect.yaml in `/Users/mayamarkus-malone/Documents/Personal_CS/bcup/dataconnect`
 {"metadata":{"emulator":{"name":"dataconnect"},"message":"E0323 22:14:53.770533    2571 watch.go:40] Failed to load config from \"/Users/mayamarkus-malone/Documents/Personal_CS/bcup/dataconnect\": could not find dataconnect.yaml in `/Users/mayamarkus-malone/Documents/Personal_CS/bcup/dataconnect`\n"}}
[debug] [2026-03-24T02:15:03.770Z] E0323 22:15:03.770561    2571 watch.go:40] Failed to load config from "/Users/mayamarkus-malone/Documents/Personal_CS/bcup/dataconnect": could not find dataconnect.yaml in `/Users/mayamarkus-malone/Documents/Personal_CS/bcup/dataconnect`
 {"metadata":{"emulator":{"name":"dataconnect"},"message":"E0323 22:15:03.770561    2571 watch.go:40] Failed to load config from \"/Users/mayamarkus-malone/Documents/Personal_CS/bcup/dataconnect\": could not find dataconnect.yaml in `/Users/mayamarkus-malone/Documents/Personal_CS/bcup/dataconnect`\n"}}
[debug] [2026-03-24T02:15:13.770Z] E0323 22:15:13.770675    2571 watch.go:40] Failed to load config from "/Users/mayamarkus-malone/Documents/Personal_CS/bcup/dataconnect": could not find dataconnect.yaml in `/Users/mayamarkus-malone/Documents/Personal_CS/bcup/dataconnect`
 {"metadata":{"emulator":{"name":"dataconnect"},"message":"E0323 22:15:13.770675    2571 watch.go:40] Failed to load config from \"/Users/mayamarkus-malone/Documents/Personal_CS/bcup/dataconnect\": could not find dataconnect.yaml in `/Users/mayamarkus-malone/Documents/Personal_CS/bcup/dataconnect`\n"}}
[debug] [2026-03-24T02:15:23.771Z] E0323 22:15:23.770261    2571 watch.go:116] watchAllDir unable to walk dir `/Users/mayamarkus-malone/Documents/Personal_CS/bcup/dataconnect`: lstat /Users/mayamarkus-malone/Documents/Personal_CS/bcup/dataconnect: no such file or directory
E0323 22:15:23.770894    2571 watch.go:40] Failed to load config from "/Users/mayamarkus-malone/Documents/Personal_CS/bcup/dataconnect": could not find dataconnect.yaml in `/Users/mayamarkus-malone/Documents/Personal_CS/bcup/dataconnect`
 {"metadata":{"emulator":{"name":"dataconnect"},"message":"E0323 22:15:23.770261    2571 watch.go:116] watchAllDir unable to walk dir `/Users/mayamarkus-malone/Documents/Personal_CS/bcup/dataconnect`: lstat /Users/mayamarkus-malone/Documents/Personal_CS/bcup/dataconnect: no such file or directory\nE0323 22:15:23.770894    2571 watch.go:40] Failed to load config from \"/Users/mayamarkus-malone/Documents/Personal_CS/bcup/dataconnect\": could not find dataconnect.yaml in `/Users/mayamarkus-malone/Documents/Personal_CS/bcup/dataconnect`\n"}}
[debug] [2026-03-24T02:15:33.770Z] E0323 22:15:33.770612    2571 watch.go:40] Failed to load config from "/Users/mayamarkus-malone/Documents/Personal_CS/bcup/dataconnect": could not find dataconnect.yaml in `/Users/mayamarkus-malone/Documents/Personal_CS/bcup/dataconnect`
 {"metadata":{"emulator":{"name":"dataconnect"},"message":"E0323 22:15:33.770612    2571 watch.go:40] Failed to load config from \"/Users/mayamarkus-malone/Documents/Personal_CS/bcup/dataconnect\": could not find dataconnect.yaml in `/Users/mayamarkus-malone/Documents/Personal_CS/bcup/dataconnect`\n"}}
[debug] [2026-03-24T02:15:43.772Z] E0323 22:15:43.771946    2571 watch.go:40] Failed to load config from "/Users/mayamarkus-malone/Documents/Personal_CS/bcup/dataconnect": could not find dataconnect.yaml in `/Users/mayamarkus-malone/Documents/Personal_CS/bcup/dataconnect`
 {"metadata":{"emulator":{"name":"dataconnect"},"message":"E0323 22:15:43.771946    2571 watch.go:40] Failed to load config from \"/Users/mayamarkus-malone/Documents/Personal_CS/bcup/dataconnect\": could not find dataconnect.yaml in `/Users/mayamarkus-malone/Documents/Personal_CS/bcup/dataconnect`\n"}}
[debug] [2026-03-24T02:15:53.770Z] E0323 22:15:53.770645    2571 watch.go:40] Failed to load config from "/Users/mayamarkus-malone/Documents/Personal_CS/bcup/dataconnect": could not find dataconnect.yaml in `/Users/mayamarkus-malone/Documents/Personal_CS/bcup/dataconnect`
 {"metadata":{"emulator":{"name":"dataconnect"},"message":"E0323 22:15:53.770645    2571 watch.go:40] Failed to load config from \"/Users/mayamarkus-malone/Documents/Personal_CS/bcup/dataconnect\": could not find dataconnect.yaml in `/Users/mayamarkus-malone/Documents/Personal_CS/bcup/dataconnect`\n"}}
[debug] [2026-03-24T02:16:03.770Z] E0323 22:16:03.769730    2571 watch.go:40] Failed to load config from "/Users/mayamarkus-malone/Documents/Personal_CS/bcup/dataconnect": could not find dataconnect.yaml in `/Users/mayamarkus-malone/Documents/Personal_CS/bcup/dataconnect`
 {"metadata":{"emulator":{"name":"dataconnect"},"message":"E0323 22:16:03.769730    2571 watch.go:40] Failed to load config from \"/Users/mayamarkus-malone/Documents/Personal_CS/bcup/dataconnect\": could not find dataconnect.yaml in `/Users/mayamarkus-malone/Documents/Personal_CS/bcup/dataconnect`\n"}}
[debug] [2026-03-24T02:16:13.772Z] E0323 22:16:13.771710    2571 watch.go:40] Failed to load config from "/Users/mayamarkus-malone/Documents/Personal_CS/bcup/dataconnect": could not find dataconnect.yaml in `/Users/mayamarkus-malone/Documents/Personal_CS/bcup/dataconnect`
 {"metadata":{"emulator":{"name":"dataconnect"},"message":"E0323 22:16:13.771710    2571 watch.go:40] Failed to load config from \"/Users/mayamarkus-malone/Documents/Personal_CS/bcup/dataconnect\": could not find dataconnect.yaml in `/Users/mayamarkus-malone/Documents/Personal_CS/bcup/dataconnect`\n"}}
[debug] [2026-03-24T02:16:23.775Z] E0323 22:16:23.775268    2571 watch.go:116] watchAllDir unable to walk dir `/Users/mayamarkus-malone/Documents/Personal_CS/bcup/dataconnect`: lstat /Users/mayamarkus-malone/Documents/Personal_CS/bcup/dataconnect: no such file or directory
E0323 22:16:23.775553    2571 watch.go:40] Failed to load config from "/Users/mayamarkus-malone/Documents/Personal_CS/bcup/dataconnect": could not find dataconnect.yaml in `/Users/mayamarkus-malone/Documents/Personal_CS/bcup/dataconnect`
 {"metadata":{"emulator":{"name":"dataconnect"},"message":"E0323 22:16:23.775268    2571 watch.go:116] watchAllDir unable to walk dir `/Users/mayamarkus-malone/Documents/Personal_CS/bcup/dataconnect`: lstat /Users/mayamarkus-malone/Documents/Personal_CS/bcup/dataconnect: no such file or directory\nE0323 22:16:23.775553    2571 watch.go:40] Failed to load config from \"/Users/mayamarkus-malone/Documents/Personal_CS/bcup/dataconnect\": could not find dataconnect.yaml in `/Users/mayamarkus-malone/Documents/Personal_CS/bcup/dataconnect`\n"}}
[debug] [2026-03-24T02:16:33.771Z] E0323 22:16:33.771031    2571 watch.go:40] Failed to load config from "/Users/mayamarkus-malone/Documents/Personal_CS/bcup/dataconnect": could not find dataconnect.yaml in `/Users/mayamarkus-malone/Documents/Personal_CS/bcup/dataconnect`
 {"metadata":{"emulator":{"name":"dataconnect"},"message":"E0323 22:16:33.771031    2571 watch.go:40] Failed to load config from \"/Users/mayamarkus-malone/Documents/Personal_CS/bcup/dataconnect\": could not find dataconnect.yaml in `/Users/mayamarkus-malone/Documents/Personal_CS/bcup/dataconnect`\n"}}
[debug] [2026-03-24T02:16:43.770Z] E0323 22:16:43.770215    2571 watch.go:40] Failed to load config from "/Users/mayamarkus-malone/Documents/Personal_CS/bcup/dataconnect": could not find dataconnect.yaml in `/Users/mayamarkus-malone/Documents/Personal_CS/bcup/dataconnect`
 {"metadata":{"emulator":{"name":"dataconnect"},"message":"E0323 22:16:43.770215    2571 watch.go:40] Failed to load config from \"/Users/mayamarkus-malone/Documents/Personal_CS/bcup/dataconnect\": could not find dataconnect.yaml in `/Users/mayamarkus-malone/Documents/Personal_CS/bcup/dataconnect`\n"}}
[debug] [2026-03-24T02:16:53.770Z] E0323 22:16:53.770621    2571 watch.go:40] Failed to load config from "/Users/mayamarkus-malone/Documents/Personal_CS/bcup/dataconnect": could not find dataconnect.yaml in `/Users/mayamarkus-malone/Documents/Personal_CS/bcup/dataconnect`
 {"metadata":{"emulator":{"name":"dataconnect"},"message":"E0323 22:16:53.770621    2571 watch.go:40] Failed to load config from \"/Users/mayamarkus-malone/Documents/Personal_CS/bcup/dataconnect\": could not find dataconnect.yaml in `/Users/mayamarkus-malone/Documents/Personal_CS/bcup/dataconnect`\n"}}
[debug] [2026-03-24T02:17:03.771Z] E0323 22:17:03.771384    2571 watch.go:40] Failed to load config from "/Users/mayamarkus-malone/Documents/Personal_CS/bcup/dataconnect": could not find dataconnect.yaml in `/Users/mayamarkus-malone/Documents/Personal_CS/bcup/dataconnect`
 {"metadata":{"emulator":{"name":"dataconnect"},"message":"E0323 22:17:03.771384    2571 watch.go:40] Failed to load config from \"/Users/mayamarkus-malone/Documents/Personal_CS/bcup/dataconnect\": could not find dataconnect.yaml in `/Users/mayamarkus-malone/Documents/Personal_CS/bcup/dataconnect`\n"}}
[debug] [2026-03-24T02:17:13.772Z] E0323 22:17:13.771002    2571 watch.go:40] Failed to load config from "/Users/mayamarkus-malone/Documents/Personal_CS/bcup/dataconnect": could not find dataconnect.yaml in `/Users/mayamarkus-malone/Documents/Personal_CS/bcup/dataconnect`
 {"metadata":{"emulator":{"name":"dataconnect"},"message":"E0323 22:17:13.771002    2571 watch.go:40] Failed to load config from \"/Users/mayamarkus-malone/Documents/Personal_CS/bcup/dataconnect\": could not find dataconnect.yaml in `/Users/mayamarkus-malone/Documents/Personal_CS/bcup/dataconnect`\n"}}
[debug] [2026-03-24T02:17:23.771Z] E0323 22:17:23.770775    2571 watch.go:40] Failed to load config from "/Users/mayamarkus-malone/Documents/Personal_CS/bcup/dataconnect": could not find dataconnect.yaml in `/Users/mayamarkus-malone/Documents/Personal_CS/bcup/dataconnect`
 {"metadata":{"emulator":{"name":"dataconnect"},"message":"E0323 22:17:23.770775    2571 watch.go:40] Failed to load config from \"/Users/mayamarkus-malone/Documents/Personal_CS/bcup/dataconnect\": could not find dataconnect.yaml in `/Users/mayamarkus-malone/Documents/Personal_CS/bcup/dataconnect`\n"}}
[debug] [2026-03-24T02:17:23.771Z] E0323 22:17:23.770770    2571 watch.go:116] watchAllDir unable to walk dir `/Users/mayamarkus-malone/Documents/Personal_CS/bcup/dataconnect`: lstat /Users/mayamarkus-malone/Documents/Personal_CS/bcup/dataconnect: no such file or directory
 {"metadata":{"emulator":{"name":"dataconnect"},"message":"E0323 22:17:23.770770    2571 watch.go:116] watchAllDir unable to walk dir `/Users/mayamarkus-malone/Documents/Personal_CS/bcup/dataconnect`: lstat /Users/mayamarkus-malone/Documents/Personal_CS/bcup/dataconnect: no such file or directory\n"}}
[debug] [2026-03-24T02:17:33.771Z] E0323 22:17:33.770913    2571 watch.go:40] Failed to load config from "/Users/mayamarkus-malone/Documents/Personal_CS/bcup/dataconnect": could not find dataconnect.yaml in `/Users/mayamarkus-malone/Documents/Personal_CS/bcup/dataconnect`
 {"metadata":{"emulator":{"name":"dataconnect"},"message":"E0323 22:17:33.770913    2571 watch.go:40] Failed to load config from \"/Users/mayamarkus-malone/Documents/Personal_CS/bcup/dataconnect\": could not find dataconnect.yaml in `/Users/mayamarkus-malone/Documents/Personal_CS/bcup/dataconnect`\n"}}
[debug] [2026-03-24T02:17:43.772Z] E0323 22:17:43.771356    2571 watch.go:40] Failed to load config from "/Users/mayamarkus-malone/Documents/Personal_CS/bcup/dataconnect": could not find dataconnect.yaml in `/Users/mayamarkus-malone/Documents/Personal_CS/bcup/dataconnect`
 {"metadata":{"emulator":{"name":"dataconnect"},"message":"E0323 22:17:43.771356    2571 watch.go:40] Failed to load config from \"/Users/mayamarkus-malone/Documents/Personal_CS/bcup/dataconnect\": could not find dataconnect.yaml in `/Users/mayamarkus-malone/Documents/Personal_CS/bcup/dataconnect`\n"}}
[debug] [2026-03-24T02:17:53.770Z] E0323 22:17:53.770207    2571 watch.go:40] Failed to load config from "/Users/mayamarkus-malone/Documents/Personal_CS/bcup/dataconnect": could not find dataconnect.yaml in `/Users/mayamarkus-malone/Documents/Personal_CS/bcup/dataconnect`
 {"metadata":{"emulator":{"name":"dataconnect"},"message":"E0323 22:17:53.770207    2571 watch.go:40] Failed to load config from \"/Users/mayamarkus-malone/Documents/Personal_CS/bcup/dataconnect\": could not find dataconnect.yaml in `/Users/mayamarkus-malone/Documents/Personal_CS/bcup/dataconnect`\n"}}
[debug] [2026-03-24T02:18:03.769Z] E0323 22:18:03.769850    2571 watch.go:40] Failed to load config from "/Users/mayamarkus-malone/Documents/Personal_CS/bcup/dataconnect": could not find dataconnect.yaml in `/Users/mayamarkus-malone/Documents/Personal_CS/bcup/dataconnect`
 {"metadata":{"emulator":{"name":"dataconnect"},"message":"E0323 22:18:03.769850    2571 watch.go:40] Failed to load config from \"/Users/mayamarkus-malone/Documents/Personal_CS/bcup/dataconnect\": could not find dataconnect.yaml in `/Users/mayamarkus-malone/Documents/Personal_CS/bcup/dataconnect`\n"}}
[debug] [2026-03-24T02:18:13.772Z] E0323 22:18:13.771573    2571 watch.go:40] Failed to load config from "/Users/mayamarkus-malone/Documents/Personal_CS/bcup/dataconnect": could not find dataconnect.yaml in `/Users/mayamarkus-malone/Documents/Personal_CS/bcup/dataconnect`
 {"metadata":{"emulator":{"name":"dataconnect"},"message":"E0323 22:18:13.771573    2571 watch.go:40] Failed to load config from \"/Users/mayamarkus-malone/Documents/Personal_CS/bcup/dataconnect\": could not find dataconnect.yaml in `/Users/mayamarkus-malone/Documents/Personal_CS/bcup/dataconnect`\n"}}
[debug] [2026-03-24T02:18:23.777Z] E0323 22:18:23.776234    2571 watch.go:116] watchAllDir unable to walk dir `/Users/mayamarkus-malone/Documents/Personal_CS/bcup/dataconnect`: lstat /Users/mayamarkus-malone/Documents/Personal_CS/bcup/dataconnect: no such file or directory
 {"metadata":{"emulator":{"name":"dataconnect"},"message":"E0323 22:18:23.776234    2571 watch.go:116] watchAllDir unable to walk dir `/Users/mayamarkus-malone/Documents/Personal_CS/bcup/dataconnect`: lstat /Users/mayamarkus-malone/Documents/Personal_CS/bcup/dataconnect: no such file or directory\n"}}
[debug] [2026-03-24T02:18:23.778Z] E0323 22:18:23.777287    2571 watch.go:40] Failed to load config from "/Users/mayamarkus-malone/Documents/Personal_CS/bcup/dataconnect": could not find dataconnect.yaml in `/Users/mayamarkus-malone/Documents/Personal_CS/bcup/dataconnect`
 {"metadata":{"emulator":{"name":"dataconnect"},"message":"E0323 22:18:23.777287    2571 watch.go:40] Failed to load config from \"/Users/mayamarkus-malone/Documents/Personal_CS/bcup/dataconnect\": could not find dataconnect.yaml in `/Users/mayamarkus-malone/Documents/Personal_CS/bcup/dataconnect`\n"}}
[debug] [2026-03-24T02:18:33.770Z] E0323 22:18:33.770733    2571 watch.go:40] Failed to load config from "/Users/mayamarkus-malone/Documents/Personal_CS/bcup/dataconnect": could not find dataconnect.yaml in `/Users/mayamarkus-malone/Documents/Personal_CS/bcup/dataconnect`
 {"metadata":{"emulator":{"name":"dataconnect"},"message":"E0323 22:18:33.770733    2571 watch.go:40] Failed to load config from \"/Users/mayamarkus-malone/Documents/Personal_CS/bcup/dataconnect\": could not find dataconnect.yaml in `/Users/mayamarkus-malone/Documents/Personal_CS/bcup/dataconnect`\n"}}
[debug] [2026-03-24T02:18:43.770Z] E0323 22:18:43.770661    2571 watch.go:40] Failed to load config from "/Users/mayamarkus-malone/Documents/Personal_CS/bcup/dataconnect": could not find dataconnect.yaml in `/Users/mayamarkus-malone/Documents/Personal_CS/bcup/dataconnect`
 {"metadata":{"emulator":{"name":"dataconnect"},"message":"E0323 22:18:43.770661    2571 watch.go:40] Failed to load config from \"/Users/mayamarkus-malone/Documents/Personal_CS/bcup/dataconnect\": could not find dataconnect.yaml in `/Users/mayamarkus-malone/Documents/Personal_CS/bcup/dataconnect`\n"}}
[debug] [2026-03-24T02:18:53.798Z] E0323 22:18:53.798635    2571 watch.go:40] Failed to load config from "/Users/mayamarkus-malone/Documents/Personal_CS/bcup/dataconnect": could not find dataconnect.yaml in `/Users/mayamarkus-malone/Documents/Personal_CS/bcup/dataconnect`
 {"metadata":{"emulator":{"name":"dataconnect"},"message":"E0323 22:18:53.798635    2571 watch.go:40] Failed to load config from \"/Users/mayamarkus-malone/Documents/Personal_CS/bcup/dataconnect\": could not find dataconnect.yaml in `/Users/mayamarkus-malone/Documents/Personal_CS/bcup/dataconnect`\n"}}
[debug] [2026-03-24T02:19:03.770Z] E0323 22:19:03.770755    2571 watch.go:40] Failed to load config from "/Users/mayamarkus-malone/Documents/Personal_CS/bcup/dataconnect": could not find dataconnect.yaml in `/Users/mayamarkus-malone/Documents/Personal_CS/bcup/dataconnect`
 {"metadata":{"emulator":{"name":"dataconnect"},"message":"E0323 22:19:03.770755    2571 watch.go:40] Failed to load config from \"/Users/mayamarkus-malone/Documents/Personal_CS/bcup/dataconnect\": could not find dataconnect.yaml in `/Users/mayamarkus-malone/Documents/Personal_CS/bcup/dataconnect`\n"}}
[debug] [2026-03-24T02:19:13.772Z] E0323 22:19:13.770365    2571 watch.go:40] Failed to load config from "/Users/mayamarkus-malone/Documents/Personal_CS/bcup/dataconnect": could not find dataconnect.yaml in `/Users/mayamarkus-malone/Documents/Personal_CS/bcup/dataconnect`
 {"metadata":{"emulator":{"name":"dataconnect"},"message":"E0323 22:19:13.770365    2571 watch.go:40] Failed to load config from \"/Users/mayamarkus-malone/Documents/Personal_CS/bcup/dataconnect\": could not find dataconnect.yaml in `/Users/mayamarkus-malone/Documents/Personal_CS/bcup/dataconnect`\n"}}
[debug] [2026-03-24T02:19:23.774Z] E0323 22:19:23.771712    2571 watch.go:116] watchAllDir unable to walk dir `/Users/mayamarkus-malone/Documents/Personal_CS/bcup/dataconnect`: lstat /Users/mayamarkus-malone/Documents/Personal_CS/bcup/dataconnect: no such file or directory
 {"metadata":{"emulator":{"name":"dataconnect"},"message":"E0323 22:19:23.771712    2571 watch.go:116] watchAllDir unable to walk dir `/Users/mayamarkus-malone/Documents/Personal_CS/bcup/dataconnect`: lstat /Users/mayamarkus-malone/Documents/Personal_CS/bcup/dataconnect: no such file or directory\n"}}
[debug] [2026-03-24T02:19:23.775Z] E0323 22:19:23.774440    2571 watch.go:40] Failed to load config from "/Users/mayamarkus-malone/Documents/Personal_CS/bcup/dataconnect": could not find dataconnect.yaml in `/Users/mayamarkus-malone/Documents/Personal_CS/bcup/dataconnect`
 {"metadata":{"emulator":{"name":"dataconnect"},"message":"E0323 22:19:23.774440    2571 watch.go:40] Failed to load config from \"/Users/mayamarkus-malone/Documents/Personal_CS/bcup/dataconnect\": could not find dataconnect.yaml in `/Users/mayamarkus-malone/Documents/Personal_CS/bcup/dataconnect`\n"}}
[debug] [2026-03-24T02:19:33.771Z] E0323 22:19:33.770883    2571 watch.go:40] Failed to load config from "/Users/mayamarkus-malone/Documents/Personal_CS/bcup/dataconnect": could not find dataconnect.yaml in `/Users/mayamarkus-malone/Documents/Personal_CS/bcup/dataconnect`
 {"metadata":{"emulator":{"name":"dataconnect"},"message":"E0323 22:19:33.770883    2571 watch.go:40] Failed to load config from \"/Users/mayamarkus-malone/Documents/Personal_CS/bcup/dataconnect\": could not find dataconnect.yaml in `/Users/mayamarkus-malone/Documents/Personal_CS/bcup/dataconnect`\n"}}
[debug] [2026-03-24T02:19:43.771Z] E0323 22:19:43.770813    2571 watch.go:40] Failed to load config from "/Users/mayamarkus-malone/Documents/Personal_CS/bcup/dataconnect": could not find dataconnect.yaml in `/Users/mayamarkus-malone/Documents/Personal_CS/bcup/dataconnect`
 {"metadata":{"emulator":{"name":"dataconnect"},"message":"E0323 22:19:43.770813    2571 watch.go:40] Failed to load config from \"/Users/mayamarkus-malone/Documents/Personal_CS/bcup/dataconnect\": could not find dataconnect.yaml in `/Users/mayamarkus-malone/Documents/Personal_CS/bcup/dataconnect`\n"}}
[debug] [2026-03-24T02:19:53.773Z] E0323 22:19:53.772785    2571 watch.go:40] Failed to load config from "/Users/mayamarkus-malone/Documents/Personal_CS/bcup/dataconnect": could not find dataconnect.yaml in `/Users/mayamarkus-malone/Documents/Personal_CS/bcup/dataconnect`
 {"metadata":{"emulator":{"name":"dataconnect"},"message":"E0323 22:19:53.772785    2571 watch.go:40] Failed to load config from \"/Users/mayamarkus-malone/Documents/Personal_CS/bcup/dataconnect\": could not find dataconnect.yaml in `/Users/mayamarkus-malone/Documents/Personal_CS/bcup/dataconnect`\n"}}
[debug] [2026-03-24T02:20:03.771Z] E0323 22:20:03.770918    2571 watch.go:40] Failed to load config from "/Users/mayamarkus-malone/Documents/Personal_CS/bcup/dataconnect": could not find dataconnect.yaml in `/Users/mayamarkus-malone/Documents/Personal_CS/bcup/dataconnect`
 {"metadata":{"emulator":{"name":"dataconnect"},"message":"E0323 22:20:03.770918    2571 watch.go:40] Failed to load config from \"/Users/mayamarkus-malone/Documents/Personal_CS/bcup/dataconnect\": could not find dataconnect.yaml in `/Users/mayamarkus-malone/Documents/Personal_CS/bcup/dataconnect`\n"}}
[debug] [2026-03-24T02:20:13.770Z] E0323 22:20:13.770745    2571 watch.go:40] Failed to load config from "/Users/mayamarkus-malone/Documents/Personal_CS/bcup/dataconnect": could not find dataconnect.yaml in `/Users/mayamarkus-malone/Documents/Personal_CS/bcup/dataconnect`
 {"metadata":{"emulator":{"name":"dataconnect"},"message":"E0323 22:20:13.770745    2571 watch.go:40] Failed to load config from \"/Users/mayamarkus-malone/Documents/Personal_CS/bcup/dataconnect\": could not find dataconnect.yaml in `/Users/mayamarkus-malone/Documents/Personal_CS/bcup/dataconnect`\n"}}
[debug] [2026-03-24T02:20:23.775Z] E0323 22:20:23.774843    2571 watch.go:116] watchAllDir unable to walk dir `/Users/mayamarkus-malone/Documents/Personal_CS/bcup/dataconnect`: lstat /Users/mayamarkus-malone/Documents/Personal_CS/bcup/dataconnect: no such file or directory
E0323 22:20:23.775146    2571 watch.go:40] Failed to load config from "/Users/mayamarkus-malone/Documents/Personal_CS/bcup/dataconnect": could not find dataconnect.yaml in `/Users/mayamarkus-malone/Documents/Personal_CS/bcup/dataconnect`
 {"metadata":{"emulator":{"name":"dataconnect"},"message":"E0323 22:20:23.774843    2571 watch.go:116] watchAllDir unable to walk dir `/Users/mayamarkus-malone/Documents/Personal_CS/bcup/dataconnect`: lstat /Users/mayamarkus-malone/Documents/Personal_CS/bcup/dataconnect: no such file or directory\nE0323 22:20:23.775146    2571 watch.go:40] Failed to load config from \"/Users/mayamarkus-malone/Documents/Personal_CS/bcup/dataconnect\": could not find dataconnect.yaml in `/Users/mayamarkus-malone/Documents/Personal_CS/bcup/dataconnect`\n"}}
[debug] [2026-03-24T02:20:33.771Z] E0323 22:20:33.771263    2571 watch.go:40] Failed to load config from "/Users/mayamarkus-malone/Documents/Personal_CS/bcup/dataconnect": could not find dataconnect.yaml in `/Users/mayamarkus-malone/Documents/Personal_CS/bcup/dataconnect`
 {"metadata":{"emulator":{"name":"dataconnect"},"message":"E0323 22:20:33.771263    2571 watch.go:40] Failed to load config from \"/Users/mayamarkus-malone/Documents/Personal_CS/bcup/dataconnect\": could not find dataconnect.yaml in `/Users/mayamarkus-malone/Documents/Personal_CS/bcup/dataconnect`\n"}}
[debug] [2026-03-24T02:20:43.771Z] E0323 22:20:43.770930    2571 watch.go:40] Failed to load config from "/Users/mayamarkus-malone/Documents/Personal_CS/bcup/dataconnect": could not find dataconnect.yaml in `/Users/mayamarkus-malone/Documents/Personal_CS/bcup/dataconnect`
 {"metadata":{"emulator":{"name":"dataconnect"},"message":"E0323 22:20:43.770930    2571 watch.go:40] Failed to load config from \"/Users/mayamarkus-malone/Documents/Personal_CS/bcup/dataconnect\": could not find dataconnect.yaml in `/Users/mayamarkus-malone/Documents/Personal_CS/bcup/dataconnect`\n"}}
[debug] [2026-03-24T02:20:53.771Z] E0323 22:20:53.770862    2571 watch.go:40] Failed to load config from "/Users/mayamarkus-malone/Documents/Personal_CS/bcup/dataconnect": could not find dataconnect.yaml in `/Users/mayamarkus-malone/Documents/Personal_CS/bcup/dataconnect`
 {"metadata":{"emulator":{"name":"dataconnect"},"message":"E0323 22:20:53.770862    2571 watch.go:40] Failed to load config from \"/Users/mayamarkus-malone/Documents/Personal_CS/bcup/dataconnect\": could not find dataconnect.yaml in `/Users/mayamarkus-malone/Documents/Personal_CS/bcup/dataconnect`\n"}}
[debug] [2026-03-24T02:21:03.771Z] E0323 22:21:03.771038    2571 watch.go:40] Failed to load config from "/Users/mayamarkus-malone/Documents/Personal_CS/bcup/dataconnect": could not find dataconnect.yaml in `/Users/mayamarkus-malone/Documents/Personal_CS/bcup/dataconnect`
 {"metadata":{"emulator":{"name":"dataconnect"},"message":"E0323 22:21:03.771038    2571 watch.go:40] Failed to load config from \"/Users/mayamarkus-malone/Documents/Personal_CS/bcup/dataconnect\": could not find dataconnect.yaml in `/Users/mayamarkus-malone/Documents/Personal_CS/bcup/dataconnect`\n"}}
[debug] [2026-03-24T02:21:13.770Z] E0323 22:21:13.770661    2571 watch.go:40] Failed to load config from "/Users/mayamarkus-malone/Documents/Personal_CS/bcup/dataconnect": could not find dataconnect.yaml in `/Users/mayamarkus-malone/Documents/Personal_CS/bcup/dataconnect`
 {"metadata":{"emulator":{"name":"dataconnect"},"message":"E0323 22:21:13.770661    2571 watch.go:40] Failed to load config from \"/Users/mayamarkus-malone/Documents/Personal_CS/bcup/dataconnect\": could not find dataconnect.yaml in `/Users/mayamarkus-malone/Documents/Personal_CS/bcup/dataconnect`\n"}}
[debug] [2026-03-24T02:21:23.770Z] E0323 22:21:23.770676    2571 watch.go:116] watchAllDir unable to walk dir `/Users/mayamarkus-malone/Documents/Personal_CS/bcup/dataconnect`: lstat /Users/mayamarkus-malone/Documents/Personal_CS/bcup/dataconnect: no such file or directory
 {"metadata":{"emulator":{"name":"dataconnect"},"message":"E0323 22:21:23.770676    2571 watch.go:116] watchAllDir unable to walk dir `/Users/mayamarkus-malone/Documents/Personal_CS/bcup/dataconnect`: lstat /Users/mayamarkus-malone/Documents/Personal_CS/bcup/dataconnect: no such file or directory\n"}}
[debug] [2026-03-24T02:21:23.771Z] E0323 22:21:23.770764    2571 watch.go:40] Failed to load config from "/Users/mayamarkus-malone/Documents/Personal_CS/bcup/dataconnect": could not find dataconnect.yaml in `/Users/mayamarkus-malone/Documents/Personal_CS/bcup/dataconnect`
 {"metadata":{"emulator":{"name":"dataconnect"},"message":"E0323 22:21:23.770764    2571 watch.go:40] Failed to load config from \"/Users/mayamarkus-malone/Documents/Personal_CS/bcup/dataconnect\": could not find dataconnect.yaml in `/Users/mayamarkus-malone/Documents/Personal_CS/bcup/dataconnect`\n"}}
[debug] [2026-03-24T02:21:33.771Z] E0323 22:21:33.771463    2571 watch.go:40] Failed to load config from "/Users/mayamarkus-malone/Documents/Personal_CS/bcup/dataconnect": could not find dataconnect.yaml in `/Users/mayamarkus-malone/Documents/Personal_CS/bcup/dataconnect`
 {"metadata":{"emulator":{"name":"dataconnect"},"message":"E0323 22:21:33.771463    2571 watch.go:40] Failed to load config from \"/Users/mayamarkus-malone/Documents/Personal_CS/bcup/dataconnect\": could not find dataconnect.yaml in `/Users/mayamarkus-malone/Documents/Personal_CS/bcup/dataconnect`\n"}}
[debug] [2026-03-24T02:21:43.771Z] E0323 22:21:43.771199    2571 watch.go:40] Failed to load config from "/Users/mayamarkus-malone/Documents/Personal_CS/bcup/dataconnect": could not find dataconnect.yaml in `/Users/mayamarkus-malone/Documents/Personal_CS/bcup/dataconnect`
 {"metadata":{"emulator":{"name":"dataconnect"},"message":"E0323 22:21:43.771199    2571 watch.go:40] Failed to load config from \"/Users/mayamarkus-malone/Documents/Personal_CS/bcup/dataconnect\": could not find dataconnect.yaml in `/Users/mayamarkus-malone/Documents/Personal_CS/bcup/dataconnect`\n"}}
[debug] [2026-03-24T02:21:53.771Z] E0323 22:21:53.771494    2571 watch.go:40] Failed to load config from "/Users/mayamarkus-malone/Documents/Personal_CS/bcup/dataconnect": could not find dataconnect.yaml in `/Users/mayamarkus-malone/Documents/Personal_CS/bcup/dataconnect`
 {"metadata":{"emulator":{"name":"dataconnect"},"message":"E0323 22:21:53.771494    2571 watch.go:40] Failed to load config from \"/Users/mayamarkus-malone/Documents/Personal_CS/bcup/dataconnect\": could not find dataconnect.yaml in `/Users/mayamarkus-malone/Documents/Personal_CS/bcup/dataconnect`\n"}}
[debug] [2026-03-24T02:22:03.771Z] E0323 22:22:03.770936    2571 watch.go:40] Failed to load config from "/Users/mayamarkus-malone/Documents/Personal_CS/bcup/dataconnect": could not find dataconnect.yaml in `/Users/mayamarkus-malone/Documents/Personal_CS/bcup/dataconnect`
 {"metadata":{"emulator":{"name":"dataconnect"},"message":"E0323 22:22:03.770936    2571 watch.go:40] Failed to load config from \"/Users/mayamarkus-malone/Documents/Personal_CS/bcup/dataconnect\": could not find dataconnect.yaml in `/Users/mayamarkus-malone/Documents/Personal_CS/bcup/dataconnect`\n"}}
[debug] [2026-03-24T02:22:13.771Z] E0323 22:22:13.771440    2571 watch.go:40] Failed to load config from "/Users/mayamarkus-malone/Documents/Personal_CS/bcup/dataconnect": could not find dataconnect.yaml in `/Users/mayamarkus-malone/Documents/Personal_CS/bcup/dataconnect`
 {"metadata":{"emulator":{"name":"dataconnect"},"message":"E0323 22:22:13.771440    2571 watch.go:40] Failed to load config from \"/Users/mayamarkus-malone/Documents/Personal_CS/bcup/dataconnect\": could not find dataconnect.yaml in `/Users/mayamarkus-malone/Documents/Personal_CS/bcup/dataconnect`\n"}}
[debug] [2026-03-24T02:22:23.773Z] E0323 22:22:23.772306    2571 watch.go:116] watchAllDir unable to walk dir `/Users/mayamarkus-malone/Documents/Personal_CS/bcup/dataconnect`: lstat /Users/mayamarkus-malone/Documents/Personal_CS/bcup/dataconnect: no such file or directory
E0323 22:22:23.772910    2571 watch.go:40] Failed to load config from "/Users/mayamarkus-malone/Documents/Personal_CS/bcup/dataconnect": could not find dataconnect.yaml in `/Users/mayamarkus-malone/Documents/Personal_CS/bcup/dataconnect`
 {"metadata":{"emulator":{"name":"dataconnect"},"message":"E0323 22:22:23.772306    2571 watch.go:116] watchAllDir unable to walk dir `/Users/mayamarkus-malone/Documents/Personal_CS/bcup/dataconnect`: lstat /Users/mayamarkus-malone/Documents/Personal_CS/bcup/dataconnect: no such file or directory\nE0323 22:22:23.772910    2571 watch.go:40] Failed to load config from \"/Users/mayamarkus-malone/Documents/Personal_CS/bcup/dataconnect\": could not find dataconnect.yaml in `/Users/mayamarkus-malone/Documents/Personal_CS/bcup/dataconnect`\n"}}
[debug] [2026-03-24T02:22:33.770Z] E0323 22:22:33.770168    2571 watch.go:40] Failed to load config from "/Users/mayamarkus-malone/Documents/Personal_CS/bcup/dataconnect": could not find dataconnect.yaml in `/Users/mayamarkus-malone/Documents/Personal_CS/bcup/dataconnect`
 {"metadata":{"emulator":{"name":"dataconnect"},"message":"E0323 22:22:33.770168    2571 watch.go:40] Failed to load config from \"/Users/mayamarkus-malone/Documents/Personal_CS/bcup/dataconnect\": could not find dataconnect.yaml in `/Users/mayamarkus-malone/Documents/Personal_CS/bcup/dataconnect`\n"}}
[debug] [2026-03-24T02:22:43.772Z] E0323 22:22:43.770681    2571 watch.go:40] Failed to load config from "/Users/mayamarkus-malone/Documents/Personal_CS/bcup/dataconnect": could not find dataconnect.yaml in `/Users/mayamarkus-malone/Documents/Personal_CS/bcup/dataconnect`
 {"metadata":{"emulator":{"name":"dataconnect"},"message":"E0323 22:22:43.770681    2571 watch.go:40] Failed to load config from \"/Users/mayamarkus-malone/Documents/Personal_CS/bcup/dataconnect\": could not find dataconnect.yaml in `/Users/mayamarkus-malone/Documents/Personal_CS/bcup/dataconnect`\n"}}
[debug] [2026-03-24T02:22:53.770Z] E0323 22:22:53.770113    2571 watch.go:40] Failed to load config from "/Users/mayamarkus-malone/Documents/Personal_CS/bcup/dataconnect": could not find dataconnect.yaml in `/Users/mayamarkus-malone/Documents/Personal_CS/bcup/dataconnect`
 {"metadata":{"emulator":{"name":"dataconnect"},"message":"E0323 22:22:53.770113    2571 watch.go:40] Failed to load config from \"/Users/mayamarkus-malone/Documents/Personal_CS/bcup/dataconnect\": could not find dataconnect.yaml in `/Users/mayamarkus-malone/Documents/Personal_CS/bcup/dataconnect`\n"}}
[debug] [2026-03-24T02:23:03.771Z] E0323 22:23:03.770808    2571 watch.go:40] Failed to load config from "/Users/mayamarkus-malone/Documents/Personal_CS/bcup/dataconnect": could not find dataconnect.yaml in `/Users/mayamarkus-malone/Documents/Personal_CS/bcup/dataconnect`
 {"metadata":{"emulator":{"name":"dataconnect"},"message":"E0323 22:23:03.770808    2571 watch.go:40] Failed to load config from \"/Users/mayamarkus-malone/Documents/Personal_CS/bcup/dataconnect\": could not find dataconnect.yaml in `/Users/mayamarkus-malone/Documents/Personal_CS/bcup/dataconnect`\n"}}
[debug] [2026-03-24T02:23:13.770Z] E0323 22:23:13.770737    2571 watch.go:40] Failed to load config from "/Users/mayamarkus-malone/Documents/Personal_CS/bcup/dataconnect": could not find dataconnect.yaml in `/Users/mayamarkus-malone/Documents/Personal_CS/bcup/dataconnect`
 {"metadata":{"emulator":{"name":"dataconnect"},"message":"E0323 22:23:13.770737    2571 watch.go:40] Failed to load config from \"/Users/mayamarkus-malone/Documents/Personal_CS/bcup/dataconnect\": could not find dataconnect.yaml in `/Users/mayamarkus-malone/Documents/Personal_CS/bcup/dataconnect`\n"}}
[debug] [2026-03-24T02:23:23.770Z] E0323 22:23:23.770649    2571 watch.go:40] Failed to load config from "/Users/mayamarkus-malone/Documents/Personal_CS/bcup/dataconnect": could not find dataconnect.yaml in `/Users/mayamarkus-malone/Documents/Personal_CS/bcup/dataconnect`
E0323 22:23:23.770643    2571 watch.go:116] watchAllDir unable to walk dir `/Users/mayamarkus-malone/Documents/Personal_CS/bcup/dataconnect`: lstat /Users/mayamarkus-malone/Documents/Personal_CS/bcup/dataconnect: no such file or directory
 {"metadata":{"emulator":{"name":"dataconnect"},"message":"E0323 22:23:23.770649    2571 watch.go:40] Failed to load config from \"/Users/mayamarkus-malone/Documents/Personal_CS/bcup/dataconnect\": could not find dataconnect.yaml in `/Users/mayamarkus-malone/Documents/Personal_CS/bcup/dataconnect`\nE0323 22:23:23.770643    2571 watch.go:116] watchAllDir unable to walk dir `/Users/mayamarkus-malone/Documents/Personal_CS/bcup/dataconnect`: lstat /Users/mayamarkus-malone/Documents/Personal_CS/bcup/dataconnect: no such file or directory\n"}}
[debug] [2026-03-24T02:23:33.771Z] E0323 22:23:33.771170    2571 watch.go:40] Failed to load config from "/Users/mayamarkus-malone/Documents/Personal_CS/bcup/dataconnect": could not find dataconnect.yaml in `/Users/mayamarkus-malone/Documents/Personal_CS/bcup/dataconnect`
 {"metadata":{"emulator":{"name":"dataconnect"},"message":"E0323 22:23:33.771170    2571 watch.go:40] Failed to load config from \"/Users/mayamarkus-malone/Documents/Personal_CS/bcup/dataconnect\": could not find dataconnect.yaml in `/Users/mayamarkus-malone/Documents/Personal_CS/bcup/dataconnect`\n"}}
[debug] [2026-03-24T02:23:43.770Z] E0323 22:23:43.770808    2571 watch.go:40] Failed to load config from "/Users/mayamarkus-malone/Documents/Personal_CS/bcup/dataconnect": could not find dataconnect.yaml in `/Users/mayamarkus-malone/Documents/Personal_CS/bcup/dataconnect`
 {"metadata":{"emulator":{"name":"dataconnect"},"message":"E0323 22:23:43.770808    2571 watch.go:40] Failed to load config from \"/Users/mayamarkus-malone/Documents/Personal_CS/bcup/dataconnect\": could not find dataconnect.yaml in `/Users/mayamarkus-malone/Documents/Personal_CS/bcup/dataconnect`\n"}}
[debug] [2026-03-24T02:23:53.771Z] E0323 22:23:53.770831    2571 watch.go:40] Failed to load config from "/Users/mayamarkus-malone/Documents/Personal_CS/bcup/dataconnect": could not find dataconnect.yaml in `/Users/mayamarkus-malone/Documents/Personal_CS/bcup/dataconnect`
 {"metadata":{"emulator":{"name":"dataconnect"},"message":"E0323 22:23:53.770831    2571 watch.go:40] Failed to load config from \"/Users/mayamarkus-malone/Documents/Personal_CS/bcup/dataconnect\": could not find dataconnect.yaml in `/Users/mayamarkus-malone/Documents/Personal_CS/bcup/dataconnect`\n"}}
[debug] [2026-03-24T02:24:03.770Z] E0323 22:24:03.770066    2571 watch.go:40] Failed to load config from "/Users/mayamarkus-malone/Documents/Personal_CS/bcup/dataconnect": could not find dataconnect.yaml in `/Users/mayamarkus-malone/Documents/Personal_CS/bcup/dataconnect`
 {"metadata":{"emulator":{"name":"dataconnect"},"message":"E0323 22:24:03.770066    2571 watch.go:40] Failed to load config from \"/Users/mayamarkus-malone/Documents/Personal_CS/bcup/dataconnect\": could not find dataconnect.yaml in `/Users/mayamarkus-malone/Documents/Personal_CS/bcup/dataconnect`\n"}}
[debug] [2026-03-24T02:24:13.773Z] E0323 22:24:13.772319    2571 watch.go:40] Failed to load config from "/Users/mayamarkus-malone/Documents/Personal_CS/bcup/dataconnect": could not find dataconnect.yaml in `/Users/mayamarkus-malone/Documents/Personal_CS/bcup/dataconnect`
 {"metadata":{"emulator":{"name":"dataconnect"},"message":"E0323 22:24:13.772319    2571 watch.go:40] Failed to load config from \"/Users/mayamarkus-malone/Documents/Personal_CS/bcup/dataconnect\": could not find dataconnect.yaml in `/Users/mayamarkus-malone/Documents/Personal_CS/bcup/dataconnect`\n"}}
[debug] [2026-03-24T02:24:23.772Z] E0323 22:24:23.772506    2571 watch.go:116] watchAllDir unable to walk dir `/Users/mayamarkus-malone/Documents/Personal_CS/bcup/dataconnect`: lstat /Users/mayamarkus-malone/Documents/Personal_CS/bcup/dataconnect: no such file or directory
E0323 22:24:23.772649    2571 watch.go:40] Failed to load config from "/Users/mayamarkus-malone/Documents/Personal_CS/bcup/dataconnect": could not find dataconnect.yaml in `/Users/mayamarkus-malone/Documents/Personal_CS/bcup/dataconnect`
 {"metadata":{"emulator":{"name":"dataconnect"},"message":"E0323 22:24:23.772506    2571 watch.go:116] watchAllDir unable to walk dir `/Users/mayamarkus-malone/Documents/Personal_CS/bcup/dataconnect`: lstat /Users/mayamarkus-malone/Documents/Personal_CS/bcup/dataconnect: no such file or directory\nE0323 22:24:23.772649    2571 watch.go:40] Failed to load config from \"/Users/mayamarkus-malone/Documents/Personal_CS/bcup/dataconnect\": could not find dataconnect.yaml in `/Users/mayamarkus-malone/Documents/Personal_CS/bcup/dataconnect`\n"}}
[debug] [2026-03-24T02:24:33.773Z] E0323 22:24:33.772646    2571 watch.go:40] Failed to load config from "/Users/mayamarkus-malone/Documents/Personal_CS/bcup/dataconnect": could not find dataconnect.yaml in `/Users/mayamarkus-malone/Documents/Personal_CS/bcup/dataconnect`
 {"metadata":{"emulator":{"name":"dataconnect"},"message":"E0323 22:24:33.772646    2571 watch.go:40] Failed to load config from \"/Users/mayamarkus-malone/Documents/Personal_CS/bcup/dataconnect\": could not find dataconnect.yaml in `/Users/mayamarkus-malone/Documents/Personal_CS/bcup/dataconnect`\n"}}
[debug] [2026-03-24T02:24:43.773Z] E0323 22:24:43.770500    2571 watch.go:40] Failed to load config from "/Users/mayamarkus-malone/Documents/Personal_CS/bcup/dataconnect": could not find dataconnect.yaml in `/Users/mayamarkus-malone/Documents/Personal_CS/bcup/dataconnect`
 {"metadata":{"emulator":{"name":"dataconnect"},"message":"E0323 22:24:43.770500    2571 watch.go:40] Failed to load config from \"/Users/mayamarkus-malone/Documents/Personal_CS/bcup/dataconnect\": could not find dataconnect.yaml in `/Users/mayamarkus-malone/Documents/Personal_CS/bcup/dataconnect`\n"}}
[debug] [2026-03-24T02:24:53.770Z] E0323 22:24:53.770350    2571 watch.go:40] Failed to load config from "/Users/mayamarkus-malone/Documents/Personal_CS/bcup/dataconnect": could not find dataconnect.yaml in `/Users/mayamarkus-malone/Documents/Personal_CS/bcup/dataconnect`
 {"metadata":{"emulator":{"name":"dataconnect"},"message":"E0323 22:24:53.770350    2571 watch.go:40] Failed to load config from \"/Users/mayamarkus-malone/Documents/Personal_CS/bcup/dataconnect\": could not find dataconnect.yaml in `/Users/mayamarkus-malone/Documents/Personal_CS/bcup/dataconnect`\n"}}
[debug] [2026-03-24T02:25:03.771Z] E0323 22:25:03.771731    2571 watch.go:40] Failed to load config from "/Users/mayamarkus-malone/Documents/Personal_CS/bcup/dataconnect": could not find dataconnect.yaml in `/Users/mayamarkus-malone/Documents/Personal_CS/bcup/dataconnect`
 {"metadata":{"emulator":{"name":"dataconnect"},"message":"E0323 22:25:03.771731    2571 watch.go:40] Failed to load config from \"/Users/mayamarkus-malone/Documents/Personal_CS/bcup/dataconnect\": could not find dataconnect.yaml in `/Users/mayamarkus-malone/Documents/Personal_CS/bcup/dataconnect`\n"}}
[debug] [2026-03-24T02:25:13.773Z] E0323 22:25:13.772762    2571 watch.go:40] Failed to load config from "/Users/mayamarkus-malone/Documents/Personal_CS/bcup/dataconnect": could not find dataconnect.yaml in `/Users/mayamarkus-malone/Documents/Personal_CS/bcup/dataconnect`
 {"metadata":{"emulator":{"name":"dataconnect"},"message":"E0323 22:25:13.772762    2571 watch.go:40] Failed to load config from \"/Users/mayamarkus-malone/Documents/Personal_CS/bcup/dataconnect\": could not find dataconnect.yaml in `/Users/mayamarkus-malone/Documents/Personal_CS/bcup/dataconnect`\n"}}
[debug] [2026-03-24T02:25:23.770Z] E0323 22:25:23.770734    2571 watch.go:116] watchAllDir unable to walk dir `/Users/mayamarkus-malone/Documents/Personal_CS/bcup/dataconnect`: lstat /Users/mayamarkus-malone/Documents/Personal_CS/bcup/dataconnect: no such file or directory
E0323 22:25:23.770755    2571 watch.go:40] Failed to load config from "/Users/mayamarkus-malone/Documents/Personal_CS/bcup/dataconnect": could not find dataconnect.yaml in `/Users/mayamarkus-malone/Documents/Personal_CS/bcup/dataconnect`
 {"metadata":{"emulator":{"name":"dataconnect"},"message":"E0323 22:25:23.770734    2571 watch.go:116] watchAllDir unable to walk dir `/Users/mayamarkus-malone/Documents/Personal_CS/bcup/dataconnect`: lstat /Users/mayamarkus-malone/Documents/Personal_CS/bcup/dataconnect: no such file or directory\nE0323 22:25:23.770755    2571 watch.go:40] Failed to load config from \"/Users/mayamarkus-malone/Documents/Personal_CS/bcup/dataconnect\": could not find dataconnect.yaml in `/Users/mayamarkus-malone/Documents/Personal_CS/bcup/dataconnect`\n"}}
[debug] [2026-03-24T02:25:33.771Z] E0323 22:25:33.770919    2571 watch.go:40] Failed to load config from "/Users/mayamarkus-malone/Documents/Personal_CS/bcup/dataconnect": could not find dataconnect.yaml in `/Users/mayamarkus-malone/Documents/Personal_CS/bcup/dataconnect`
 {"metadata":{"emulator":{"name":"dataconnect"},"message":"E0323 22:25:33.770919    2571 watch.go:40] Failed to load config from \"/Users/mayamarkus-malone/Documents/Personal_CS/bcup/dataconnect\": could not find dataconnect.yaml in `/Users/mayamarkus-malone/Documents/Personal_CS/bcup/dataconnect`\n"}}
[debug] [2026-03-24T02:25:43.771Z] E0323 22:25:43.770885    2571 watch.go:40] Failed to load config from "/Users/mayamarkus-malone/Documents/Personal_CS/bcup/dataconnect": could not find dataconnect.yaml in `/Users/mayamarkus-malone/Documents/Personal_CS/bcup/dataconnect`
 {"metadata":{"emulator":{"name":"dataconnect"},"message":"E0323 22:25:43.770885    2571 watch.go:40] Failed to load config from \"/Users/mayamarkus-malone/Documents/Personal_CS/bcup/dataconnect\": could not find dataconnect.yaml in `/Users/mayamarkus-malone/Documents/Personal_CS/bcup/dataconnect`\n"}}
[debug] [2026-03-24T02:25:53.771Z] E0323 22:25:53.771172    2571 watch.go:40] Failed to load config from "/Users/mayamarkus-malone/Documents/Personal_CS/bcup/dataconnect": could not find dataconnect.yaml in `/Users/mayamarkus-malone/Documents/Personal_CS/bcup/dataconnect`
 {"metadata":{"emulator":{"name":"dataconnect"},"message":"E0323 22:25:53.771172    2571 watch.go:40] Failed to load config from \"/Users/mayamarkus-malone/Documents/Personal_CS/bcup/dataconnect\": could not find dataconnect.yaml in `/Users/mayamarkus-malone/Documents/Personal_CS/bcup/dataconnect`\n"}}
[debug] [2026-03-24T02:26:03.771Z] E0323 22:26:03.771410    2571 watch.go:40] Failed to load config from "/Users/mayamarkus-malone/Documents/Personal_CS/bcup/dataconnect": could not find dataconnect.yaml in `/Users/mayamarkus-malone/Documents/Personal_CS/bcup/dataconnect`
 {"metadata":{"emulator":{"name":"dataconnect"},"message":"E0323 22:26:03.771410    2571 watch.go:40] Failed to load config from \"/Users/mayamarkus-malone/Documents/Personal_CS/bcup/dataconnect\": could not find dataconnect.yaml in `/Users/mayamarkus-malone/Documents/Personal_CS/bcup/dataconnect`\n"}}
[debug] [2026-03-24T02:26:13.771Z] E0323 22:26:13.770929    2571 watch.go:40] Failed to load config from "/Users/mayamarkus-malone/Documents/Personal_CS/bcup/dataconnect": could not find dataconnect.yaml in `/Users/mayamarkus-malone/Documents/Personal_CS/bcup/dataconnect`
 {"metadata":{"emulator":{"name":"dataconnect"},"message":"E0323 22:26:13.770929    2571 watch.go:40] Failed to load config from \"/Users/mayamarkus-malone/Documents/Personal_CS/bcup/dataconnect\": could not find dataconnect.yaml in `/Users/mayamarkus-malone/Documents/Personal_CS/bcup/dataconnect`\n"}}
[debug] [2026-03-24T02:26:23.771Z] E0323 22:26:23.771019    2571 watch.go:40] Failed to load config from "/Users/mayamarkus-malone/Documents/Personal_CS/bcup/dataconnect": could not find dataconnect.yaml in `/Users/mayamarkus-malone/Documents/Personal_CS/bcup/dataconnect`
 {"metadata":{"emulator":{"name":"dataconnect"},"message":"E0323 22:26:23.771019    2571 watch.go:40] Failed to load config from \"/Users/mayamarkus-malone/Documents/Personal_CS/bcup/dataconnect\": could not find dataconnect.yaml in `/Users/mayamarkus-malone/Documents/Personal_CS/bcup/dataconnect`\n"}}
[debug] [2026-03-24T02:26:23.772Z] E0323 22:26:23.770980    2571 watch.go:116] watchAllDir unable to walk dir `/Users/mayamarkus-malone/Documents/Personal_CS/bcup/dataconnect`: lstat /Users/mayamarkus-malone/Documents/Personal_CS/bcup/dataconnect: no such file or directory
 {"metadata":{"emulator":{"name":"dataconnect"},"message":"E0323 22:26:23.770980    2571 watch.go:116] watchAllDir unable to walk dir `/Users/mayamarkus-malone/Documents/Personal_CS/bcup/dataconnect`: lstat /Users/mayamarkus-malone/Documents/Personal_CS/bcup/dataconnect: no such file or directory\n"}}
[debug] [2026-03-24T02:26:33.771Z] E0323 22:26:33.770863    2571 watch.go:40] Failed to load config from "/Users/mayamarkus-malone/Documents/Personal_CS/bcup/dataconnect": could not find dataconnect.yaml in `/Users/mayamarkus-malone/Documents/Personal_CS/bcup/dataconnect`
 {"metadata":{"emulator":{"name":"dataconnect"},"message":"E0323 22:26:33.770863    2571 watch.go:40] Failed to load config from \"/Users/mayamarkus-malone/Documents/Personal_CS/bcup/dataconnect\": could not find dataconnect.yaml in `/Users/mayamarkus-malone/Documents/Personal_CS/bcup/dataconnect`\n"}}
[debug] [2026-03-24T02:26:43.770Z] E0323 22:26:43.770490    2571 watch.go:40] Failed to load config from "/Users/mayamarkus-malone/Documents/Personal_CS/bcup/dataconnect": could not find dataconnect.yaml in `/Users/mayamarkus-malone/Documents/Personal_CS/bcup/dataconnect`
 {"metadata":{"emulator":{"name":"dataconnect"},"message":"E0323 22:26:43.770490    2571 watch.go:40] Failed to load config from \"/Users/mayamarkus-malone/Documents/Personal_CS/bcup/dataconnect\": could not find dataconnect.yaml in `/Users/mayamarkus-malone/Documents/Personal_CS/bcup/dataconnect`\n"}}
[debug] [2026-03-24T02:26:53.772Z] E0323 22:26:53.772473    2571 watch.go:40] Failed to load config from "/Users/mayamarkus-malone/Documents/Personal_CS/bcup/dataconnect": could not find dataconnect.yaml in `/Users/mayamarkus-malone/Documents/Personal_CS/bcup/dataconnect`
 {"metadata":{"emulator":{"name":"dataconnect"},"message":"E0323 22:26:53.772473    2571 watch.go:40] Failed to load config from \"/Users/mayamarkus-malone/Documents/Personal_CS/bcup/dataconnect\": could not find dataconnect.yaml in `/Users/mayamarkus-malone/Documents/Personal_CS/bcup/dataconnect`\n"}}
[debug] [2026-03-24T02:27:03.771Z] E0323 22:27:03.771058    2571 watch.go:40] Failed to load config from "/Users/mayamarkus-malone/Documents/Personal_CS/bcup/dataconnect": could not find dataconnect.yaml in `/Users/mayamarkus-malone/Documents/Personal_CS/bcup/dataconnect`
 {"metadata":{"emulator":{"name":"dataconnect"},"message":"E0323 22:27:03.771058    2571 watch.go:40] Failed to load config from \"/Users/mayamarkus-malone/Documents/Personal_CS/bcup/dataconnect\": could not find dataconnect.yaml in `/Users/mayamarkus-malone/Documents/Personal_CS/bcup/dataconnect`\n"}}
[debug] [2026-03-24T02:27:13.771Z] E0323 22:27:13.770998    2571 watch.go:40] Failed to load config from "/Users/mayamarkus-malone/Documents/Personal_CS/bcup/dataconnect": could not find dataconnect.yaml in `/Users/mayamarkus-malone/Documents/Personal_CS/bcup/dataconnect`
 {"metadata":{"emulator":{"name":"dataconnect"},"message":"E0323 22:27:13.770998    2571 watch.go:40] Failed to load config from \"/Users/mayamarkus-malone/Documents/Personal_CS/bcup/dataconnect\": could not find dataconnect.yaml in `/Users/mayamarkus-malone/Documents/Personal_CS/bcup/dataconnect`\n"}}
[debug] [2026-03-24T02:27:23.771Z] E0323 22:27:23.770902    2571 watch.go:116] watchAllDir unable to walk dir `/Users/mayamarkus-malone/Documents/Personal_CS/bcup/dataconnect`: lstat /Users/mayamarkus-malone/Documents/Personal_CS/bcup/dataconnect: no such file or directory
E0323 22:27:23.770945    2571 watch.go:40] Failed to load config from "/Users/mayamarkus-malone/Documents/Personal_CS/bcup/dataconnect": could not find dataconnect.yaml in `/Users/mayamarkus-malone/Documents/Personal_CS/bcup/dataconnect`
 {"metadata":{"emulator":{"name":"dataconnect"},"message":"E0323 22:27:23.770902    2571 watch.go:116] watchAllDir unable to walk dir `/Users/mayamarkus-malone/Documents/Personal_CS/bcup/dataconnect`: lstat /Users/mayamarkus-malone/Documents/Personal_CS/bcup/dataconnect: no such file or directory\nE0323 22:27:23.770945    2571 watch.go:40] Failed to load config from \"/Users/mayamarkus-malone/Documents/Personal_CS/bcup/dataconnect\": could not find dataconnect.yaml in `/Users/mayamarkus-malone/Documents/Personal_CS/bcup/dataconnect`\n"}}
[debug] [2026-03-24T02:27:33.770Z] E0323 22:27:33.769988    2571 watch.go:40] Failed to load config from "/Users/mayamarkus-malone/Documents/Personal_CS/bcup/dataconnect": could not find dataconnect.yaml in `/Users/mayamarkus-malone/Documents/Personal_CS/bcup/dataconnect`
 {"metadata":{"emulator":{"name":"dataconnect"},"message":"E0323 22:27:33.769988    2571 watch.go:40] Failed to load config from \"/Users/mayamarkus-malone/Documents/Personal_CS/bcup/dataconnect\": could not find dataconnect.yaml in `/Users/mayamarkus-malone/Documents/Personal_CS/bcup/dataconnect`\n"}}
[debug] [2026-03-24T02:27:43.772Z] E0323 22:27:43.771118    2571 watch.go:40] Failed to load config from "/Users/mayamarkus-malone/Documents/Personal_CS/bcup/dataconnect": could not find dataconnect.yaml in `/Users/mayamarkus-malone/Documents/Personal_CS/bcup/dataconnect`
 {"metadata":{"emulator":{"name":"dataconnect"},"message":"E0323 22:27:43.771118    2571 watch.go:40] Failed to load config from \"/Users/mayamarkus-malone/Documents/Personal_CS/bcup/dataconnect\": could not find dataconnect.yaml in `/Users/mayamarkus-malone/Documents/Personal_CS/bcup/dataconnect`\n"}}
[debug] [2026-03-24T02:27:53.770Z] E0323 22:27:53.770543    2571 watch.go:40] Failed to load config from "/Users/mayamarkus-malone/Documents/Personal_CS/bcup/dataconnect": could not find dataconnect.yaml in `/Users/mayamarkus-malone/Documents/Personal_CS/bcup/dataconnect`
 {"metadata":{"emulator":{"name":"dataconnect"},"message":"E0323 22:27:53.770543    2571 watch.go:40] Failed to load config from \"/Users/mayamarkus-malone/Documents/Personal_CS/bcup/dataconnect\": could not find dataconnect.yaml in `/Users/mayamarkus-malone/Documents/Personal_CS/bcup/dataconnect`\n"}}
[debug] [2026-03-24T02:28:03.770Z] E0323 22:28:03.770466    2571 watch.go:40] Failed to load config from "/Users/mayamarkus-malone/Documents/Personal_CS/bcup/dataconnect": could not find dataconnect.yaml in `/Users/mayamarkus-malone/Documents/Personal_CS/bcup/dataconnect`
 {"metadata":{"emulator":{"name":"dataconnect"},"message":"E0323 22:28:03.770466    2571 watch.go:40] Failed to load config from \"/Users/mayamarkus-malone/Documents/Personal_CS/bcup/dataconnect\": could not find dataconnect.yaml in `/Users/mayamarkus-malone/Documents/Personal_CS/bcup/dataconnect`\n"}}
[debug] [2026-03-24T02:28:13.770Z] E0323 22:28:13.770809    2571 watch.go:40] Failed to load config from "/Users/mayamarkus-malone/Documents/Personal_CS/bcup/dataconnect": could not find dataconnect.yaml in `/Users/mayamarkus-malone/Documents/Personal_CS/bcup/dataconnect`
 {"metadata":{"emulator":{"name":"dataconnect"},"message":"E0323 22:28:13.770809    2571 watch.go:40] Failed to load config from \"/Users/mayamarkus-malone/Documents/Personal_CS/bcup/dataconnect\": could not find dataconnect.yaml in `/Users/mayamarkus-malone/Documents/Personal_CS/bcup/dataconnect`\n"}}
[debug] [2026-03-24T02:28:23.771Z] E0323 22:28:23.771017    2571 watch.go:40] Failed to load config from "/Users/mayamarkus-malone/Documents/Personal_CS/bcup/dataconnect": could not find dataconnect.yaml in `/Users/mayamarkus-malone/Documents/Personal_CS/bcup/dataconnect`
E0323 22:28:23.771031    2571 watch.go:116] watchAllDir unable to walk dir `/Users/mayamarkus-malone/Documents/Personal_CS/bcup/dataconnect`: lstat /Users/mayamarkus-malone/Documents/Personal_CS/bcup/dataconnect: no such file or directory
 {"metadata":{"emulator":{"name":"dataconnect"},"message":"E0323 22:28:23.771017    2571 watch.go:40] Failed to load config from \"/Users/mayamarkus-malone/Documents/Personal_CS/bcup/dataconnect\": could not find dataconnect.yaml in `/Users/mayamarkus-malone/Documents/Personal_CS/bcup/dataconnect`\nE0323 22:28:23.771031    2571 watch.go:116] watchAllDir unable to walk dir `/Users/mayamarkus-malone/Documents/Personal_CS/bcup/dataconnect`: lstat /Users/mayamarkus-malone/Documents/Personal_CS/bcup/dataconnect: no such file or directory\n"}}
[debug] [2026-03-24T02:28:33.772Z] E0323 22:28:33.771216    2571 watch.go:40] Failed to load config from "/Users/mayamarkus-malone/Documents/Personal_CS/bcup/dataconnect": could not find dataconnect.yaml in `/Users/mayamarkus-malone/Documents/Personal_CS/bcup/dataconnect`
 {"metadata":{"emulator":{"name":"dataconnect"},"message":"E0323 22:28:33.771216    2571 watch.go:40] Failed to load config from \"/Users/mayamarkus-malone/Documents/Personal_CS/bcup/dataconnect\": could not find dataconnect.yaml in `/Users/mayamarkus-malone/Documents/Personal_CS/bcup/dataconnect`\n"}}
[debug] [2026-03-24T02:28:43.771Z] E0323 22:28:43.771540    2571 watch.go:40] Failed to load config from "/Users/mayamarkus-malone/Documents/Personal_CS/bcup/dataconnect": could not find dataconnect.yaml in `/Users/mayamarkus-malone/Documents/Personal_CS/bcup/dataconnect`
 {"metadata":{"emulator":{"name":"dataconnect"},"message":"E0323 22:28:43.771540    2571 watch.go:40] Failed to load config from \"/Users/mayamarkus-malone/Documents/Personal_CS/bcup/dataconnect\": could not find dataconnect.yaml in `/Users/mayamarkus-malone/Documents/Personal_CS/bcup/dataconnect`\n"}}
[debug] [2026-03-24T02:28:53.771Z] E0323 22:28:53.770841    2571 watch.go:40] Failed to load config from "/Users/mayamarkus-malone/Documents/Personal_CS/bcup/dataconnect": could not find dataconnect.yaml in `/Users/mayamarkus-malone/Documents/Personal_CS/bcup/dataconnect`
 {"metadata":{"emulator":{"name":"dataconnect"},"message":"E0323 22:28:53.770841    2571 watch.go:40] Failed to load config from \"/Users/mayamarkus-malone/Documents/Personal_CS/bcup/dataconnect\": could not find dataconnect.yaml in `/Users/mayamarkus-malone/Documents/Personal_CS/bcup/dataconnect`\n"}}
[debug] [2026-03-24T02:29:03.774Z] E0323 22:29:03.773800    2571 watch.go:40] Failed to load config from "/Users/mayamarkus-malone/Documents/Personal_CS/bcup/dataconnect": could not find dataconnect.yaml in `/Users/mayamarkus-malone/Documents/Personal_CS/bcup/dataconnect`
 {"metadata":{"emulator":{"name":"dataconnect"},"message":"E0323 22:29:03.773800    2571 watch.go:40] Failed to load config from \"/Users/mayamarkus-malone/Documents/Personal_CS/bcup/dataconnect\": could not find dataconnect.yaml in `/Users/mayamarkus-malone/Documents/Personal_CS/bcup/dataconnect`\n"}}
[debug] [2026-03-24T02:29:13.773Z] E0323 22:29:13.772827    2571 watch.go:40] Failed to load config from "/Users/mayamarkus-malone/Documents/Personal_CS/bcup/dataconnect": could not find dataconnect.yaml in `/Users/mayamarkus-malone/Documents/Personal_CS/bcup/dataconnect`
 {"metadata":{"emulator":{"name":"dataconnect"},"message":"E0323 22:29:13.772827    2571 watch.go:40] Failed to load config from \"/Users/mayamarkus-malone/Documents/Personal_CS/bcup/dataconnect\": could not find dataconnect.yaml in `/Users/mayamarkus-malone/Documents/Personal_CS/bcup/dataconnect`\n"}}
[debug] [2026-03-24T02:29:23.773Z] E0323 22:29:23.772340    2571 watch.go:116] watchAllDir unable to walk dir `/Users/mayamarkus-malone/Documents/Personal_CS/bcup/dataconnect`: lstat /Users/mayamarkus-malone/Documents/Personal_CS/bcup/dataconnect: no such file or directory
 {"metadata":{"emulator":{"name":"dataconnect"},"message":"E0323 22:29:23.772340    2571 watch.go:116] watchAllDir unable to walk dir `/Users/mayamarkus-malone/Documents/Personal_CS/bcup/dataconnect`: lstat /Users/mayamarkus-malone/Documents/Personal_CS/bcup/dataconnect: no such file or directory\n"}}
[debug] [2026-03-24T02:29:23.775Z] E0323 22:29:23.774255    2571 watch.go:40] Failed to load config from "/Users/mayamarkus-malone/Documents/Personal_CS/bcup/dataconnect": could not find dataconnect.yaml in `/Users/mayamarkus-malone/Documents/Personal_CS/bcup/dataconnect`
 {"metadata":{"emulator":{"name":"dataconnect"},"message":"E0323 22:29:23.774255    2571 watch.go:40] Failed to load config from \"/Users/mayamarkus-malone/Documents/Personal_CS/bcup/dataconnect\": could not find dataconnect.yaml in `/Users/mayamarkus-malone/Documents/Personal_CS/bcup/dataconnect`\n"}}
[debug] [2026-03-24T02:29:33.775Z] E0323 22:29:33.774647    2571 watch.go:40] Failed to load config from "/Users/mayamarkus-malone/Documents/Personal_CS/bcup/dataconnect": could not find dataconnect.yaml in `/Users/mayamarkus-malone/Documents/Personal_CS/bcup/dataconnect`
 {"metadata":{"emulator":{"name":"dataconnect"},"message":"E0323 22:29:33.774647    2571 watch.go:40] Failed to load config from \"/Users/mayamarkus-malone/Documents/Personal_CS/bcup/dataconnect\": could not find dataconnect.yaml in `/Users/mayamarkus-malone/Documents/Personal_CS/bcup/dataconnect`\n"}}
[debug] [2026-03-24T02:29:43.771Z] E0323 22:29:43.771077    2571 watch.go:40] Failed to load config from "/Users/mayamarkus-malone/Documents/Personal_CS/bcup/dataconnect": could not find dataconnect.yaml in `/Users/mayamarkus-malone/Documents/Personal_CS/bcup/dataconnect`
 {"metadata":{"emulator":{"name":"dataconnect"},"message":"E0323 22:29:43.771077    2571 watch.go:40] Failed to load config from \"/Users/mayamarkus-malone/Documents/Personal_CS/bcup/dataconnect\": could not find dataconnect.yaml in `/Users/mayamarkus-malone/Documents/Personal_CS/bcup/dataconnect`\n"}}
[debug] [2026-03-24T02:29:53.770Z] E0323 22:29:53.770215    2571 watch.go:40] Failed to load config from "/Users/mayamarkus-malone/Documents/Personal_CS/bcup/dataconnect": could not find dataconnect.yaml in `/Users/mayamarkus-malone/Documents/Personal_CS/bcup/dataconnect`
 {"metadata":{"emulator":{"name":"dataconnect"},"message":"E0323 22:29:53.770215    2571 watch.go:40] Failed to load config from \"/Users/mayamarkus-malone/Documents/Personal_CS/bcup/dataconnect\": could not find dataconnect.yaml in `/Users/mayamarkus-malone/Documents/Personal_CS/bcup/dataconnect`\n"}}
[debug] [2026-03-24T02:30:03.775Z] E0323 22:30:03.775266    2571 watch.go:40] Failed to load config from "/Users/mayamarkus-malone/Documents/Personal_CS/bcup/dataconnect": could not find dataconnect.yaml in `/Users/mayamarkus-malone/Documents/Personal_CS/bcup/dataconnect`
 {"metadata":{"emulator":{"name":"dataconnect"},"message":"E0323 22:30:03.775266    2571 watch.go:40] Failed to load config from \"/Users/mayamarkus-malone/Documents/Personal_CS/bcup/dataconnect\": could not find dataconnect.yaml in `/Users/mayamarkus-malone/Documents/Personal_CS/bcup/dataconnect`\n"}}
[debug] [2026-03-24T02:30:13.776Z] E0323 22:30:13.776030    2571 watch.go:40] Failed to load config from "/Users/mayamarkus-malone/Documents/Personal_CS/bcup/dataconnect": could not find dataconnect.yaml in `/Users/mayamarkus-malone/Documents/Personal_CS/bcup/dataconnect`
 {"metadata":{"emulator":{"name":"dataconnect"},"message":"E0323 22:30:13.776030    2571 watch.go:40] Failed to load config from \"/Users/mayamarkus-malone/Documents/Personal_CS/bcup/dataconnect\": could not find dataconnect.yaml in `/Users/mayamarkus-malone/Documents/Personal_CS/bcup/dataconnect`\n"}}
[debug] [2026-03-24T02:30:23.773Z] E0323 22:30:23.773606    2571 watch.go:116] watchAllDir unable to walk dir `/Users/mayamarkus-malone/Documents/Personal_CS/bcup/dataconnect`: lstat /Users/mayamarkus-malone/Documents/Personal_CS/bcup/dataconnect: no such file or directory
E0323 22:30:23.773747    2571 watch.go:40] Failed to load config from "/Users/mayamarkus-malone/Documents/Personal_CS/bcup/dataconnect": could not find dataconnect.yaml in `/Users/mayamarkus-malone/Documents/Personal_CS/bcup/dataconnect`
 {"metadata":{"emulator":{"name":"dataconnect"},"message":"E0323 22:30:23.773606    2571 watch.go:116] watchAllDir unable to walk dir `/Users/mayamarkus-malone/Documents/Personal_CS/bcup/dataconnect`: lstat /Users/mayamarkus-malone/Documents/Personal_CS/bcup/dataconnect: no such file or directory\nE0323 22:30:23.773747    2571 watch.go:40] Failed to load config from \"/Users/mayamarkus-malone/Documents/Personal_CS/bcup/dataconnect\": could not find dataconnect.yaml in `/Users/mayamarkus-malone/Documents/Personal_CS/bcup/dataconnect`\n"}}
[debug] [2026-03-24T02:30:33.770Z] E0323 22:30:33.770321    2571 watch.go:40] Failed to load config from "/Users/mayamarkus-malone/Documents/Personal_CS/bcup/dataconnect": could not find dataconnect.yaml in `/Users/mayamarkus-malone/Documents/Personal_CS/bcup/dataconnect`
 {"metadata":{"emulator":{"name":"dataconnect"},"message":"E0323 22:30:33.770321    2571 watch.go:40] Failed to load config from \"/Users/mayamarkus-malone/Documents/Personal_CS/bcup/dataconnect\": could not find dataconnect.yaml in `/Users/mayamarkus-malone/Documents/Personal_CS/bcup/dataconnect`\n"}}
[debug] [2026-03-24T02:30:43.773Z] E0323 22:30:43.771078    2571 watch.go:40] Failed to load config from "/Users/mayamarkus-malone/Documents/Personal_CS/bcup/dataconnect": could not find dataconnect.yaml in `/Users/mayamarkus-malone/Documents/Personal_CS/bcup/dataconnect`
 {"metadata":{"emulator":{"name":"dataconnect"},"message":"E0323 22:30:43.771078    2571 watch.go:40] Failed to load config from \"/Users/mayamarkus-malone/Documents/Personal_CS/bcup/dataconnect\": could not find dataconnect.yaml in `/Users/mayamarkus-malone/Documents/Personal_CS/bcup/dataconnect`\n"}}
[debug] [2026-03-24T02:30:53.771Z] E0323 22:30:53.770893    2571 watch.go:40] Failed to load config from "/Users/mayamarkus-malone/Documents/Personal_CS/bcup/dataconnect": could not find dataconnect.yaml in `/Users/mayamarkus-malone/Documents/Personal_CS/bcup/dataconnect`
 {"metadata":{"emulator":{"name":"dataconnect"},"message":"E0323 22:30:53.770893    2571 watch.go:40] Failed to load config from \"/Users/mayamarkus-malone/Documents/Personal_CS/bcup/dataconnect\": could not find dataconnect.yaml in `/Users/mayamarkus-malone/Documents/Personal_CS/bcup/dataconnect`\n"}}
[debug] [2026-03-24T02:31:03.770Z] E0323 22:31:03.769976    2571 watch.go:40] Failed to load config from "/Users/mayamarkus-malone/Documents/Personal_CS/bcup/dataconnect": could not find dataconnect.yaml in `/Users/mayamarkus-malone/Documents/Personal_CS/bcup/dataconnect`
 {"metadata":{"emulator":{"name":"dataconnect"},"message":"E0323 22:31:03.769976    2571 watch.go:40] Failed to load config from \"/Users/mayamarkus-malone/Documents/Personal_CS/bcup/dataconnect\": could not find dataconnect.yaml in `/Users/mayamarkus-malone/Documents/Personal_CS/bcup/dataconnect`\n"}}
[debug] [2026-03-24T02:31:13.771Z] E0323 22:31:13.770985    2571 watch.go:40] Failed to load config from "/Users/mayamarkus-malone/Documents/Personal_CS/bcup/dataconnect": could not find dataconnect.yaml in `/Users/mayamarkus-malone/Documents/Personal_CS/bcup/dataconnect`
 {"metadata":{"emulator":{"name":"dataconnect"},"message":"E0323 22:31:13.770985    2571 watch.go:40] Failed to load config from \"/Users/mayamarkus-malone/Documents/Personal_CS/bcup/dataconnect\": could not find dataconnect.yaml in `/Users/mayamarkus-malone/Documents/Personal_CS/bcup/dataconnect`\n"}}
[debug] [2026-03-24T02:31:23.773Z] E0323 22:31:23.772987    2571 watch.go:116] watchAllDir unable to walk dir `/Users/mayamarkus-malone/Documents/Personal_CS/bcup/dataconnect`: lstat /Users/mayamarkus-malone/Documents/Personal_CS/bcup/dataconnect: no such file or directory
 {"metadata":{"emulator":{"name":"dataconnect"},"message":"E0323 22:31:23.772987    2571 watch.go:116] watchAllDir unable to walk dir `/Users/mayamarkus-malone/Documents/Personal_CS/bcup/dataconnect`: lstat /Users/mayamarkus-malone/Documents/Personal_CS/bcup/dataconnect: no such file or directory\n"}}
[debug] [2026-03-24T02:31:23.773Z] E0323 22:31:23.773535    2571 watch.go:40] Failed to load config from "/Users/mayamarkus-malone/Documents/Personal_CS/bcup/dataconnect": could not find dataconnect.yaml in `/Users/mayamarkus-malone/Documents/Personal_CS/bcup/dataconnect`
 {"metadata":{"emulator":{"name":"dataconnect"},"message":"E0323 22:31:23.773535    2571 watch.go:40] Failed to load config from \"/Users/mayamarkus-malone/Documents/Personal_CS/bcup/dataconnect\": could not find dataconnect.yaml in `/Users/mayamarkus-malone/Documents/Personal_CS/bcup/dataconnect`\n"}}
[debug] [2026-03-24T02:31:33.772Z] E0323 22:31:33.771975    2571 watch.go:40] Failed to load config from "/Users/mayamarkus-malone/Documents/Personal_CS/bcup/dataconnect": could not find dataconnect.yaml in `/Users/mayamarkus-malone/Documents/Personal_CS/bcup/dataconnect`
 {"metadata":{"emulator":{"name":"dataconnect"},"message":"E0323 22:31:33.771975    2571 watch.go:40] Failed to load config from \"/Users/mayamarkus-malone/Documents/Personal_CS/bcup/dataconnect\": could not find dataconnect.yaml in `/Users/mayamarkus-malone/Documents/Personal_CS/bcup/dataconnect`\n"}}
[debug] [2026-03-24T02:31:43.775Z] E0323 22:31:43.772101    2571 watch.go:40] Failed to load config from "/Users/mayamarkus-malone/Documents/Personal_CS/bcup/dataconnect": could not find dataconnect.yaml in `/Users/mayamarkus-malone/Documents/Personal_CS/bcup/dataconnect`
 {"metadata":{"emulator":{"name":"dataconnect"},"message":"E0323 22:31:43.772101    2571 watch.go:40] Failed to load config from \"/Users/mayamarkus-malone/Documents/Personal_CS/bcup/dataconnect\": could not find dataconnect.yaml in `/Users/mayamarkus-malone/Documents/Personal_CS/bcup/dataconnect`\n"}}
[debug] [2026-03-24T02:31:53.773Z] E0323 22:31:53.771018    2571 watch.go:40] Failed to load config from "/Users/mayamarkus-malone/Documents/Personal_CS/bcup/dataconnect": could not find dataconnect.yaml in `/Users/mayamarkus-malone/Documents/Personal_CS/bcup/dataconnect`
 {"metadata":{"emulator":{"name":"dataconnect"},"message":"E0323 22:31:53.771018    2571 watch.go:40] Failed to load config from \"/Users/mayamarkus-malone/Documents/Personal_CS/bcup/dataconnect\": could not find dataconnect.yaml in `/Users/mayamarkus-malone/Documents/Personal_CS/bcup/dataconnect`\n"}}
[debug] [2026-03-24T02:32:03.770Z] E0323 22:32:03.770571    2571 watch.go:40] Failed to load config from "/Users/mayamarkus-malone/Documents/Personal_CS/bcup/dataconnect": could not find dataconnect.yaml in `/Users/mayamarkus-malone/Documents/Personal_CS/bcup/dataconnect`
 {"metadata":{"emulator":{"name":"dataconnect"},"message":"E0323 22:32:03.770571    2571 watch.go:40] Failed to load config from \"/Users/mayamarkus-malone/Documents/Personal_CS/bcup/dataconnect\": could not find dataconnect.yaml in `/Users/mayamarkus-malone/Documents/Personal_CS/bcup/dataconnect`\n"}}
[debug] [2026-03-24T02:32:13.771Z] E0323 22:32:13.770949    2571 watch.go:40] Failed to load config from "/Users/mayamarkus-malone/Documents/Personal_CS/bcup/dataconnect": could not find dataconnect.yaml in `/Users/mayamarkus-malone/Documents/Personal_CS/bcup/dataconnect`
 {"metadata":{"emulator":{"name":"dataconnect"},"message":"E0323 22:32:13.770949    2571 watch.go:40] Failed to load config from \"/Users/mayamarkus-malone/Documents/Personal_CS/bcup/dataconnect\": could not find dataconnect.yaml in `/Users/mayamarkus-malone/Documents/Personal_CS/bcup/dataconnect`\n"}}
[debug] [2026-03-24T02:32:23.773Z] E0323 22:32:23.773678    2571 watch.go:40] Failed to load config from "/Users/mayamarkus-malone/Documents/Personal_CS/bcup/dataconnect": could not find dataconnect.yaml in `/Users/mayamarkus-malone/Documents/Personal_CS/bcup/dataconnect`
E0323 22:32:23.773635    2571 watch.go:116] watchAllDir unable to walk dir `/Users/mayamarkus-malone/Documents/Personal_CS/bcup/dataconnect`: lstat /Users/mayamarkus-malone/Documents/Personal_CS/bcup/dataconnect: no such file or directory
 {"metadata":{"emulator":{"name":"dataconnect"},"message":"E0323 22:32:23.773678    2571 watch.go:40] Failed to load config from \"/Users/mayamarkus-malone/Documents/Personal_CS/bcup/dataconnect\": could not find dataconnect.yaml in `/Users/mayamarkus-malone/Documents/Personal_CS/bcup/dataconnect`\nE0323 22:32:23.773635    2571 watch.go:116] watchAllDir unable to walk dir `/Users/mayamarkus-malone/Documents/Personal_CS/bcup/dataconnect`: lstat /Users/mayamarkus-malone/Documents/Personal_CS/bcup/dataconnect: no such file or directory\n"}}
[debug] [2026-03-24T02:32:33.776Z] E0323 22:32:33.775977    2571 watch.go:40] Failed to load config from "/Users/mayamarkus-malone/Documents/Personal_CS/bcup/dataconnect": could not find dataconnect.yaml in `/Users/mayamarkus-malone/Documents/Personal_CS/bcup/dataconnect`
 {"metadata":{"emulator":{"name":"dataconnect"},"message":"E0323 22:32:33.775977    2571 watch.go:40] Failed to load config from \"/Users/mayamarkus-malone/Documents/Personal_CS/bcup/dataconnect\": could not find dataconnect.yaml in `/Users/mayamarkus-malone/Documents/Personal_CS/bcup/dataconnect`\n"}}
[debug] [2026-03-24T02:32:43.770Z] E0323 22:32:43.770877    2571 watch.go:40] Failed to load config from "/Users/mayamarkus-malone/Documents/Personal_CS/bcup/dataconnect": could not find dataconnect.yaml in `/Users/mayamarkus-malone/Documents/Personal_CS/bcup/dataconnect`
 {"metadata":{"emulator":{"name":"dataconnect"},"message":"E0323 22:32:43.770877    2571 watch.go:40] Failed to load config from \"/Users/mayamarkus-malone/Documents/Personal_CS/bcup/dataconnect\": could not find dataconnect.yaml in `/Users/mayamarkus-malone/Documents/Personal_CS/bcup/dataconnect`\n"}}
[debug] [2026-03-24T02:32:53.771Z] E0323 22:32:53.771028    2571 watch.go:40] Failed to load config from "/Users/mayamarkus-malone/Documents/Personal_CS/bcup/dataconnect": could not find dataconnect.yaml in `/Users/mayamarkus-malone/Documents/Personal_CS/bcup/dataconnect`
 {"metadata":{"emulator":{"name":"dataconnect"},"message":"E0323 22:32:53.771028    2571 watch.go:40] Failed to load config from \"/Users/mayamarkus-malone/Documents/Personal_CS/bcup/dataconnect\": could not find dataconnect.yaml in `/Users/mayamarkus-malone/Documents/Personal_CS/bcup/dataconnect`\n"}}
[debug] [2026-03-24T02:33:03.770Z] E0323 22:33:03.770592    2571 watch.go:40] Failed to load config from "/Users/mayamarkus-malone/Documents/Personal_CS/bcup/dataconnect": could not find dataconnect.yaml in `/Users/mayamarkus-malone/Documents/Personal_CS/bcup/dataconnect`
 {"metadata":{"emulator":{"name":"dataconnect"},"message":"E0323 22:33:03.770592    2571 watch.go:40] Failed to load config from \"/Users/mayamarkus-malone/Documents/Personal_CS/bcup/dataconnect\": could not find dataconnect.yaml in `/Users/mayamarkus-malone/Documents/Personal_CS/bcup/dataconnect`\n"}}
[debug] [2026-03-24T02:33:13.771Z] E0323 22:33:13.771096    2571 watch.go:40] Failed to load config from "/Users/mayamarkus-malone/Documents/Personal_CS/bcup/dataconnect": could not find dataconnect.yaml in `/Users/mayamarkus-malone/Documents/Personal_CS/bcup/dataconnect`
 {"metadata":{"emulator":{"name":"dataconnect"},"message":"E0323 22:33:13.771096    2571 watch.go:40] Failed to load config from \"/Users/mayamarkus-malone/Documents/Personal_CS/bcup/dataconnect\": could not find dataconnect.yaml in `/Users/mayamarkus-malone/Documents/Personal_CS/bcup/dataconnect`\n"}}
[debug] [2026-03-24T02:33:23.774Z] E0323 22:33:23.774580    2571 watch.go:116] watchAllDir unable to walk dir `/Users/mayamarkus-malone/Documents/Personal_CS/bcup/dataconnect`: lstat /Users/mayamarkus-malone/Documents/Personal_CS/bcup/dataconnect: no such file or directory
E0323 22:33:23.774725    2571 watch.go:40] Failed to load config from "/Users/mayamarkus-malone/Documents/Personal_CS/bcup/dataconnect": could not find dataconnect.yaml in `/Users/mayamarkus-malone/Documents/Personal_CS/bcup/dataconnect`
 {"metadata":{"emulator":{"name":"dataconnect"},"message":"E0323 22:33:23.774580    2571 watch.go:116] watchAllDir unable to walk dir `/Users/mayamarkus-malone/Documents/Personal_CS/bcup/dataconnect`: lstat /Users/mayamarkus-malone/Documents/Personal_CS/bcup/dataconnect: no such file or directory\nE0323 22:33:23.774725    2571 watch.go:40] Failed to load config from \"/Users/mayamarkus-malone/Documents/Personal_CS/bcup/dataconnect\": could not find dataconnect.yaml in `/Users/mayamarkus-malone/Documents/Personal_CS/bcup/dataconnect`\n"}}
[debug] [2026-03-24T02:33:33.772Z] E0323 22:33:33.771263    2571 watch.go:40] Failed to load config from "/Users/mayamarkus-malone/Documents/Personal_CS/bcup/dataconnect": could not find dataconnect.yaml in `/Users/mayamarkus-malone/Documents/Personal_CS/bcup/dataconnect`
 {"metadata":{"emulator":{"name":"dataconnect"},"message":"E0323 22:33:33.771263    2571 watch.go:40] Failed to load config from \"/Users/mayamarkus-malone/Documents/Personal_CS/bcup/dataconnect\": could not find dataconnect.yaml in `/Users/mayamarkus-malone/Documents/Personal_CS/bcup/dataconnect`\n"}}
[debug] [2026-03-24T02:33:43.770Z] E0323 22:33:43.770608    2571 watch.go:40] Failed to load config from "/Users/mayamarkus-malone/Documents/Personal_CS/bcup/dataconnect": could not find dataconnect.yaml in `/Users/mayamarkus-malone/Documents/Personal_CS/bcup/dataconnect`
 {"metadata":{"emulator":{"name":"dataconnect"},"message":"E0323 22:33:43.770608    2571 watch.go:40] Failed to load config from \"/Users/mayamarkus-malone/Documents/Personal_CS/bcup/dataconnect\": could not find dataconnect.yaml in `/Users/mayamarkus-malone/Documents/Personal_CS/bcup/dataconnect`\n"}}
[debug] [2026-03-24T02:33:53.770Z] E0323 22:33:53.770567    2571 watch.go:40] Failed to load config from "/Users/mayamarkus-malone/Documents/Personal_CS/bcup/dataconnect": could not find dataconnect.yaml in `/Users/mayamarkus-malone/Documents/Personal_CS/bcup/dataconnect`
 {"metadata":{"emulator":{"name":"dataconnect"},"message":"E0323 22:33:53.770567    2571 watch.go:40] Failed to load config from \"/Users/mayamarkus-malone/Documents/Personal_CS/bcup/dataconnect\": could not find dataconnect.yaml in `/Users/mayamarkus-malone/Documents/Personal_CS/bcup/dataconnect`\n"}}
[debug] [2026-03-24T02:34:03.772Z] E0323 22:34:03.771015    2571 watch.go:40] Failed to load config from "/Users/mayamarkus-malone/Documents/Personal_CS/bcup/dataconnect": could not find dataconnect.yaml in `/Users/mayamarkus-malone/Documents/Personal_CS/bcup/dataconnect`
 {"metadata":{"emulator":{"name":"dataconnect"},"message":"E0323 22:34:03.771015    2571 watch.go:40] Failed to load config from \"/Users/mayamarkus-malone/Documents/Personal_CS/bcup/dataconnect\": could not find dataconnect.yaml in `/Users/mayamarkus-malone/Documents/Personal_CS/bcup/dataconnect`\n"}}
[debug] [2026-03-24T02:34:13.774Z] E0323 22:34:13.773704    2571 watch.go:40] Failed to load config from "/Users/mayamarkus-malone/Documents/Personal_CS/bcup/dataconnect": could not find dataconnect.yaml in `/Users/mayamarkus-malone/Documents/Personal_CS/bcup/dataconnect`
 {"metadata":{"emulator":{"name":"dataconnect"},"message":"E0323 22:34:13.773704    2571 watch.go:40] Failed to load config from \"/Users/mayamarkus-malone/Documents/Personal_CS/bcup/dataconnect\": could not find dataconnect.yaml in `/Users/mayamarkus-malone/Documents/Personal_CS/bcup/dataconnect`\n"}}
[debug] [2026-03-24T02:34:23.773Z] E0323 22:34:23.772519    2571 watch.go:116] watchAllDir unable to walk dir `/Users/mayamarkus-malone/Documents/Personal_CS/bcup/dataconnect`: lstat /Users/mayamarkus-malone/Documents/Personal_CS/bcup/dataconnect: no such file or directory
E0323 22:34:23.772757    2571 watch.go:40] Failed to load config from "/Users/mayamarkus-malone/Documents/Personal_CS/bcup/dataconnect": could not find dataconnect.yaml in `/Users/mayamarkus-malone/Documents/Personal_CS/bcup/dataconnect`
 {"metadata":{"emulator":{"name":"dataconnect"},"message":"E0323 22:34:23.772519    2571 watch.go:116] watchAllDir unable to walk dir `/Users/mayamarkus-malone/Documents/Personal_CS/bcup/dataconnect`: lstat /Users/mayamarkus-malone/Documents/Personal_CS/bcup/dataconnect: no such file or directory\nE0323 22:34:23.772757    2571 watch.go:40] Failed to load config from \"/Users/mayamarkus-malone/Documents/Personal_CS/bcup/dataconnect\": could not find dataconnect.yaml in `/Users/mayamarkus-malone/Documents/Personal_CS/bcup/dataconnect`\n"}}
[debug] [2026-03-24T02:34:33.771Z] E0323 22:34:33.770880    2571 watch.go:40] Failed to load config from "/Users/mayamarkus-malone/Documents/Personal_CS/bcup/dataconnect": could not find dataconnect.yaml in `/Users/mayamarkus-malone/Documents/Personal_CS/bcup/dataconnect`
 {"metadata":{"emulator":{"name":"dataconnect"},"message":"E0323 22:34:33.770880    2571 watch.go:40] Failed to load config from \"/Users/mayamarkus-malone/Documents/Personal_CS/bcup/dataconnect\": could not find dataconnect.yaml in `/Users/mayamarkus-malone/Documents/Personal_CS/bcup/dataconnect`\n"}}
[debug] [2026-03-24T02:34:43.771Z] E0323 22:34:43.770923    2571 watch.go:40] Failed to load config from "/Users/mayamarkus-malone/Documents/Personal_CS/bcup/dataconnect": could not find dataconnect.yaml in `/Users/mayamarkus-malone/Documents/Personal_CS/bcup/dataconnect`
 {"metadata":{"emulator":{"name":"dataconnect"},"message":"E0323 22:34:43.770923    2571 watch.go:40] Failed to load config from \"/Users/mayamarkus-malone/Documents/Personal_CS/bcup/dataconnect\": could not find dataconnect.yaml in `/Users/mayamarkus-malone/Documents/Personal_CS/bcup/dataconnect`\n"}}
[debug] [2026-03-24T02:34:53.772Z] E0323 22:34:53.772309    2571 watch.go:40] Failed to load config from "/Users/mayamarkus-malone/Documents/Personal_CS/bcup/dataconnect": could not find dataconnect.yaml in `/Users/mayamarkus-malone/Documents/Personal_CS/bcup/dataconnect`
 {"metadata":{"emulator":{"name":"dataconnect"},"message":"E0323 22:34:53.772309    2571 watch.go:40] Failed to load config from \"/Users/mayamarkus-malone/Documents/Personal_CS/bcup/dataconnect\": could not find dataconnect.yaml in `/Users/mayamarkus-malone/Documents/Personal_CS/bcup/dataconnect`\n"}}
[debug] [2026-03-24T02:35:03.773Z] E0323 22:35:03.772757    2571 watch.go:40] Failed to load config from "/Users/mayamarkus-malone/Documents/Personal_CS/bcup/dataconnect": could not find dataconnect.yaml in `/Users/mayamarkus-malone/Documents/Personal_CS/bcup/dataconnect`
 {"metadata":{"emulator":{"name":"dataconnect"},"message":"E0323 22:35:03.772757    2571 watch.go:40] Failed to load config from \"/Users/mayamarkus-malone/Documents/Personal_CS/bcup/dataconnect\": could not find dataconnect.yaml in `/Users/mayamarkus-malone/Documents/Personal_CS/bcup/dataconnect`\n"}}
[debug] [2026-03-24T02:35:13.770Z] E0323 22:35:13.770470    2571 watch.go:40] Failed to load config from "/Users/mayamarkus-malone/Documents/Personal_CS/bcup/dataconnect": could not find dataconnect.yaml in `/Users/mayamarkus-malone/Documents/Personal_CS/bcup/dataconnect`
 {"metadata":{"emulator":{"name":"dataconnect"},"message":"E0323 22:35:13.770470    2571 watch.go:40] Failed to load config from \"/Users/mayamarkus-malone/Documents/Personal_CS/bcup/dataconnect\": could not find dataconnect.yaml in `/Users/mayamarkus-malone/Documents/Personal_CS/bcup/dataconnect`\n"}}
[debug] [2026-03-24T02:35:23.773Z] E0323 22:35:23.771237    2571 watch.go:116] watchAllDir unable to walk dir `/Users/mayamarkus-malone/Documents/Personal_CS/bcup/dataconnect`: lstat /Users/mayamarkus-malone/Documents/Personal_CS/bcup/dataconnect: no such file or directory
E0323 22:35:23.771421    2571 watch.go:40] Failed to load config from "/Users/mayamarkus-malone/Documents/Personal_CS/bcup/dataconnect": could not find dataconnect.yaml in `/Users/mayamarkus-malone/Documents/Personal_CS/bcup/dataconnect`
 {"metadata":{"emulator":{"name":"dataconnect"},"message":"E0323 22:35:23.771237    2571 watch.go:116] watchAllDir unable to walk dir `/Users/mayamarkus-malone/Documents/Personal_CS/bcup/dataconnect`: lstat /Users/mayamarkus-malone/Documents/Personal_CS/bcup/dataconnect: no such file or directory\nE0323 22:35:23.771421    2571 watch.go:40] Failed to load config from \"/Users/mayamarkus-malone/Documents/Personal_CS/bcup/dataconnect\": could not find dataconnect.yaml in `/Users/mayamarkus-malone/Documents/Personal_CS/bcup/dataconnect`\n"}}
[debug] [2026-03-24T02:35:33.772Z] E0323 22:35:33.772328    2571 watch.go:40] Failed to load config from "/Users/mayamarkus-malone/Documents/Personal_CS/bcup/dataconnect": could not find dataconnect.yaml in `/Users/mayamarkus-malone/Documents/Personal_CS/bcup/dataconnect`
 {"metadata":{"emulator":{"name":"dataconnect"},"message":"E0323 22:35:33.772328    2571 watch.go:40] Failed to load config from \"/Users/mayamarkus-malone/Documents/Personal_CS/bcup/dataconnect\": could not find dataconnect.yaml in `/Users/mayamarkus-malone/Documents/Personal_CS/bcup/dataconnect`\n"}}
[debug] [2026-03-24T02:35:43.772Z] E0323 22:35:43.771127    2571 watch.go:40] Failed to load config from "/Users/mayamarkus-malone/Documents/Personal_CS/bcup/dataconnect": could not find dataconnect.yaml in `/Users/mayamarkus-malone/Documents/Personal_CS/bcup/dataconnect`
 {"metadata":{"emulator":{"name":"dataconnect"},"message":"E0323 22:35:43.771127    2571 watch.go:40] Failed to load config from \"/Users/mayamarkus-malone/Documents/Personal_CS/bcup/dataconnect\": could not find dataconnect.yaml in `/Users/mayamarkus-malone/Documents/Personal_CS/bcup/dataconnect`\n"}}
[debug] [2026-03-24T02:35:53.771Z] E0323 22:35:53.770978    2571 watch.go:40] Failed to load config from "/Users/mayamarkus-malone/Documents/Personal_CS/bcup/dataconnect": could not find dataconnect.yaml in `/Users/mayamarkus-malone/Documents/Personal_CS/bcup/dataconnect`
 {"metadata":{"emulator":{"name":"dataconnect"},"message":"E0323 22:35:53.770978    2571 watch.go:40] Failed to load config from \"/Users/mayamarkus-malone/Documents/Personal_CS/bcup/dataconnect\": could not find dataconnect.yaml in `/Users/mayamarkus-malone/Documents/Personal_CS/bcup/dataconnect`\n"}}
[debug] [2026-03-24T02:36:03.771Z] E0323 22:36:03.770975    2571 watch.go:40] Failed to load config from "/Users/mayamarkus-malone/Documents/Personal_CS/bcup/dataconnect": could not find dataconnect.yaml in `/Users/mayamarkus-malone/Documents/Personal_CS/bcup/dataconnect`
 {"metadata":{"emulator":{"name":"dataconnect"},"message":"E0323 22:36:03.770975    2571 watch.go:40] Failed to load config from \"/Users/mayamarkus-malone/Documents/Personal_CS/bcup/dataconnect\": could not find dataconnect.yaml in `/Users/mayamarkus-malone/Documents/Personal_CS/bcup/dataconnect`\n"}}
[debug] [2026-03-24T02:36:13.771Z] E0323 22:36:13.771082    2571 watch.go:40] Failed to load config from "/Users/mayamarkus-malone/Documents/Personal_CS/bcup/dataconnect": could not find dataconnect.yaml in `/Users/mayamarkus-malone/Documents/Personal_CS/bcup/dataconnect`
 {"metadata":{"emulator":{"name":"dataconnect"},"message":"E0323 22:36:13.771082    2571 watch.go:40] Failed to load config from \"/Users/mayamarkus-malone/Documents/Personal_CS/bcup/dataconnect\": could not find dataconnect.yaml in `/Users/mayamarkus-malone/Documents/Personal_CS/bcup/dataconnect`\n"}}
[debug] [2026-03-24T02:36:23.771Z] E0323 22:36:23.771057    2571 watch.go:40] Failed to load config from "/Users/mayamarkus-malone/Documents/Personal_CS/bcup/dataconnect": could not find dataconnect.yaml in `/Users/mayamarkus-malone/Documents/Personal_CS/bcup/dataconnect`
 {"metadata":{"emulator":{"name":"dataconnect"},"message":"E0323 22:36:23.771057    2571 watch.go:40] Failed to load config from \"/Users/mayamarkus-malone/Documents/Personal_CS/bcup/dataconnect\": could not find dataconnect.yaml in `/Users/mayamarkus-malone/Documents/Personal_CS/bcup/dataconnect`\n"}}
[debug] [2026-03-24T02:36:23.771Z] E0323 22:36:23.771088    2571 watch.go:116] watchAllDir unable to walk dir `/Users/mayamarkus-malone/Documents/Personal_CS/bcup/dataconnect`: lstat /Users/mayamarkus-malone/Documents/Personal_CS/bcup/dataconnect: no such file or directory
 {"metadata":{"emulator":{"name":"dataconnect"},"message":"E0323 22:36:23.771088    2571 watch.go:116] watchAllDir unable to walk dir `/Users/mayamarkus-malone/Documents/Personal_CS/bcup/dataconnect`: lstat /Users/mayamarkus-malone/Documents/Personal_CS/bcup/dataconnect: no such file or directory\n"}}
[debug] [2026-03-24T02:36:33.776Z] E0323 22:36:33.775734    2571 watch.go:40] Failed to load config from "/Users/mayamarkus-malone/Documents/Personal_CS/bcup/dataconnect": could not find dataconnect.yaml in `/Users/mayamarkus-malone/Documents/Personal_CS/bcup/dataconnect`
 {"metadata":{"emulator":{"name":"dataconnect"},"message":"E0323 22:36:33.775734    2571 watch.go:40] Failed to load config from \"/Users/mayamarkus-malone/Documents/Personal_CS/bcup/dataconnect\": could not find dataconnect.yaml in `/Users/mayamarkus-malone/Documents/Personal_CS/bcup/dataconnect`\n"}}
[debug] [2026-03-24T02:36:43.775Z] E0323 22:36:43.773522    2571 watch.go:40] Failed to load config from "/Users/mayamarkus-malone/Documents/Personal_CS/bcup/dataconnect": could not find dataconnect.yaml in `/Users/mayamarkus-malone/Documents/Personal_CS/bcup/dataconnect`
 {"metadata":{"emulator":{"name":"dataconnect"},"message":"E0323 22:36:43.773522    2571 watch.go:40] Failed to load config from \"/Users/mayamarkus-malone/Documents/Personal_CS/bcup/dataconnect\": could not find dataconnect.yaml in `/Users/mayamarkus-malone/Documents/Personal_CS/bcup/dataconnect`\n"}}
[debug] [2026-03-24T02:36:53.771Z] E0323 22:36:53.770976    2571 watch.go:40] Failed to load config from "/Users/mayamarkus-malone/Documents/Personal_CS/bcup/dataconnect": could not find dataconnect.yaml in `/Users/mayamarkus-malone/Documents/Personal_CS/bcup/dataconnect`
 {"metadata":{"emulator":{"name":"dataconnect"},"message":"E0323 22:36:53.770976    2571 watch.go:40] Failed to load config from \"/Users/mayamarkus-malone/Documents/Personal_CS/bcup/dataconnect\": could not find dataconnect.yaml in `/Users/mayamarkus-malone/Documents/Personal_CS/bcup/dataconnect`\n"}}
[debug] [2026-03-24T02:37:03.773Z] E0323 22:37:03.771121    2571 watch.go:40] Failed to load config from "/Users/mayamarkus-malone/Documents/Personal_CS/bcup/dataconnect": could not find dataconnect.yaml in `/Users/mayamarkus-malone/Documents/Personal_CS/bcup/dataconnect`
 {"metadata":{"emulator":{"name":"dataconnect"},"message":"E0323 22:37:03.771121    2571 watch.go:40] Failed to load config from \"/Users/mayamarkus-malone/Documents/Personal_CS/bcup/dataconnect\": could not find dataconnect.yaml in `/Users/mayamarkus-malone/Documents/Personal_CS/bcup/dataconnect`\n"}}
[debug] [2026-03-24T02:37:13.771Z] E0323 22:37:13.771053    2571 watch.go:40] Failed to load config from "/Users/mayamarkus-malone/Documents/Personal_CS/bcup/dataconnect": could not find dataconnect.yaml in `/Users/mayamarkus-malone/Documents/Personal_CS/bcup/dataconnect`
 {"metadata":{"emulator":{"name":"dataconnect"},"message":"E0323 22:37:13.771053    2571 watch.go:40] Failed to load config from \"/Users/mayamarkus-malone/Documents/Personal_CS/bcup/dataconnect\": could not find dataconnect.yaml in `/Users/mayamarkus-malone/Documents/Personal_CS/bcup/dataconnect`\n"}}
[debug] [2026-03-24T02:37:23.771Z] E0323 22:37:23.770837    2571 watch.go:116] watchAllDir unable to walk dir `/Users/mayamarkus-malone/Documents/Personal_CS/bcup/dataconnect`: lstat /Users/mayamarkus-malone/Documents/Personal_CS/bcup/dataconnect: no such file or directory
E0323 22:37:23.770922    2571 watch.go:40] Failed to load config from "/Users/mayamarkus-malone/Documents/Personal_CS/bcup/dataconnect": could not find dataconnect.yaml in `/Users/mayamarkus-malone/Documents/Personal_CS/bcup/dataconnect`
 {"metadata":{"emulator":{"name":"dataconnect"},"message":"E0323 22:37:23.770837    2571 watch.go:116] watchAllDir unable to walk dir `/Users/mayamarkus-malone/Documents/Personal_CS/bcup/dataconnect`: lstat /Users/mayamarkus-malone/Documents/Personal_CS/bcup/dataconnect: no such file or directory\nE0323 22:37:23.770922    2571 watch.go:40] Failed to load config from \"/Users/mayamarkus-malone/Documents/Personal_CS/bcup/dataconnect\": could not find dataconnect.yaml in `/Users/mayamarkus-malone/Documents/Personal_CS/bcup/dataconnect`\n"}}
[debug] [2026-03-24T02:37:33.774Z] E0323 22:37:33.773427    2571 watch.go:40] Failed to load config from "/Users/mayamarkus-malone/Documents/Personal_CS/bcup/dataconnect": could not find dataconnect.yaml in `/Users/mayamarkus-malone/Documents/Personal_CS/bcup/dataconnect`
 {"metadata":{"emulator":{"name":"dataconnect"},"message":"E0323 22:37:33.773427    2571 watch.go:40] Failed to load config from \"/Users/mayamarkus-malone/Documents/Personal_CS/bcup/dataconnect\": could not find dataconnect.yaml in `/Users/mayamarkus-malone/Documents/Personal_CS/bcup/dataconnect`\n"}}
[debug] [2026-03-24T02:37:43.773Z] E0323 22:37:43.773528    2571 watch.go:40] Failed to load config from "/Users/mayamarkus-malone/Documents/Personal_CS/bcup/dataconnect": could not find dataconnect.yaml in `/Users/mayamarkus-malone/Documents/Personal_CS/bcup/dataconnect`
 {"metadata":{"emulator":{"name":"dataconnect"},"message":"E0323 22:37:43.773528    2571 watch.go:40] Failed to load config from \"/Users/mayamarkus-malone/Documents/Personal_CS/bcup/dataconnect\": could not find dataconnect.yaml in `/Users/mayamarkus-malone/Documents/Personal_CS/bcup/dataconnect`\n"}}
[debug] [2026-03-24T02:37:53.773Z] E0323 22:37:53.772885    2571 watch.go:40] Failed to load config from "/Users/mayamarkus-malone/Documents/Personal_CS/bcup/dataconnect": could not find dataconnect.yaml in `/Users/mayamarkus-malone/Documents/Personal_CS/bcup/dataconnect`
 {"metadata":{"emulator":{"name":"dataconnect"},"message":"E0323 22:37:53.772885    2571 watch.go:40] Failed to load config from \"/Users/mayamarkus-malone/Documents/Personal_CS/bcup/dataconnect\": could not find dataconnect.yaml in `/Users/mayamarkus-malone/Documents/Personal_CS/bcup/dataconnect`\n"}}
[debug] [2026-03-24T02:38:03.771Z] E0323 22:38:03.770973    2571 watch.go:40] Failed to load config from "/Users/mayamarkus-malone/Documents/Personal_CS/bcup/dataconnect": could not find dataconnect.yaml in `/Users/mayamarkus-malone/Documents/Personal_CS/bcup/dataconnect`
 {"metadata":{"emulator":{"name":"dataconnect"},"message":"E0323 22:38:03.770973    2571 watch.go:40] Failed to load config from \"/Users/mayamarkus-malone/Documents/Personal_CS/bcup/dataconnect\": could not find dataconnect.yaml in `/Users/mayamarkus-malone/Documents/Personal_CS/bcup/dataconnect`\n"}}
[debug] [2026-03-24T02:38:13.771Z] E0323 22:38:13.771130    2571 watch.go:40] Failed to load config from "/Users/mayamarkus-malone/Documents/Personal_CS/bcup/dataconnect": could not find dataconnect.yaml in `/Users/mayamarkus-malone/Documents/Personal_CS/bcup/dataconnect`
 {"metadata":{"emulator":{"name":"dataconnect"},"message":"E0323 22:38:13.771130    2571 watch.go:40] Failed to load config from \"/Users/mayamarkus-malone/Documents/Personal_CS/bcup/dataconnect\": could not find dataconnect.yaml in `/Users/mayamarkus-malone/Documents/Personal_CS/bcup/dataconnect`\n"}}
[debug] [2026-03-24T02:38:23.774Z] E0323 22:38:23.773330    2571 watch.go:116] watchAllDir unable to walk dir `/Users/mayamarkus-malone/Documents/Personal_CS/bcup/dataconnect`: lstat /Users/mayamarkus-malone/Documents/Personal_CS/bcup/dataconnect: no such file or directory
E0323 22:38:23.773539    2571 watch.go:40] Failed to load config from "/Users/mayamarkus-malone/Documents/Personal_CS/bcup/dataconnect": could not find dataconnect.yaml in `/Users/mayamarkus-malone/Documents/Personal_CS/bcup/dataconnect`
 {"metadata":{"emulator":{"name":"dataconnect"},"message":"E0323 22:38:23.773330    2571 watch.go:116] watchAllDir unable to walk dir `/Users/mayamarkus-malone/Documents/Personal_CS/bcup/dataconnect`: lstat /Users/mayamarkus-malone/Documents/Personal_CS/bcup/dataconnect: no such file or directory\nE0323 22:38:23.773539    2571 watch.go:40] Failed to load config from \"/Users/mayamarkus-malone/Documents/Personal_CS/bcup/dataconnect\": could not find dataconnect.yaml in `/Users/mayamarkus-malone/Documents/Personal_CS/bcup/dataconnect`\n"}}
[debug] [2026-03-24T02:38:33.771Z] E0323 22:38:33.771024    2571 watch.go:40] Failed to load config from "/Users/mayamarkus-malone/Documents/Personal_CS/bcup/dataconnect": could not find dataconnect.yaml in `/Users/mayamarkus-malone/Documents/Personal_CS/bcup/dataconnect`
 {"metadata":{"emulator":{"name":"dataconnect"},"message":"E0323 22:38:33.771024    2571 watch.go:40] Failed to load config from \"/Users/mayamarkus-malone/Documents/Personal_CS/bcup/dataconnect\": could not find dataconnect.yaml in `/Users/mayamarkus-malone/Documents/Personal_CS/bcup/dataconnect`\n"}}
[debug] [2026-03-24T02:38:43.775Z] E0323 22:38:43.774865    2571 watch.go:40] Failed to load config from "/Users/mayamarkus-malone/Documents/Personal_CS/bcup/dataconnect": could not find dataconnect.yaml in `/Users/mayamarkus-malone/Documents/Personal_CS/bcup/dataconnect`
 {"metadata":{"emulator":{"name":"dataconnect"},"message":"E0323 22:38:43.774865    2571 watch.go:40] Failed to load config from \"/Users/mayamarkus-malone/Documents/Personal_CS/bcup/dataconnect\": could not find dataconnect.yaml in `/Users/mayamarkus-malone/Documents/Personal_CS/bcup/dataconnect`\n"}}
[debug] [2026-03-24T02:38:53.773Z] E0323 22:38:53.771247    2571 watch.go:40] Failed to load config from "/Users/mayamarkus-malone/Documents/Personal_CS/bcup/dataconnect": could not find dataconnect.yaml in `/Users/mayamarkus-malone/Documents/Personal_CS/bcup/dataconnect`
 {"metadata":{"emulator":{"name":"dataconnect"},"message":"E0323 22:38:53.771247    2571 watch.go:40] Failed to load config from \"/Users/mayamarkus-malone/Documents/Personal_CS/bcup/dataconnect\": could not find dataconnect.yaml in `/Users/mayamarkus-malone/Documents/Personal_CS/bcup/dataconnect`\n"}}
[debug] [2026-03-24T02:39:03.771Z] E0323 22:39:03.771118    2571 watch.go:40] Failed to load config from "/Users/mayamarkus-malone/Documents/Personal_CS/bcup/dataconnect": could not find dataconnect.yaml in `/Users/mayamarkus-malone/Documents/Personal_CS/bcup/dataconnect`
 {"metadata":{"emulator":{"name":"dataconnect"},"message":"E0323 22:39:03.771118    2571 watch.go:40] Failed to load config from \"/Users/mayamarkus-malone/Documents/Personal_CS/bcup/dataconnect\": could not find dataconnect.yaml in `/Users/mayamarkus-malone/Documents/Personal_CS/bcup/dataconnect`\n"}}
[debug] [2026-03-24T02:39:13.771Z] E0323 22:39:13.771031    2571 watch.go:40] Failed to load config from "/Users/mayamarkus-malone/Documents/Personal_CS/bcup/dataconnect": could not find dataconnect.yaml in `/Users/mayamarkus-malone/Documents/Personal_CS/bcup/dataconnect`
 {"metadata":{"emulator":{"name":"dataconnect"},"message":"E0323 22:39:13.771031    2571 watch.go:40] Failed to load config from \"/Users/mayamarkus-malone/Documents/Personal_CS/bcup/dataconnect\": could not find dataconnect.yaml in `/Users/mayamarkus-malone/Documents/Personal_CS/bcup/dataconnect`\n"}}
[debug] [2026-03-24T02:39:23.770Z] E0323 22:39:23.770447    2571 watch.go:116] watchAllDir unable to walk dir `/Users/mayamarkus-malone/Documents/Personal_CS/bcup/dataconnect`: lstat /Users/mayamarkus-malone/Documents/Personal_CS/bcup/dataconnect: no such file or directory
E0323 22:39:23.770525    2571 watch.go:40] Failed to load config from "/Users/mayamarkus-malone/Documents/Personal_CS/bcup/dataconnect": could not find dataconnect.yaml in `/Users/mayamarkus-malone/Documents/Personal_CS/bcup/dataconnect`
 {"metadata":{"emulator":{"name":"dataconnect"},"message":"E0323 22:39:23.770447    2571 watch.go:116] watchAllDir unable to walk dir `/Users/mayamarkus-malone/Documents/Personal_CS/bcup/dataconnect`: lstat /Users/mayamarkus-malone/Documents/Personal_CS/bcup/dataconnect: no such file or directory\nE0323 22:39:23.770525    2571 watch.go:40] Failed to load config from \"/Users/mayamarkus-malone/Documents/Personal_CS/bcup/dataconnect\": could not find dataconnect.yaml in `/Users/mayamarkus-malone/Documents/Personal_CS/bcup/dataconnect`\n"}}
[debug] [2026-03-24T02:39:33.777Z] E0323 22:39:33.777071    2571 watch.go:40] Failed to load config from "/Users/mayamarkus-malone/Documents/Personal_CS/bcup/dataconnect": could not find dataconnect.yaml in `/Users/mayamarkus-malone/Documents/Personal_CS/bcup/dataconnect`
 {"metadata":{"emulator":{"name":"dataconnect"},"message":"E0323 22:39:33.777071    2571 watch.go:40] Failed to load config from \"/Users/mayamarkus-malone/Documents/Personal_CS/bcup/dataconnect\": could not find dataconnect.yaml in `/Users/mayamarkus-malone/Documents/Personal_CS/bcup/dataconnect`\n"}}
[debug] [2026-03-24T02:39:43.776Z] E0323 22:39:43.775617    2571 watch.go:40] Failed to load config from "/Users/mayamarkus-malone/Documents/Personal_CS/bcup/dataconnect": could not find dataconnect.yaml in `/Users/mayamarkus-malone/Documents/Personal_CS/bcup/dataconnect`
 {"metadata":{"emulator":{"name":"dataconnect"},"message":"E0323 22:39:43.775617    2571 watch.go:40] Failed to load config from \"/Users/mayamarkus-malone/Documents/Personal_CS/bcup/dataconnect\": could not find dataconnect.yaml in `/Users/mayamarkus-malone/Documents/Personal_CS/bcup/dataconnect`\n"}}
[debug] [2026-03-24T02:39:53.775Z] E0323 22:39:53.773790    2571 watch.go:40] Failed to load config from "/Users/mayamarkus-malone/Documents/Personal_CS/bcup/dataconnect": could not find dataconnect.yaml in `/Users/mayamarkus-malone/Documents/Personal_CS/bcup/dataconnect`
 {"metadata":{"emulator":{"name":"dataconnect"},"message":"E0323 22:39:53.773790    2571 watch.go:40] Failed to load config from \"/Users/mayamarkus-malone/Documents/Personal_CS/bcup/dataconnect\": could not find dataconnect.yaml in `/Users/mayamarkus-malone/Documents/Personal_CS/bcup/dataconnect`\n"}}
[debug] [2026-03-24T02:40:03.773Z] E0323 22:40:03.773551    2571 watch.go:40] Failed to load config from "/Users/mayamarkus-malone/Documents/Personal_CS/bcup/dataconnect": could not find dataconnect.yaml in `/Users/mayamarkus-malone/Documents/Personal_CS/bcup/dataconnect`
 {"metadata":{"emulator":{"name":"dataconnect"},"message":"E0323 22:40:03.773551    2571 watch.go:40] Failed to load config from \"/Users/mayamarkus-malone/Documents/Personal_CS/bcup/dataconnect\": could not find dataconnect.yaml in `/Users/mayamarkus-malone/Documents/Personal_CS/bcup/dataconnect`\n"}}
[debug] [2026-03-24T02:40:13.771Z] E0323 22:40:13.771006    2571 watch.go:40] Failed to load config from "/Users/mayamarkus-malone/Documents/Personal_CS/bcup/dataconnect": could not find dataconnect.yaml in `/Users/mayamarkus-malone/Documents/Personal_CS/bcup/dataconnect`
 {"metadata":{"emulator":{"name":"dataconnect"},"message":"E0323 22:40:13.771006    2571 watch.go:40] Failed to load config from \"/Users/mayamarkus-malone/Documents/Personal_CS/bcup/dataconnect\": could not find dataconnect.yaml in `/Users/mayamarkus-malone/Documents/Personal_CS/bcup/dataconnect`\n"}}
[debug] [2026-03-24T02:40:23.775Z] E0323 22:40:23.774349    2571 watch.go:116] watchAllDir unable to walk dir `/Users/mayamarkus-malone/Documents/Personal_CS/bcup/dataconnect`: lstat /Users/mayamarkus-malone/Documents/Personal_CS/bcup/dataconnect: no such file or directory
E0323 22:40:23.774967    2571 watch.go:40] Failed to load config from "/Users/mayamarkus-malone/Documents/Personal_CS/bcup/dataconnect": could not find dataconnect.yaml in `/Users/mayamarkus-malone/Documents/Personal_CS/bcup/dataconnect`
 {"metadata":{"emulator":{"name":"dataconnect"},"message":"E0323 22:40:23.774349    2571 watch.go:116] watchAllDir unable to walk dir `/Users/mayamarkus-malone/Documents/Personal_CS/bcup/dataconnect`: lstat /Users/mayamarkus-malone/Documents/Personal_CS/bcup/dataconnect: no such file or directory\nE0323 22:40:23.774967    2571 watch.go:40] Failed to load config from \"/Users/mayamarkus-malone/Documents/Personal_CS/bcup/dataconnect\": could not find dataconnect.yaml in `/Users/mayamarkus-malone/Documents/Personal_CS/bcup/dataconnect`\n"}}
[debug] [2026-03-24T02:40:33.773Z] E0323 22:40:33.771151    2571 watch.go:40] Failed to load config from "/Users/mayamarkus-malone/Documents/Personal_CS/bcup/dataconnect": could not find dataconnect.yaml in `/Users/mayamarkus-malone/Documents/Personal_CS/bcup/dataconnect`
 {"metadata":{"emulator":{"name":"dataconnect"},"message":"E0323 22:40:33.771151    2571 watch.go:40] Failed to load config from \"/Users/mayamarkus-malone/Documents/Personal_CS/bcup/dataconnect\": could not find dataconnect.yaml in `/Users/mayamarkus-malone/Documents/Personal_CS/bcup/dataconnect`\n"}}
[debug] [2026-03-24T02:40:43.773Z] E0323 22:40:43.773330    2571 watch.go:40] Failed to load config from "/Users/mayamarkus-malone/Documents/Personal_CS/bcup/dataconnect": could not find dataconnect.yaml in `/Users/mayamarkus-malone/Documents/Personal_CS/bcup/dataconnect`
 {"metadata":{"emulator":{"name":"dataconnect"},"message":"E0323 22:40:43.773330    2571 watch.go:40] Failed to load config from \"/Users/mayamarkus-malone/Documents/Personal_CS/bcup/dataconnect\": could not find dataconnect.yaml in `/Users/mayamarkus-malone/Documents/Personal_CS/bcup/dataconnect`\n"}}
[debug] [2026-03-24T02:40:53.774Z] E0323 22:40:53.774126    2571 watch.go:40] Failed to load config from "/Users/mayamarkus-malone/Documents/Personal_CS/bcup/dataconnect": could not find dataconnect.yaml in `/Users/mayamarkus-malone/Documents/Personal_CS/bcup/dataconnect`
 {"metadata":{"emulator":{"name":"dataconnect"},"message":"E0323 22:40:53.774126    2571 watch.go:40] Failed to load config from \"/Users/mayamarkus-malone/Documents/Personal_CS/bcup/dataconnect\": could not find dataconnect.yaml in `/Users/mayamarkus-malone/Documents/Personal_CS/bcup/dataconnect`\n"}}
[debug] [2026-03-24T02:41:03.775Z] E0323 22:41:03.773584    2571 watch.go:40] Failed to load config from "/Users/mayamarkus-malone/Documents/Personal_CS/bcup/dataconnect": could not find dataconnect.yaml in `/Users/mayamarkus-malone/Documents/Personal_CS/bcup/dataconnect`
 {"metadata":{"emulator":{"name":"dataconnect"},"message":"E0323 22:41:03.773584    2571 watch.go:40] Failed to load config from \"/Users/mayamarkus-malone/Documents/Personal_CS/bcup/dataconnect\": could not find dataconnect.yaml in `/Users/mayamarkus-malone/Documents/Personal_CS/bcup/dataconnect`\n"}}
[debug] [2026-03-24T02:41:13.773Z] E0323 22:41:13.772995    2571 watch.go:40] Failed to load config from "/Users/mayamarkus-malone/Documents/Personal_CS/bcup/dataconnect": could not find dataconnect.yaml in `/Users/mayamarkus-malone/Documents/Personal_CS/bcup/dataconnect`
 {"metadata":{"emulator":{"name":"dataconnect"},"message":"E0323 22:41:13.772995    2571 watch.go:40] Failed to load config from \"/Users/mayamarkus-malone/Documents/Personal_CS/bcup/dataconnect\": could not find dataconnect.yaml in `/Users/mayamarkus-malone/Documents/Personal_CS/bcup/dataconnect`\n"}}
[debug] [2026-03-24T02:41:23.772Z] E0323 22:41:23.772254    2571 watch.go:40] Failed to load config from "/Users/mayamarkus-malone/Documents/Personal_CS/bcup/dataconnect": could not find dataconnect.yaml in `/Users/mayamarkus-malone/Documents/Personal_CS/bcup/dataconnect`
 {"metadata":{"emulator":{"name":"dataconnect"},"message":"E0323 22:41:23.772254    2571 watch.go:40] Failed to load config from \"/Users/mayamarkus-malone/Documents/Personal_CS/bcup/dataconnect\": could not find dataconnect.yaml in `/Users/mayamarkus-malone/Documents/Personal_CS/bcup/dataconnect`\n"}}
[debug] [2026-03-24T02:41:23.774Z] E0323 22:41:23.772149    2571 watch.go:116] watchAllDir unable to walk dir `/Users/mayamarkus-malone/Documents/Personal_CS/bcup/dataconnect`: lstat /Users/mayamarkus-malone/Documents/Personal_CS/bcup/dataconnect: no such file or directory
 {"metadata":{"emulator":{"name":"dataconnect"},"message":"E0323 22:41:23.772149    2571 watch.go:116] watchAllDir unable to walk dir `/Users/mayamarkus-malone/Documents/Personal_CS/bcup/dataconnect`: lstat /Users/mayamarkus-malone/Documents/Personal_CS/bcup/dataconnect: no such file or directory\n"}}
[debug] [2026-03-24T02:41:33.772Z] E0323 22:41:33.771683    2571 watch.go:40] Failed to load config from "/Users/mayamarkus-malone/Documents/Personal_CS/bcup/dataconnect": could not find dataconnect.yaml in `/Users/mayamarkus-malone/Documents/Personal_CS/bcup/dataconnect`
 {"metadata":{"emulator":{"name":"dataconnect"},"message":"E0323 22:41:33.771683    2571 watch.go:40] Failed to load config from \"/Users/mayamarkus-malone/Documents/Personal_CS/bcup/dataconnect\": could not find dataconnect.yaml in `/Users/mayamarkus-malone/Documents/Personal_CS/bcup/dataconnect`\n"}}
[debug] [2026-03-24T02:41:43.773Z] E0323 22:41:43.773216    2571 watch.go:40] Failed to load config from "/Users/mayamarkus-malone/Documents/Personal_CS/bcup/dataconnect": could not find dataconnect.yaml in `/Users/mayamarkus-malone/Documents/Personal_CS/bcup/dataconnect`
 {"metadata":{"emulator":{"name":"dataconnect"},"message":"E0323 22:41:43.773216    2571 watch.go:40] Failed to load config from \"/Users/mayamarkus-malone/Documents/Personal_CS/bcup/dataconnect\": could not find dataconnect.yaml in `/Users/mayamarkus-malone/Documents/Personal_CS/bcup/dataconnect`\n"}}
[debug] [2026-03-24T02:41:53.771Z] E0323 22:41:53.771108    2571 watch.go:40] Failed to load config from "/Users/mayamarkus-malone/Documents/Personal_CS/bcup/dataconnect": could not find dataconnect.yaml in `/Users/mayamarkus-malone/Documents/Personal_CS/bcup/dataconnect`
 {"metadata":{"emulator":{"name":"dataconnect"},"message":"E0323 22:41:53.771108    2571 watch.go:40] Failed to load config from \"/Users/mayamarkus-malone/Documents/Personal_CS/bcup/dataconnect\": could not find dataconnect.yaml in `/Users/mayamarkus-malone/Documents/Personal_CS/bcup/dataconnect`\n"}}
[debug] [2026-03-24T02:42:03.771Z] E0323 22:42:03.771178    2571 watch.go:40] Failed to load config from "/Users/mayamarkus-malone/Documents/Personal_CS/bcup/dataconnect": could not find dataconnect.yaml in `/Users/mayamarkus-malone/Documents/Personal_CS/bcup/dataconnect`
 {"metadata":{"emulator":{"name":"dataconnect"},"message":"E0323 22:42:03.771178    2571 watch.go:40] Failed to load config from \"/Users/mayamarkus-malone/Documents/Personal_CS/bcup/dataconnect\": could not find dataconnect.yaml in `/Users/mayamarkus-malone/Documents/Personal_CS/bcup/dataconnect`\n"}}
[debug] [2026-03-24T02:42:13.771Z] E0323 22:42:13.771107    2571 watch.go:40] Failed to load config from "/Users/mayamarkus-malone/Documents/Personal_CS/bcup/dataconnect": could not find dataconnect.yaml in `/Users/mayamarkus-malone/Documents/Personal_CS/bcup/dataconnect`
 {"metadata":{"emulator":{"name":"dataconnect"},"message":"E0323 22:42:13.771107    2571 watch.go:40] Failed to load config from \"/Users/mayamarkus-malone/Documents/Personal_CS/bcup/dataconnect\": could not find dataconnect.yaml in `/Users/mayamarkus-malone/Documents/Personal_CS/bcup/dataconnect`\n"}}
[debug] [2026-03-24T02:42:23.771Z] E0323 22:42:23.771409    2571 watch.go:40] Failed to load config from "/Users/mayamarkus-malone/Documents/Personal_CS/bcup/dataconnect": could not find dataconnect.yaml in `/Users/mayamarkus-malone/Documents/Personal_CS/bcup/dataconnect`
E0323 22:42:23.771300    2571 watch.go:116] watchAllDir unable to walk dir `/Users/mayamarkus-malone/Documents/Personal_CS/bcup/dataconnect`: lstat /Users/mayamarkus-malone/Documents/Personal_CS/bcup/dataconnect: no such file or directory
 {"metadata":{"emulator":{"name":"dataconnect"},"message":"E0323 22:42:23.771409    2571 watch.go:40] Failed to load config from \"/Users/mayamarkus-malone/Documents/Personal_CS/bcup/dataconnect\": could not find dataconnect.yaml in `/Users/mayamarkus-malone/Documents/Personal_CS/bcup/dataconnect`\nE0323 22:42:23.771300    2571 watch.go:116] watchAllDir unable to walk dir `/Users/mayamarkus-malone/Documents/Personal_CS/bcup/dataconnect`: lstat /Users/mayamarkus-malone/Documents/Personal_CS/bcup/dataconnect: no such file or directory\n"}}
[debug] [2026-03-24T02:42:33.772Z] E0323 22:42:33.771653    2571 watch.go:40] Failed to load config from "/Users/mayamarkus-malone/Documents/Personal_CS/bcup/dataconnect": could not find dataconnect.yaml in `/Users/mayamarkus-malone/Documents/Personal_CS/bcup/dataconnect`
 {"metadata":{"emulator":{"name":"dataconnect"},"message":"E0323 22:42:33.771653    2571 watch.go:40] Failed to load config from \"/Users/mayamarkus-malone/Documents/Personal_CS/bcup/dataconnect\": could not find dataconnect.yaml in `/Users/mayamarkus-malone/Documents/Personal_CS/bcup/dataconnect`\n"}}
[debug] [2026-03-24T02:42:43.771Z] E0323 22:42:43.771163    2571 watch.go:40] Failed to load config from "/Users/mayamarkus-malone/Documents/Personal_CS/bcup/dataconnect": could not find dataconnect.yaml in `/Users/mayamarkus-malone/Documents/Personal_CS/bcup/dataconnect`
 {"metadata":{"emulator":{"name":"dataconnect"},"message":"E0323 22:42:43.771163    2571 watch.go:40] Failed to load config from \"/Users/mayamarkus-malone/Documents/Personal_CS/bcup/dataconnect\": could not find dataconnect.yaml in `/Users/mayamarkus-malone/Documents/Personal_CS/bcup/dataconnect`\n"}}
[debug] [2026-03-24T02:42:53.771Z] E0323 22:42:53.771219    2571 watch.go:40] Failed to load config from "/Users/mayamarkus-malone/Documents/Personal_CS/bcup/dataconnect": could not find dataconnect.yaml in `/Users/mayamarkus-malone/Documents/Personal_CS/bcup/dataconnect`
 {"metadata":{"emulator":{"name":"dataconnect"},"message":"E0323 22:42:53.771219    2571 watch.go:40] Failed to load config from \"/Users/mayamarkus-malone/Documents/Personal_CS/bcup/dataconnect\": could not find dataconnect.yaml in `/Users/mayamarkus-malone/Documents/Personal_CS/bcup/dataconnect`\n"}}
[debug] [2026-03-24T02:43:03.771Z] E0323 22:43:03.771307    2571 watch.go:40] Failed to load config from "/Users/mayamarkus-malone/Documents/Personal_CS/bcup/dataconnect": could not find dataconnect.yaml in `/Users/mayamarkus-malone/Documents/Personal_CS/bcup/dataconnect`
 {"metadata":{"emulator":{"name":"dataconnect"},"message":"E0323 22:43:03.771307    2571 watch.go:40] Failed to load config from \"/Users/mayamarkus-malone/Documents/Personal_CS/bcup/dataconnect\": could not find dataconnect.yaml in `/Users/mayamarkus-malone/Documents/Personal_CS/bcup/dataconnect`\n"}}
[debug] [2026-03-24T02:43:13.771Z] E0323 22:43:13.771087    2571 watch.go:40] Failed to load config from "/Users/mayamarkus-malone/Documents/Personal_CS/bcup/dataconnect": could not find dataconnect.yaml in `/Users/mayamarkus-malone/Documents/Personal_CS/bcup/dataconnect`
 {"metadata":{"emulator":{"name":"dataconnect"},"message":"E0323 22:43:13.771087    2571 watch.go:40] Failed to load config from \"/Users/mayamarkus-malone/Documents/Personal_CS/bcup/dataconnect\": could not find dataconnect.yaml in `/Users/mayamarkus-malone/Documents/Personal_CS/bcup/dataconnect`\n"}}
[debug] [2026-03-24T02:43:23.772Z] E0323 22:43:23.771802    2571 watch.go:40] Failed to load config from "/Users/mayamarkus-malone/Documents/Personal_CS/bcup/dataconnect": could not find dataconnect.yaml in `/Users/mayamarkus-malone/Documents/Personal_CS/bcup/dataconnect`
E0323 22:43:23.771763    2571 watch.go:116] watchAllDir unable to walk dir `/Users/mayamarkus-malone/Documents/Personal_CS/bcup/dataconnect`: lstat /Users/mayamarkus-malone/Documents/Personal_CS/bcup/dataconnect: no such file or directory
 {"metadata":{"emulator":{"name":"dataconnect"},"message":"E0323 22:43:23.771802    2571 watch.go:40] Failed to load config from \"/Users/mayamarkus-malone/Documents/Personal_CS/bcup/dataconnect\": could not find dataconnect.yaml in `/Users/mayamarkus-malone/Documents/Personal_CS/bcup/dataconnect`\nE0323 22:43:23.771763    2571 watch.go:116] watchAllDir unable to walk dir `/Users/mayamarkus-malone/Documents/Personal_CS/bcup/dataconnect`: lstat /Users/mayamarkus-malone/Documents/Personal_CS/bcup/dataconnect: no such file or directory\n"}}
[debug] [2026-03-24T02:43:33.771Z] E0323 22:43:33.771291    2571 watch.go:40] Failed to load config from "/Users/mayamarkus-malone/Documents/Personal_CS/bcup/dataconnect": could not find dataconnect.yaml in `/Users/mayamarkus-malone/Documents/Personal_CS/bcup/dataconnect`
 {"metadata":{"emulator":{"name":"dataconnect"},"message":"E0323 22:43:33.771291    2571 watch.go:40] Failed to load config from \"/Users/mayamarkus-malone/Documents/Personal_CS/bcup/dataconnect\": could not find dataconnect.yaml in `/Users/mayamarkus-malone/Documents/Personal_CS/bcup/dataconnect`\n"}}
[debug] [2026-03-24T02:43:43.773Z] E0323 22:43:43.771650    2571 watch.go:40] Failed to load config from "/Users/mayamarkus-malone/Documents/Personal_CS/bcup/dataconnect": could not find dataconnect.yaml in `/Users/mayamarkus-malone/Documents/Personal_CS/bcup/dataconnect`
 {"metadata":{"emulator":{"name":"dataconnect"},"message":"E0323 22:43:43.771650    2571 watch.go:40] Failed to load config from \"/Users/mayamarkus-malone/Documents/Personal_CS/bcup/dataconnect\": could not find dataconnect.yaml in `/Users/mayamarkus-malone/Documents/Personal_CS/bcup/dataconnect`\n"}}
[debug] [2026-03-24T02:43:53.771Z] E0323 22:43:53.771614    2571 watch.go:40] Failed to load config from "/Users/mayamarkus-malone/Documents/Personal_CS/bcup/dataconnect": could not find dataconnect.yaml in `/Users/mayamarkus-malone/Documents/Personal_CS/bcup/dataconnect`
 {"metadata":{"emulator":{"name":"dataconnect"},"message":"E0323 22:43:53.771614    2571 watch.go:40] Failed to load config from \"/Users/mayamarkus-malone/Documents/Personal_CS/bcup/dataconnect\": could not find dataconnect.yaml in `/Users/mayamarkus-malone/Documents/Personal_CS/bcup/dataconnect`\n"}}
[debug] [2026-03-24T02:44:03.771Z] E0323 22:44:03.771345    2571 watch.go:40] Failed to load config from "/Users/mayamarkus-malone/Documents/Personal_CS/bcup/dataconnect": could not find dataconnect.yaml in `/Users/mayamarkus-malone/Documents/Personal_CS/bcup/dataconnect`
 {"metadata":{"emulator":{"name":"dataconnect"},"message":"E0323 22:44:03.771345    2571 watch.go:40] Failed to load config from \"/Users/mayamarkus-malone/Documents/Personal_CS/bcup/dataconnect\": could not find dataconnect.yaml in `/Users/mayamarkus-malone/Documents/Personal_CS/bcup/dataconnect`\n"}}
[debug] [2026-03-24T02:44:13.771Z] E0323 22:44:13.771169    2571 watch.go:40] Failed to load config from "/Users/mayamarkus-malone/Documents/Personal_CS/bcup/dataconnect": could not find dataconnect.yaml in `/Users/mayamarkus-malone/Documents/Personal_CS/bcup/dataconnect`
 {"metadata":{"emulator":{"name":"dataconnect"},"message":"E0323 22:44:13.771169    2571 watch.go:40] Failed to load config from \"/Users/mayamarkus-malone/Documents/Personal_CS/bcup/dataconnect\": could not find dataconnect.yaml in `/Users/mayamarkus-malone/Documents/Personal_CS/bcup/dataconnect`\n"}}
[debug] [2026-03-24T02:44:23.771Z] E0323 22:44:23.771171    2571 watch.go:40] Failed to load config from "/Users/mayamarkus-malone/Documents/Personal_CS/bcup/dataconnect": could not find dataconnect.yaml in `/Users/mayamarkus-malone/Documents/Personal_CS/bcup/dataconnect`
 {"metadata":{"emulator":{"name":"dataconnect"},"message":"E0323 22:44:23.771171    2571 watch.go:40] Failed to load config from \"/Users/mayamarkus-malone/Documents/Personal_CS/bcup/dataconnect\": could not find dataconnect.yaml in `/Users/mayamarkus-malone/Documents/Personal_CS/bcup/dataconnect`\n"}}
[debug] [2026-03-24T02:44:23.772Z] E0323 22:44:23.771150    2571 watch.go:116] watchAllDir unable to walk dir `/Users/mayamarkus-malone/Documents/Personal_CS/bcup/dataconnect`: lstat /Users/mayamarkus-malone/Documents/Personal_CS/bcup/dataconnect: no such file or directory
 {"metadata":{"emulator":{"name":"dataconnect"},"message":"E0323 22:44:23.771150    2571 watch.go:116] watchAllDir unable to walk dir `/Users/mayamarkus-malone/Documents/Personal_CS/bcup/dataconnect`: lstat /Users/mayamarkus-malone/Documents/Personal_CS/bcup/dataconnect: no such file or directory\n"}}
[debug] [2026-03-24T02:44:33.773Z] E0323 22:44:33.772167    2571 watch.go:40] Failed to load config from "/Users/mayamarkus-malone/Documents/Personal_CS/bcup/dataconnect": could not find dataconnect.yaml in `/Users/mayamarkus-malone/Documents/Personal_CS/bcup/dataconnect`
 {"metadata":{"emulator":{"name":"dataconnect"},"message":"E0323 22:44:33.772167    2571 watch.go:40] Failed to load config from \"/Users/mayamarkus-malone/Documents/Personal_CS/bcup/dataconnect\": could not find dataconnect.yaml in `/Users/mayamarkus-malone/Documents/Personal_CS/bcup/dataconnect`\n"}}
[debug] [2026-03-24T02:44:43.773Z] E0323 22:44:43.772188    2571 watch.go:40] Failed to load config from "/Users/mayamarkus-malone/Documents/Personal_CS/bcup/dataconnect": could not find dataconnect.yaml in `/Users/mayamarkus-malone/Documents/Personal_CS/bcup/dataconnect`
 {"metadata":{"emulator":{"name":"dataconnect"},"message":"E0323 22:44:43.772188    2571 watch.go:40] Failed to load config from \"/Users/mayamarkus-malone/Documents/Personal_CS/bcup/dataconnect\": could not find dataconnect.yaml in `/Users/mayamarkus-malone/Documents/Personal_CS/bcup/dataconnect`\n"}}
[debug] [2026-03-24T02:44:53.774Z] E0323 22:44:53.772642    2571 watch.go:40] Failed to load config from "/Users/mayamarkus-malone/Documents/Personal_CS/bcup/dataconnect": could not find dataconnect.yaml in `/Users/mayamarkus-malone/Documents/Personal_CS/bcup/dataconnect`
 {"metadata":{"emulator":{"name":"dataconnect"},"message":"E0323 22:44:53.772642    2571 watch.go:40] Failed to load config from \"/Users/mayamarkus-malone/Documents/Personal_CS/bcup/dataconnect\": could not find dataconnect.yaml in `/Users/mayamarkus-malone/Documents/Personal_CS/bcup/dataconnect`\n"}}
[debug] [2026-03-24T02:45:03.772Z] E0323 22:45:03.772269    2571 watch.go:40] Failed to load config from "/Users/mayamarkus-malone/Documents/Personal_CS/bcup/dataconnect": could not find dataconnect.yaml in `/Users/mayamarkus-malone/Documents/Personal_CS/bcup/dataconnect`
 {"metadata":{"emulator":{"name":"dataconnect"},"message":"E0323 22:45:03.772269    2571 watch.go:40] Failed to load config from \"/Users/mayamarkus-malone/Documents/Personal_CS/bcup/dataconnect\": could not find dataconnect.yaml in `/Users/mayamarkus-malone/Documents/Personal_CS/bcup/dataconnect`\n"}}
[debug] [2026-03-24T02:45:13.771Z] E0323 22:45:13.771301    2571 watch.go:40] Failed to load config from "/Users/mayamarkus-malone/Documents/Personal_CS/bcup/dataconnect": could not find dataconnect.yaml in `/Users/mayamarkus-malone/Documents/Personal_CS/bcup/dataconnect`
 {"metadata":{"emulator":{"name":"dataconnect"},"message":"E0323 22:45:13.771301    2571 watch.go:40] Failed to load config from \"/Users/mayamarkus-malone/Documents/Personal_CS/bcup/dataconnect\": could not find dataconnect.yaml in `/Users/mayamarkus-malone/Documents/Personal_CS/bcup/dataconnect`\n"}}
[debug] [2026-03-24T02:45:23.773Z] E0323 22:45:23.771393    2571 watch.go:40] Failed to load config from "/Users/mayamarkus-malone/Documents/Personal_CS/bcup/dataconnect": could not find dataconnect.yaml in `/Users/mayamarkus-malone/Documents/Personal_CS/bcup/dataconnect`
E0323 22:45:23.771429    2571 watch.go:116] watchAllDir unable to walk dir `/Users/mayamarkus-malone/Documents/Personal_CS/bcup/dataconnect`: lstat /Users/mayamarkus-malone/Documents/Personal_CS/bcup/dataconnect: no such file or directory
 {"metadata":{"emulator":{"name":"dataconnect"},"message":"E0323 22:45:23.771393    2571 watch.go:40] Failed to load config from \"/Users/mayamarkus-malone/Documents/Personal_CS/bcup/dataconnect\": could not find dataconnect.yaml in `/Users/mayamarkus-malone/Documents/Personal_CS/bcup/dataconnect`\nE0323 22:45:23.771429    2571 watch.go:116] watchAllDir unable to walk dir `/Users/mayamarkus-malone/Documents/Personal_CS/bcup/dataconnect`: lstat /Users/mayamarkus-malone/Documents/Personal_CS/bcup/dataconnect: no such file or directory\n"}}
[debug] [2026-03-24T02:45:33.771Z] E0323 22:45:33.771532    2571 watch.go:40] Failed to load config from "/Users/mayamarkus-malone/Documents/Personal_CS/bcup/dataconnect": could not find dataconnect.yaml in `/Users/mayamarkus-malone/Documents/Personal_CS/bcup/dataconnect`
 {"metadata":{"emulator":{"name":"dataconnect"},"message":"E0323 22:45:33.771532    2571 watch.go:40] Failed to load config from \"/Users/mayamarkus-malone/Documents/Personal_CS/bcup/dataconnect\": could not find dataconnect.yaml in `/Users/mayamarkus-malone/Documents/Personal_CS/bcup/dataconnect`\n"}}
[debug] [2026-03-24T02:45:43.771Z] E0323 22:45:43.771261    2571 watch.go:40] Failed to load config from "/Users/mayamarkus-malone/Documents/Personal_CS/bcup/dataconnect": could not find dataconnect.yaml in `/Users/mayamarkus-malone/Documents/Personal_CS/bcup/dataconnect`
 {"metadata":{"emulator":{"name":"dataconnect"},"message":"E0323 22:45:43.771261    2571 watch.go:40] Failed to load config from \"/Users/mayamarkus-malone/Documents/Personal_CS/bcup/dataconnect\": could not find dataconnect.yaml in `/Users/mayamarkus-malone/Documents/Personal_CS/bcup/dataconnect`\n"}}
[debug] [2026-03-24T02:45:53.776Z] E0323 22:45:53.776033    2571 watch.go:40] Failed to load config from "/Users/mayamarkus-malone/Documents/Personal_CS/bcup/dataconnect": could not find dataconnect.yaml in `/Users/mayamarkus-malone/Documents/Personal_CS/bcup/dataconnect`
 {"metadata":{"emulator":{"name":"dataconnect"},"message":"E0323 22:45:53.776033    2571 watch.go:40] Failed to load config from \"/Users/mayamarkus-malone/Documents/Personal_CS/bcup/dataconnect\": could not find dataconnect.yaml in `/Users/mayamarkus-malone/Documents/Personal_CS/bcup/dataconnect`\n"}}
[debug] [2026-03-24T02:46:03.771Z] E0323 22:46:03.771323    2571 watch.go:40] Failed to load config from "/Users/mayamarkus-malone/Documents/Personal_CS/bcup/dataconnect": could not find dataconnect.yaml in `/Users/mayamarkus-malone/Documents/Personal_CS/bcup/dataconnect`
 {"metadata":{"emulator":{"name":"dataconnect"},"message":"E0323 22:46:03.771323    2571 watch.go:40] Failed to load config from \"/Users/mayamarkus-malone/Documents/Personal_CS/bcup/dataconnect\": could not find dataconnect.yaml in `/Users/mayamarkus-malone/Documents/Personal_CS/bcup/dataconnect`\n"}}
[debug] [2026-03-24T02:46:13.771Z] E0323 22:46:13.771291    2571 watch.go:40] Failed to load config from "/Users/mayamarkus-malone/Documents/Personal_CS/bcup/dataconnect": could not find dataconnect.yaml in `/Users/mayamarkus-malone/Documents/Personal_CS/bcup/dataconnect`
 {"metadata":{"emulator":{"name":"dataconnect"},"message":"E0323 22:46:13.771291    2571 watch.go:40] Failed to load config from \"/Users/mayamarkus-malone/Documents/Personal_CS/bcup/dataconnect\": could not find dataconnect.yaml in `/Users/mayamarkus-malone/Documents/Personal_CS/bcup/dataconnect`\n"}}
[debug] [2026-03-24T02:46:23.771Z] E0323 22:46:23.771396    2571 watch.go:40] Failed to load config from "/Users/mayamarkus-malone/Documents/Personal_CS/bcup/dataconnect": could not find dataconnect.yaml in `/Users/mayamarkus-malone/Documents/Personal_CS/bcup/dataconnect`
 {"metadata":{"emulator":{"name":"dataconnect"},"message":"E0323 22:46:23.771396    2571 watch.go:40] Failed to load config from \"/Users/mayamarkus-malone/Documents/Personal_CS/bcup/dataconnect\": could not find dataconnect.yaml in `/Users/mayamarkus-malone/Documents/Personal_CS/bcup/dataconnect`\n"}}
[debug] [2026-03-24T02:46:23.773Z] E0323 22:46:23.771374    2571 watch.go:116] watchAllDir unable to walk dir `/Users/mayamarkus-malone/Documents/Personal_CS/bcup/dataconnect`: lstat /Users/mayamarkus-malone/Documents/Personal_CS/bcup/dataconnect: no such file or directory
 {"metadata":{"emulator":{"name":"dataconnect"},"message":"E0323 22:46:23.771374    2571 watch.go:116] watchAllDir unable to walk dir `/Users/mayamarkus-malone/Documents/Personal_CS/bcup/dataconnect`: lstat /Users/mayamarkus-malone/Documents/Personal_CS/bcup/dataconnect: no such file or directory\n"}}
[debug] [2026-03-24T02:46:33.771Z] E0323 22:46:33.770869    2571 watch.go:40] Failed to load config from "/Users/mayamarkus-malone/Documents/Personal_CS/bcup/dataconnect": could not find dataconnect.yaml in `/Users/mayamarkus-malone/Documents/Personal_CS/bcup/dataconnect`
 {"metadata":{"emulator":{"name":"dataconnect"},"message":"E0323 22:46:33.770869    2571 watch.go:40] Failed to load config from \"/Users/mayamarkus-malone/Documents/Personal_CS/bcup/dataconnect\": could not find dataconnect.yaml in `/Users/mayamarkus-malone/Documents/Personal_CS/bcup/dataconnect`\n"}}
[debug] [2026-03-24T02:46:43.771Z] E0323 22:46:43.771259    2571 watch.go:40] Failed to load config from "/Users/mayamarkus-malone/Documents/Personal_CS/bcup/dataconnect": could not find dataconnect.yaml in `/Users/mayamarkus-malone/Documents/Personal_CS/bcup/dataconnect`
 {"metadata":{"emulator":{"name":"dataconnect"},"message":"E0323 22:46:43.771259    2571 watch.go:40] Failed to load config from \"/Users/mayamarkus-malone/Documents/Personal_CS/bcup/dataconnect\": could not find dataconnect.yaml in `/Users/mayamarkus-malone/Documents/Personal_CS/bcup/dataconnect`\n"}}
[debug] [2026-03-24T02:46:53.771Z] E0323 22:46:53.771093    2571 watch.go:40] Failed to load config from "/Users/mayamarkus-malone/Documents/Personal_CS/bcup/dataconnect": could not find dataconnect.yaml in `/Users/mayamarkus-malone/Documents/Personal_CS/bcup/dataconnect`
 {"metadata":{"emulator":{"name":"dataconnect"},"message":"E0323 22:46:53.771093    2571 watch.go:40] Failed to load config from \"/Users/mayamarkus-malone/Documents/Personal_CS/bcup/dataconnect\": could not find dataconnect.yaml in `/Users/mayamarkus-malone/Documents/Personal_CS/bcup/dataconnect`\n"}}
[debug] [2026-03-24T02:47:03.771Z] E0323 22:47:03.771136    2571 watch.go:40] Failed to load config from "/Users/mayamarkus-malone/Documents/Personal_CS/bcup/dataconnect": could not find dataconnect.yaml in `/Users/mayamarkus-malone/Documents/Personal_CS/bcup/dataconnect`
 {"metadata":{"emulator":{"name":"dataconnect"},"message":"E0323 22:47:03.771136    2571 watch.go:40] Failed to load config from \"/Users/mayamarkus-malone/Documents/Personal_CS/bcup/dataconnect\": could not find dataconnect.yaml in `/Users/mayamarkus-malone/Documents/Personal_CS/bcup/dataconnect`\n"}}
[debug] [2026-03-24T02:47:13.771Z] E0323 22:47:13.771202    2571 watch.go:40] Failed to load config from "/Users/mayamarkus-malone/Documents/Personal_CS/bcup/dataconnect": could not find dataconnect.yaml in `/Users/mayamarkus-malone/Documents/Personal_CS/bcup/dataconnect`
 {"metadata":{"emulator":{"name":"dataconnect"},"message":"E0323 22:47:13.771202    2571 watch.go:40] Failed to load config from \"/Users/mayamarkus-malone/Documents/Personal_CS/bcup/dataconnect\": could not find dataconnect.yaml in `/Users/mayamarkus-malone/Documents/Personal_CS/bcup/dataconnect`\n"}}
[debug] [2026-03-24T02:47:23.770Z] E0323 22:47:23.770507    2571 watch.go:116] watchAllDir unable to walk dir `/Users/mayamarkus-malone/Documents/Personal_CS/bcup/dataconnect`: lstat /Users/mayamarkus-malone/Documents/Personal_CS/bcup/dataconnect: no such file or directory
 {"metadata":{"emulator":{"name":"dataconnect"},"message":"E0323 22:47:23.770507    2571 watch.go:116] watchAllDir unable to walk dir `/Users/mayamarkus-malone/Documents/Personal_CS/bcup/dataconnect`: lstat /Users/mayamarkus-malone/Documents/Personal_CS/bcup/dataconnect: no such file or directory\n"}}
[debug] [2026-03-24T02:47:23.771Z] E0323 22:47:23.771792    2571 watch.go:40] Failed to load config from "/Users/mayamarkus-malone/Documents/Personal_CS/bcup/dataconnect": could not find dataconnect.yaml in `/Users/mayamarkus-malone/Documents/Personal_CS/bcup/dataconnect`
 {"metadata":{"emulator":{"name":"dataconnect"},"message":"E0323 22:47:23.771792    2571 watch.go:40] Failed to load config from \"/Users/mayamarkus-malone/Documents/Personal_CS/bcup/dataconnect\": could not find dataconnect.yaml in `/Users/mayamarkus-malone/Documents/Personal_CS/bcup/dataconnect`\n"}}
[debug] [2026-03-24T02:47:33.771Z] E0323 22:47:33.771160    2571 watch.go:40] Failed to load config from "/Users/mayamarkus-malone/Documents/Personal_CS/bcup/dataconnect": could not find dataconnect.yaml in `/Users/mayamarkus-malone/Documents/Personal_CS/bcup/dataconnect`
 {"metadata":{"emulator":{"name":"dataconnect"},"message":"E0323 22:47:33.771160    2571 watch.go:40] Failed to load config from \"/Users/mayamarkus-malone/Documents/Personal_CS/bcup/dataconnect\": could not find dataconnect.yaml in `/Users/mayamarkus-malone/Documents/Personal_CS/bcup/dataconnect`\n"}}
[debug] [2026-03-24T02:47:43.771Z] E0323 22:47:43.771233    2571 watch.go:40] Failed to load config from "/Users/mayamarkus-malone/Documents/Personal_CS/bcup/dataconnect": could not find dataconnect.yaml in `/Users/mayamarkus-malone/Documents/Personal_CS/bcup/dataconnect`
 {"metadata":{"emulator":{"name":"dataconnect"},"message":"E0323 22:47:43.771233    2571 watch.go:40] Failed to load config from \"/Users/mayamarkus-malone/Documents/Personal_CS/bcup/dataconnect\": could not find dataconnect.yaml in `/Users/mayamarkus-malone/Documents/Personal_CS/bcup/dataconnect`\n"}}
[debug] [2026-03-24T02:47:53.772Z] E0323 22:47:53.772096    2571 watch.go:40] Failed to load config from "/Users/mayamarkus-malone/Documents/Personal_CS/bcup/dataconnect": could not find dataconnect.yaml in `/Users/mayamarkus-malone/Documents/Personal_CS/bcup/dataconnect`
 {"metadata":{"emulator":{"name":"dataconnect"},"message":"E0323 22:47:53.772096    2571 watch.go:40] Failed to load config from \"/Users/mayamarkus-malone/Documents/Personal_CS/bcup/dataconnect\": could not find dataconnect.yaml in `/Users/mayamarkus-malone/Documents/Personal_CS/bcup/dataconnect`\n"}}
[debug] [2026-03-24T02:48:03.771Z] E0323 22:48:03.771479    2571 watch.go:40] Failed to load config from "/Users/mayamarkus-malone/Documents/Personal_CS/bcup/dataconnect": could not find dataconnect.yaml in `/Users/mayamarkus-malone/Documents/Personal_CS/bcup/dataconnect`
 {"metadata":{"emulator":{"name":"dataconnect"},"message":"E0323 22:48:03.771479    2571 watch.go:40] Failed to load config from \"/Users/mayamarkus-malone/Documents/Personal_CS/bcup/dataconnect\": could not find dataconnect.yaml in `/Users/mayamarkus-malone/Documents/Personal_CS/bcup/dataconnect`\n"}}
[debug] [2026-03-24T02:48:13.771Z] E0323 22:48:13.771312    2571 watch.go:40] Failed to load config from "/Users/mayamarkus-malone/Documents/Personal_CS/bcup/dataconnect": could not find dataconnect.yaml in `/Users/mayamarkus-malone/Documents/Personal_CS/bcup/dataconnect`
 {"metadata":{"emulator":{"name":"dataconnect"},"message":"E0323 22:48:13.771312    2571 watch.go:40] Failed to load config from \"/Users/mayamarkus-malone/Documents/Personal_CS/bcup/dataconnect\": could not find dataconnect.yaml in `/Users/mayamarkus-malone/Documents/Personal_CS/bcup/dataconnect`\n"}}
[debug] [2026-03-24T02:48:23.771Z] E0323 22:48:23.771130    2571 watch.go:116] watchAllDir unable to walk dir `/Users/mayamarkus-malone/Documents/Personal_CS/bcup/dataconnect`: lstat /Users/mayamarkus-malone/Documents/Personal_CS/bcup/dataconnect: no such file or directory
E0323 22:48:23.771144    2571 watch.go:40] Failed to load config from "/Users/mayamarkus-malone/Documents/Personal_CS/bcup/dataconnect": could not find dataconnect.yaml in `/Users/mayamarkus-malone/Documents/Personal_CS/bcup/dataconnect`
 {"metadata":{"emulator":{"name":"dataconnect"},"message":"E0323 22:48:23.771130    2571 watch.go:116] watchAllDir unable to walk dir `/Users/mayamarkus-malone/Documents/Personal_CS/bcup/dataconnect`: lstat /Users/mayamarkus-malone/Documents/Personal_CS/bcup/dataconnect: no such file or directory\nE0323 22:48:23.771144    2571 watch.go:40] Failed to load config from \"/Users/mayamarkus-malone/Documents/Personal_CS/bcup/dataconnect\": could not find dataconnect.yaml in `/Users/mayamarkus-malone/Documents/Personal_CS/bcup/dataconnect`\n"}}
[debug] [2026-03-24T02:48:33.771Z] E0323 22:48:33.771273    2571 watch.go:40] Failed to load config from "/Users/mayamarkus-malone/Documents/Personal_CS/bcup/dataconnect": could not find dataconnect.yaml in `/Users/mayamarkus-malone/Documents/Personal_CS/bcup/dataconnect`
 {"metadata":{"emulator":{"name":"dataconnect"},"message":"E0323 22:48:33.771273    2571 watch.go:40] Failed to load config from \"/Users/mayamarkus-malone/Documents/Personal_CS/bcup/dataconnect\": could not find dataconnect.yaml in `/Users/mayamarkus-malone/Documents/Personal_CS/bcup/dataconnect`\n"}}
[debug] [2026-03-24T02:48:43.772Z] E0323 22:48:43.771405    2571 watch.go:40] Failed to load config from "/Users/mayamarkus-malone/Documents/Personal_CS/bcup/dataconnect": could not find dataconnect.yaml in `/Users/mayamarkus-malone/Documents/Personal_CS/bcup/dataconnect`
 {"metadata":{"emulator":{"name":"dataconnect"},"message":"E0323 22:48:43.771405    2571 watch.go:40] Failed to load config from \"/Users/mayamarkus-malone/Documents/Personal_CS/bcup/dataconnect\": could not find dataconnect.yaml in `/Users/mayamarkus-malone/Documents/Personal_CS/bcup/dataconnect`\n"}}
[debug] [2026-03-24T02:48:53.770Z] E0323 22:48:53.770250    2571 watch.go:40] Failed to load config from "/Users/mayamarkus-malone/Documents/Personal_CS/bcup/dataconnect": could not find dataconnect.yaml in `/Users/mayamarkus-malone/Documents/Personal_CS/bcup/dataconnect`
 {"metadata":{"emulator":{"name":"dataconnect"},"message":"E0323 22:48:53.770250    2571 watch.go:40] Failed to load config from \"/Users/mayamarkus-malone/Documents/Personal_CS/bcup/dataconnect\": could not find dataconnect.yaml in `/Users/mayamarkus-malone/Documents/Personal_CS/bcup/dataconnect`\n"}}
[debug] [2026-03-24T02:49:03.771Z] E0323 22:49:03.771156    2571 watch.go:40] Failed to load config from "/Users/mayamarkus-malone/Documents/Personal_CS/bcup/dataconnect": could not find dataconnect.yaml in `/Users/mayamarkus-malone/Documents/Personal_CS/bcup/dataconnect`
 {"metadata":{"emulator":{"name":"dataconnect"},"message":"E0323 22:49:03.771156    2571 watch.go:40] Failed to load config from \"/Users/mayamarkus-malone/Documents/Personal_CS/bcup/dataconnect\": could not find dataconnect.yaml in `/Users/mayamarkus-malone/Documents/Personal_CS/bcup/dataconnect`\n"}}
[debug] [2026-03-24T02:49:13.771Z] E0323 22:49:13.771181    2571 watch.go:40] Failed to load config from "/Users/mayamarkus-malone/Documents/Personal_CS/bcup/dataconnect": could not find dataconnect.yaml in `/Users/mayamarkus-malone/Documents/Personal_CS/bcup/dataconnect`
 {"metadata":{"emulator":{"name":"dataconnect"},"message":"E0323 22:49:13.771181    2571 watch.go:40] Failed to load config from \"/Users/mayamarkus-malone/Documents/Personal_CS/bcup/dataconnect\": could not find dataconnect.yaml in `/Users/mayamarkus-malone/Documents/Personal_CS/bcup/dataconnect`\n"}}
[debug] [2026-03-24T02:49:23.771Z] E0323 22:49:23.771146    2571 watch.go:40] Failed to load config from "/Users/mayamarkus-malone/Documents/Personal_CS/bcup/dataconnect": could not find dataconnect.yaml in `/Users/mayamarkus-malone/Documents/Personal_CS/bcup/dataconnect`
 {"metadata":{"emulator":{"name":"dataconnect"},"message":"E0323 22:49:23.771146    2571 watch.go:40] Failed to load config from \"/Users/mayamarkus-malone/Documents/Personal_CS/bcup/dataconnect\": could not find dataconnect.yaml in `/Users/mayamarkus-malone/Documents/Personal_CS/bcup/dataconnect`\n"}}
[debug] [2026-03-24T02:49:23.771Z] E0323 22:49:23.771116    2571 watch.go:116] watchAllDir unable to walk dir `/Users/mayamarkus-malone/Documents/Personal_CS/bcup/dataconnect`: lstat /Users/mayamarkus-malone/Documents/Personal_CS/bcup/dataconnect: no such file or directory
 {"metadata":{"emulator":{"name":"dataconnect"},"message":"E0323 22:49:23.771116    2571 watch.go:116] watchAllDir unable to walk dir `/Users/mayamarkus-malone/Documents/Personal_CS/bcup/dataconnect`: lstat /Users/mayamarkus-malone/Documents/Personal_CS/bcup/dataconnect: no such file or directory\n"}}
[debug] [2026-03-24T02:49:33.773Z] E0323 22:49:33.773564    2571 watch.go:40] Failed to load config from "/Users/mayamarkus-malone/Documents/Personal_CS/bcup/dataconnect": could not find dataconnect.yaml in `/Users/mayamarkus-malone/Documents/Personal_CS/bcup/dataconnect`
 {"metadata":{"emulator":{"name":"dataconnect"},"message":"E0323 22:49:33.773564    2571 watch.go:40] Failed to load config from \"/Users/mayamarkus-malone/Documents/Personal_CS/bcup/dataconnect\": could not find dataconnect.yaml in `/Users/mayamarkus-malone/Documents/Personal_CS/bcup/dataconnect`\n"}}
[debug] [2026-03-24T02:49:43.771Z] E0323 22:49:43.771312    2571 watch.go:40] Failed to load config from "/Users/mayamarkus-malone/Documents/Personal_CS/bcup/dataconnect": could not find dataconnect.yaml in `/Users/mayamarkus-malone/Documents/Personal_CS/bcup/dataconnect`
 {"metadata":{"emulator":{"name":"dataconnect"},"message":"E0323 22:49:43.771312    2571 watch.go:40] Failed to load config from \"/Users/mayamarkus-malone/Documents/Personal_CS/bcup/dataconnect\": could not find dataconnect.yaml in `/Users/mayamarkus-malone/Documents/Personal_CS/bcup/dataconnect`\n"}}
[debug] [2026-03-24T02:49:53.771Z] E0323 22:49:53.771406    2571 watch.go:40] Failed to load config from "/Users/mayamarkus-malone/Documents/Personal_CS/bcup/dataconnect": could not find dataconnect.yaml in `/Users/mayamarkus-malone/Documents/Personal_CS/bcup/dataconnect`
 {"metadata":{"emulator":{"name":"dataconnect"},"message":"E0323 22:49:53.771406    2571 watch.go:40] Failed to load config from \"/Users/mayamarkus-malone/Documents/Personal_CS/bcup/dataconnect\": could not find dataconnect.yaml in `/Users/mayamarkus-malone/Documents/Personal_CS/bcup/dataconnect`\n"}}
[debug] [2026-03-24T02:50:03.771Z] E0323 22:50:03.771442    2571 watch.go:40] Failed to load config from "/Users/mayamarkus-malone/Documents/Personal_CS/bcup/dataconnect": could not find dataconnect.yaml in `/Users/mayamarkus-malone/Documents/Personal_CS/bcup/dataconnect`
 {"metadata":{"emulator":{"name":"dataconnect"},"message":"E0323 22:50:03.771442    2571 watch.go:40] Failed to load config from \"/Users/mayamarkus-malone/Documents/Personal_CS/bcup/dataconnect\": could not find dataconnect.yaml in `/Users/mayamarkus-malone/Documents/Personal_CS/bcup/dataconnect`\n"}}
[debug] [2026-03-24T02:50:13.775Z] E0323 22:50:13.772691    2571 watch.go:40] Failed to load config from "/Users/mayamarkus-malone/Documents/Personal_CS/bcup/dataconnect": could not find dataconnect.yaml in `/Users/mayamarkus-malone/Documents/Personal_CS/bcup/dataconnect`
 {"metadata":{"emulator":{"name":"dataconnect"},"message":"E0323 22:50:13.772691    2571 watch.go:40] Failed to load config from \"/Users/mayamarkus-malone/Documents/Personal_CS/bcup/dataconnect\": could not find dataconnect.yaml in `/Users/mayamarkus-malone/Documents/Personal_CS/bcup/dataconnect`\n"}}
[debug] [2026-03-24T02:50:23.772Z] E0323 22:50:23.771916    2571 watch.go:40] Failed to load config from "/Users/mayamarkus-malone/Documents/Personal_CS/bcup/dataconnect": could not find dataconnect.yaml in `/Users/mayamarkus-malone/Documents/Personal_CS/bcup/dataconnect`
 {"metadata":{"emulator":{"name":"dataconnect"},"message":"E0323 22:50:23.771916    2571 watch.go:40] Failed to load config from \"/Users/mayamarkus-malone/Documents/Personal_CS/bcup/dataconnect\": could not find dataconnect.yaml in `/Users/mayamarkus-malone/Documents/Personal_CS/bcup/dataconnect`\n"}}
[debug] [2026-03-24T02:50:23.773Z] E0323 22:50:23.771846    2571 watch.go:116] watchAllDir unable to walk dir `/Users/mayamarkus-malone/Documents/Personal_CS/bcup/dataconnect`: lstat /Users/mayamarkus-malone/Documents/Personal_CS/bcup/dataconnect: no such file or directory
 {"metadata":{"emulator":{"name":"dataconnect"},"message":"E0323 22:50:23.771846    2571 watch.go:116] watchAllDir unable to walk dir `/Users/mayamarkus-malone/Documents/Personal_CS/bcup/dataconnect`: lstat /Users/mayamarkus-malone/Documents/Personal_CS/bcup/dataconnect: no such file or directory\n"}}
[debug] [2026-03-24T02:50:33.771Z] E0323 22:50:33.771460    2571 watch.go:40] Failed to load config from "/Users/mayamarkus-malone/Documents/Personal_CS/bcup/dataconnect": could not find dataconnect.yaml in `/Users/mayamarkus-malone/Documents/Personal_CS/bcup/dataconnect`
 {"metadata":{"emulator":{"name":"dataconnect"},"message":"E0323 22:50:33.771460    2571 watch.go:40] Failed to load config from \"/Users/mayamarkus-malone/Documents/Personal_CS/bcup/dataconnect\": could not find dataconnect.yaml in `/Users/mayamarkus-malone/Documents/Personal_CS/bcup/dataconnect`\n"}}
[debug] [2026-03-24T02:50:43.771Z] E0323 22:50:43.771468    2571 watch.go:40] Failed to load config from "/Users/mayamarkus-malone/Documents/Personal_CS/bcup/dataconnect": could not find dataconnect.yaml in `/Users/mayamarkus-malone/Documents/Personal_CS/bcup/dataconnect`
 {"metadata":{"emulator":{"name":"dataconnect"},"message":"E0323 22:50:43.771468    2571 watch.go:40] Failed to load config from \"/Users/mayamarkus-malone/Documents/Personal_CS/bcup/dataconnect\": could not find dataconnect.yaml in `/Users/mayamarkus-malone/Documents/Personal_CS/bcup/dataconnect`\n"}}
[debug] [2026-03-24T02:50:53.771Z] E0323 22:50:53.771445    2571 watch.go:40] Failed to load config from "/Users/mayamarkus-malone/Documents/Personal_CS/bcup/dataconnect": could not find dataconnect.yaml in `/Users/mayamarkus-malone/Documents/Personal_CS/bcup/dataconnect`
 {"metadata":{"emulator":{"name":"dataconnect"},"message":"E0323 22:50:53.771445    2571 watch.go:40] Failed to load config from \"/Users/mayamarkus-malone/Documents/Personal_CS/bcup/dataconnect\": could not find dataconnect.yaml in `/Users/mayamarkus-malone/Documents/Personal_CS/bcup/dataconnect`\n"}}
[debug] [2026-03-24T02:51:03.772Z] E0323 22:51:03.772118    2571 watch.go:40] Failed to load config from "/Users/mayamarkus-malone/Documents/Personal_CS/bcup/dataconnect": could not find dataconnect.yaml in `/Users/mayamarkus-malone/Documents/Personal_CS/bcup/dataconnect`
 {"metadata":{"emulator":{"name":"dataconnect"},"message":"E0323 22:51:03.772118    2571 watch.go:40] Failed to load config from \"/Users/mayamarkus-malone/Documents/Personal_CS/bcup/dataconnect\": could not find dataconnect.yaml in `/Users/mayamarkus-malone/Documents/Personal_CS/bcup/dataconnect`\n"}}
[debug] [2026-03-24T02:51:13.771Z] E0323 22:51:13.771596    2571 watch.go:40] Failed to load config from "/Users/mayamarkus-malone/Documents/Personal_CS/bcup/dataconnect": could not find dataconnect.yaml in `/Users/mayamarkus-malone/Documents/Personal_CS/bcup/dataconnect`
 {"metadata":{"emulator":{"name":"dataconnect"},"message":"E0323 22:51:13.771596    2571 watch.go:40] Failed to load config from \"/Users/mayamarkus-malone/Documents/Personal_CS/bcup/dataconnect\": could not find dataconnect.yaml in `/Users/mayamarkus-malone/Documents/Personal_CS/bcup/dataconnect`\n"}}
[debug] [2026-03-24T02:51:23.775Z] E0323 22:51:23.774844    2571 watch.go:116] watchAllDir unable to walk dir `/Users/mayamarkus-malone/Documents/Personal_CS/bcup/dataconnect`: lstat /Users/mayamarkus-malone/Documents/Personal_CS/bcup/dataconnect: no such file or directory
 {"metadata":{"emulator":{"name":"dataconnect"},"message":"E0323 22:51:23.774844    2571 watch.go:116] watchAllDir unable to walk dir `/Users/mayamarkus-malone/Documents/Personal_CS/bcup/dataconnect`: lstat /Users/mayamarkus-malone/Documents/Personal_CS/bcup/dataconnect: no such file or directory\n"}}
[debug] [2026-03-24T02:51:23.775Z] E0323 22:51:23.775047    2571 watch.go:40] Failed to load config from "/Users/mayamarkus-malone/Documents/Personal_CS/bcup/dataconnect": could not find dataconnect.yaml in `/Users/mayamarkus-malone/Documents/Personal_CS/bcup/dataconnect`
 {"metadata":{"emulator":{"name":"dataconnect"},"message":"E0323 22:51:23.775047    2571 watch.go:40] Failed to load config from \"/Users/mayamarkus-malone/Documents/Personal_CS/bcup/dataconnect\": could not find dataconnect.yaml in `/Users/mayamarkus-malone/Documents/Personal_CS/bcup/dataconnect`\n"}}
[debug] [2026-03-24T02:51:33.771Z] E0323 22:51:33.771440    2571 watch.go:40] Failed to load config from "/Users/mayamarkus-malone/Documents/Personal_CS/bcup/dataconnect": could not find dataconnect.yaml in `/Users/mayamarkus-malone/Documents/Personal_CS/bcup/dataconnect`
 {"metadata":{"emulator":{"name":"dataconnect"},"message":"E0323 22:51:33.771440    2571 watch.go:40] Failed to load config from \"/Users/mayamarkus-malone/Documents/Personal_CS/bcup/dataconnect\": could not find dataconnect.yaml in `/Users/mayamarkus-malone/Documents/Personal_CS/bcup/dataconnect`\n"}}
[debug] [2026-03-24T02:51:43.771Z] E0323 22:51:43.771031    2571 watch.go:40] Failed to load config from "/Users/mayamarkus-malone/Documents/Personal_CS/bcup/dataconnect": could not find dataconnect.yaml in `/Users/mayamarkus-malone/Documents/Personal_CS/bcup/dataconnect`
 {"metadata":{"emulator":{"name":"dataconnect"},"message":"E0323 22:51:43.771031    2571 watch.go:40] Failed to load config from \"/Users/mayamarkus-malone/Documents/Personal_CS/bcup/dataconnect\": could not find dataconnect.yaml in `/Users/mayamarkus-malone/Documents/Personal_CS/bcup/dataconnect`\n"}}
[debug] [2026-03-24T02:51:53.774Z] E0323 22:51:53.774369    2571 watch.go:40] Failed to load config from "/Users/mayamarkus-malone/Documents/Personal_CS/bcup/dataconnect": could not find dataconnect.yaml in `/Users/mayamarkus-malone/Documents/Personal_CS/bcup/dataconnect`
 {"metadata":{"emulator":{"name":"dataconnect"},"message":"E0323 22:51:53.774369    2571 watch.go:40] Failed to load config from \"/Users/mayamarkus-malone/Documents/Personal_CS/bcup/dataconnect\": could not find dataconnect.yaml in `/Users/mayamarkus-malone/Documents/Personal_CS/bcup/dataconnect`\n"}}
[debug] [2026-03-24T02:52:03.774Z] E0323 22:52:03.773804    2571 watch.go:40] Failed to load config from "/Users/mayamarkus-malone/Documents/Personal_CS/bcup/dataconnect": could not find dataconnect.yaml in `/Users/mayamarkus-malone/Documents/Personal_CS/bcup/dataconnect`
 {"metadata":{"emulator":{"name":"dataconnect"},"message":"E0323 22:52:03.773804    2571 watch.go:40] Failed to load config from \"/Users/mayamarkus-malone/Documents/Personal_CS/bcup/dataconnect\": could not find dataconnect.yaml in `/Users/mayamarkus-malone/Documents/Personal_CS/bcup/dataconnect`\n"}}
[debug] [2026-03-24T02:52:13.775Z] E0323 22:52:13.775034    2571 watch.go:40] Failed to load config from "/Users/mayamarkus-malone/Documents/Personal_CS/bcup/dataconnect": could not find dataconnect.yaml in `/Users/mayamarkus-malone/Documents/Personal_CS/bcup/dataconnect`
 {"metadata":{"emulator":{"name":"dataconnect"},"message":"E0323 22:52:13.775034    2571 watch.go:40] Failed to load config from \"/Users/mayamarkus-malone/Documents/Personal_CS/bcup/dataconnect\": could not find dataconnect.yaml in `/Users/mayamarkus-malone/Documents/Personal_CS/bcup/dataconnect`\n"}}
[debug] [2026-03-24T02:52:23.770Z] E0323 22:52:23.770325    2571 watch.go:40] Failed to load config from "/Users/mayamarkus-malone/Documents/Personal_CS/bcup/dataconnect": could not find dataconnect.yaml in `/Users/mayamarkus-malone/Documents/Personal_CS/bcup/dataconnect`
E0323 22:52:23.770282    2571 watch.go:116] watchAllDir unable to walk dir `/Users/mayamarkus-malone/Documents/Personal_CS/bcup/dataconnect`: lstat /Users/mayamarkus-malone/Documents/Personal_CS/bcup/dataconnect: no such file or directory
 {"metadata":{"emulator":{"name":"dataconnect"},"message":"E0323 22:52:23.770325    2571 watch.go:40] Failed to load config from \"/Users/mayamarkus-malone/Documents/Personal_CS/bcup/dataconnect\": could not find dataconnect.yaml in `/Users/mayamarkus-malone/Documents/Personal_CS/bcup/dataconnect`\nE0323 22:52:23.770282    2571 watch.go:116] watchAllDir unable to walk dir `/Users/mayamarkus-malone/Documents/Personal_CS/bcup/dataconnect`: lstat /Users/mayamarkus-malone/Documents/Personal_CS/bcup/dataconnect: no such file or directory\n"}}
[debug] [2026-03-24T02:52:33.774Z] E0323 22:52:33.771662    2571 watch.go:40] Failed to load config from "/Users/mayamarkus-malone/Documents/Personal_CS/bcup/dataconnect": could not find dataconnect.yaml in `/Users/mayamarkus-malone/Documents/Personal_CS/bcup/dataconnect`
 {"metadata":{"emulator":{"name":"dataconnect"},"message":"E0323 22:52:33.771662    2571 watch.go:40] Failed to load config from \"/Users/mayamarkus-malone/Documents/Personal_CS/bcup/dataconnect\": could not find dataconnect.yaml in `/Users/mayamarkus-malone/Documents/Personal_CS/bcup/dataconnect`\n"}}
[debug] [2026-03-24T02:52:43.772Z] E0323 22:52:43.772216    2571 watch.go:40] Failed to load config from "/Users/mayamarkus-malone/Documents/Personal_CS/bcup/dataconnect": could not find dataconnect.yaml in `/Users/mayamarkus-malone/Documents/Personal_CS/bcup/dataconnect`
 {"metadata":{"emulator":{"name":"dataconnect"},"message":"E0323 22:52:43.772216    2571 watch.go:40] Failed to load config from \"/Users/mayamarkus-malone/Documents/Personal_CS/bcup/dataconnect\": could not find dataconnect.yaml in `/Users/mayamarkus-malone/Documents/Personal_CS/bcup/dataconnect`\n"}}
[debug] [2026-03-24T02:52:53.771Z] E0323 22:52:53.770943    2571 watch.go:40] Failed to load config from "/Users/mayamarkus-malone/Documents/Personal_CS/bcup/dataconnect": could not find dataconnect.yaml in `/Users/mayamarkus-malone/Documents/Personal_CS/bcup/dataconnect`
 {"metadata":{"emulator":{"name":"dataconnect"},"message":"E0323 22:52:53.770943    2571 watch.go:40] Failed to load config from \"/Users/mayamarkus-malone/Documents/Personal_CS/bcup/dataconnect\": could not find dataconnect.yaml in `/Users/mayamarkus-malone/Documents/Personal_CS/bcup/dataconnect`\n"}}
[debug] [2026-03-24T02:53:03.771Z] E0323 22:53:03.771263    2571 watch.go:40] Failed to load config from "/Users/mayamarkus-malone/Documents/Personal_CS/bcup/dataconnect": could not find dataconnect.yaml in `/Users/mayamarkus-malone/Documents/Personal_CS/bcup/dataconnect`
 {"metadata":{"emulator":{"name":"dataconnect"},"message":"E0323 22:53:03.771263    2571 watch.go:40] Failed to load config from \"/Users/mayamarkus-malone/Documents/Personal_CS/bcup/dataconnect\": could not find dataconnect.yaml in `/Users/mayamarkus-malone/Documents/Personal_CS/bcup/dataconnect`\n"}}
[debug] [2026-03-24T02:53:13.771Z] E0323 22:53:13.771249    2571 watch.go:40] Failed to load config from "/Users/mayamarkus-malone/Documents/Personal_CS/bcup/dataconnect": could not find dataconnect.yaml in `/Users/mayamarkus-malone/Documents/Personal_CS/bcup/dataconnect`
 {"metadata":{"emulator":{"name":"dataconnect"},"message":"E0323 22:53:13.771249    2571 watch.go:40] Failed to load config from \"/Users/mayamarkus-malone/Documents/Personal_CS/bcup/dataconnect\": could not find dataconnect.yaml in `/Users/mayamarkus-malone/Documents/Personal_CS/bcup/dataconnect`\n"}}
[debug] [2026-03-24T02:53:23.770Z] E0323 22:53:23.770747    2571 watch.go:116] watchAllDir unable to walk dir `/Users/mayamarkus-malone/Documents/Personal_CS/bcup/dataconnect`: lstat /Users/mayamarkus-malone/Documents/Personal_CS/bcup/dataconnect: no such file or directory
 {"metadata":{"emulator":{"name":"dataconnect"},"message":"E0323 22:53:23.770747    2571 watch.go:116] watchAllDir unable to walk dir `/Users/mayamarkus-malone/Documents/Personal_CS/bcup/dataconnect`: lstat /Users/mayamarkus-malone/Documents/Personal_CS/bcup/dataconnect: no such file or directory\n"}}
[debug] [2026-03-24T02:53:23.771Z] E0323 22:53:23.770786    2571 watch.go:40] Failed to load config from "/Users/mayamarkus-malone/Documents/Personal_CS/bcup/dataconnect": could not find dataconnect.yaml in `/Users/mayamarkus-malone/Documents/Personal_CS/bcup/dataconnect`
 {"metadata":{"emulator":{"name":"dataconnect"},"message":"E0323 22:53:23.770786    2571 watch.go:40] Failed to load config from \"/Users/mayamarkus-malone/Documents/Personal_CS/bcup/dataconnect\": could not find dataconnect.yaml in `/Users/mayamarkus-malone/Documents/Personal_CS/bcup/dataconnect`\n"}}
[debug] [2026-03-24T02:53:33.772Z] E0323 22:53:33.771436    2571 watch.go:40] Failed to load config from "/Users/mayamarkus-malone/Documents/Personal_CS/bcup/dataconnect": could not find dataconnect.yaml in `/Users/mayamarkus-malone/Documents/Personal_CS/bcup/dataconnect`
 {"metadata":{"emulator":{"name":"dataconnect"},"message":"E0323 22:53:33.771436    2571 watch.go:40] Failed to load config from \"/Users/mayamarkus-malone/Documents/Personal_CS/bcup/dataconnect\": could not find dataconnect.yaml in `/Users/mayamarkus-malone/Documents/Personal_CS/bcup/dataconnect`\n"}}
[debug] [2026-03-24T02:53:43.772Z] E0323 22:53:43.771850    2571 watch.go:40] Failed to load config from "/Users/mayamarkus-malone/Documents/Personal_CS/bcup/dataconnect": could not find dataconnect.yaml in `/Users/mayamarkus-malone/Documents/Personal_CS/bcup/dataconnect`
 {"metadata":{"emulator":{"name":"dataconnect"},"message":"E0323 22:53:43.771850    2571 watch.go:40] Failed to load config from \"/Users/mayamarkus-malone/Documents/Personal_CS/bcup/dataconnect\": could not find dataconnect.yaml in `/Users/mayamarkus-malone/Documents/Personal_CS/bcup/dataconnect`\n"}}
[debug] [2026-03-24T02:53:53.771Z] E0323 22:53:53.771233    2571 watch.go:40] Failed to load config from "/Users/mayamarkus-malone/Documents/Personal_CS/bcup/dataconnect": could not find dataconnect.yaml in `/Users/mayamarkus-malone/Documents/Personal_CS/bcup/dataconnect`
 {"metadata":{"emulator":{"name":"dataconnect"},"message":"E0323 22:53:53.771233    2571 watch.go:40] Failed to load config from \"/Users/mayamarkus-malone/Documents/Personal_CS/bcup/dataconnect\": could not find dataconnect.yaml in `/Users/mayamarkus-malone/Documents/Personal_CS/bcup/dataconnect`\n"}}
[debug] [2026-03-24T02:54:03.773Z] E0323 22:54:03.771757    2571 watch.go:40] Failed to load config from "/Users/mayamarkus-malone/Documents/Personal_CS/bcup/dataconnect": could not find dataconnect.yaml in `/Users/mayamarkus-malone/Documents/Personal_CS/bcup/dataconnect`
 {"metadata":{"emulator":{"name":"dataconnect"},"message":"E0323 22:54:03.771757    2571 watch.go:40] Failed to load config from \"/Users/mayamarkus-malone/Documents/Personal_CS/bcup/dataconnect\": could not find dataconnect.yaml in `/Users/mayamarkus-malone/Documents/Personal_CS/bcup/dataconnect`\n"}}
[debug] [2026-03-24T02:54:13.772Z] E0323 22:54:13.772151    2571 watch.go:40] Failed to load config from "/Users/mayamarkus-malone/Documents/Personal_CS/bcup/dataconnect": could not find dataconnect.yaml in `/Users/mayamarkus-malone/Documents/Personal_CS/bcup/dataconnect`
 {"metadata":{"emulator":{"name":"dataconnect"},"message":"E0323 22:54:13.772151    2571 watch.go:40] Failed to load config from \"/Users/mayamarkus-malone/Documents/Personal_CS/bcup/dataconnect\": could not find dataconnect.yaml in `/Users/mayamarkus-malone/Documents/Personal_CS/bcup/dataconnect`\n"}}
[debug] [2026-03-24T02:54:23.774Z] E0323 22:54:23.773796    2571 watch.go:40] Failed to load config from "/Users/mayamarkus-malone/Documents/Personal_CS/bcup/dataconnect": could not find dataconnect.yaml in `/Users/mayamarkus-malone/Documents/Personal_CS/bcup/dataconnect`
 {"metadata":{"emulator":{"name":"dataconnect"},"message":"E0323 22:54:23.773796    2571 watch.go:40] Failed to load config from \"/Users/mayamarkus-malone/Documents/Personal_CS/bcup/dataconnect\": could not find dataconnect.yaml in `/Users/mayamarkus-malone/Documents/Personal_CS/bcup/dataconnect`\n"}}
[debug] [2026-03-24T02:54:23.775Z] E0323 22:54:23.774299    2571 watch.go:116] watchAllDir unable to walk dir `/Users/mayamarkus-malone/Documents/Personal_CS/bcup/dataconnect`: lstat /Users/mayamarkus-malone/Documents/Personal_CS/bcup/dataconnect: no such file or directory
 {"metadata":{"emulator":{"name":"dataconnect"},"message":"E0323 22:54:23.774299    2571 watch.go:116] watchAllDir unable to walk dir `/Users/mayamarkus-malone/Documents/Personal_CS/bcup/dataconnect`: lstat /Users/mayamarkus-malone/Documents/Personal_CS/bcup/dataconnect: no such file or directory\n"}}
[debug] [2026-03-24T02:54:33.771Z] E0323 22:54:33.771291    2571 watch.go:40] Failed to load config from "/Users/mayamarkus-malone/Documents/Personal_CS/bcup/dataconnect": could not find dataconnect.yaml in `/Users/mayamarkus-malone/Documents/Personal_CS/bcup/dataconnect`
 {"metadata":{"emulator":{"name":"dataconnect"},"message":"E0323 22:54:33.771291    2571 watch.go:40] Failed to load config from \"/Users/mayamarkus-malone/Documents/Personal_CS/bcup/dataconnect\": could not find dataconnect.yaml in `/Users/mayamarkus-malone/Documents/Personal_CS/bcup/dataconnect`\n"}}
[debug] [2026-03-24T02:54:43.771Z] E0323 22:54:43.771277    2571 watch.go:40] Failed to load config from "/Users/mayamarkus-malone/Documents/Personal_CS/bcup/dataconnect": could not find dataconnect.yaml in `/Users/mayamarkus-malone/Documents/Personal_CS/bcup/dataconnect`
 {"metadata":{"emulator":{"name":"dataconnect"},"message":"E0323 22:54:43.771277    2571 watch.go:40] Failed to load config from \"/Users/mayamarkus-malone/Documents/Personal_CS/bcup/dataconnect\": could not find dataconnect.yaml in `/Users/mayamarkus-malone/Documents/Personal_CS/bcup/dataconnect`\n"}}
[debug] [2026-03-24T02:54:53.771Z] E0323 22:54:53.771255    2571 watch.go:40] Failed to load config from "/Users/mayamarkus-malone/Documents/Personal_CS/bcup/dataconnect": could not find dataconnect.yaml in `/Users/mayamarkus-malone/Documents/Personal_CS/bcup/dataconnect`
 {"metadata":{"emulator":{"name":"dataconnect"},"message":"E0323 22:54:53.771255    2571 watch.go:40] Failed to load config from \"/Users/mayamarkus-malone/Documents/Personal_CS/bcup/dataconnect\": could not find dataconnect.yaml in `/Users/mayamarkus-malone/Documents/Personal_CS/bcup/dataconnect`\n"}}
[debug] [2026-03-24T02:55:03.773Z] E0323 22:55:03.772898    2571 watch.go:40] Failed to load config from "/Users/mayamarkus-malone/Documents/Personal_CS/bcup/dataconnect": could not find dataconnect.yaml in `/Users/mayamarkus-malone/Documents/Personal_CS/bcup/dataconnect`
 {"metadata":{"emulator":{"name":"dataconnect"},"message":"E0323 22:55:03.772898    2571 watch.go:40] Failed to load config from \"/Users/mayamarkus-malone/Documents/Personal_CS/bcup/dataconnect\": could not find dataconnect.yaml in `/Users/mayamarkus-malone/Documents/Personal_CS/bcup/dataconnect`\n"}}
[debug] [2026-03-24T02:55:13.771Z] E0323 22:55:13.771285    2571 watch.go:40] Failed to load config from "/Users/mayamarkus-malone/Documents/Personal_CS/bcup/dataconnect": could not find dataconnect.yaml in `/Users/mayamarkus-malone/Documents/Personal_CS/bcup/dataconnect`
 {"metadata":{"emulator":{"name":"dataconnect"},"message":"E0323 22:55:13.771285    2571 watch.go:40] Failed to load config from \"/Users/mayamarkus-malone/Documents/Personal_CS/bcup/dataconnect\": could not find dataconnect.yaml in `/Users/mayamarkus-malone/Documents/Personal_CS/bcup/dataconnect`\n"}}
[debug] [2026-03-24T02:55:23.771Z] E0323 22:55:23.771234    2571 watch.go:40] Failed to load config from "/Users/mayamarkus-malone/Documents/Personal_CS/bcup/dataconnect": could not find dataconnect.yaml in `/Users/mayamarkus-malone/Documents/Personal_CS/bcup/dataconnect`
E0323 22:55:23.771160    2571 watch.go:116] watchAllDir unable to walk dir `/Users/mayamarkus-malone/Documents/Personal_CS/bcup/dataconnect`: lstat /Users/mayamarkus-malone/Documents/Personal_CS/bcup/dataconnect: no such file or directory
 {"metadata":{"emulator":{"name":"dataconnect"},"message":"E0323 22:55:23.771234    2571 watch.go:40] Failed to load config from \"/Users/mayamarkus-malone/Documents/Personal_CS/bcup/dataconnect\": could not find dataconnect.yaml in `/Users/mayamarkus-malone/Documents/Personal_CS/bcup/dataconnect`\nE0323 22:55:23.771160    2571 watch.go:116] watchAllDir unable to walk dir `/Users/mayamarkus-malone/Documents/Personal_CS/bcup/dataconnect`: lstat /Users/mayamarkus-malone/Documents/Personal_CS/bcup/dataconnect: no such file or directory\n"}}
[debug] [2026-03-24T02:55:33.771Z] E0323 22:55:33.771351    2571 watch.go:40] Failed to load config from "/Users/mayamarkus-malone/Documents/Personal_CS/bcup/dataconnect": could not find dataconnect.yaml in `/Users/mayamarkus-malone/Documents/Personal_CS/bcup/dataconnect`
 {"metadata":{"emulator":{"name":"dataconnect"},"message":"E0323 22:55:33.771351    2571 watch.go:40] Failed to load config from \"/Users/mayamarkus-malone/Documents/Personal_CS/bcup/dataconnect\": could not find dataconnect.yaml in `/Users/mayamarkus-malone/Documents/Personal_CS/bcup/dataconnect`\n"}}
[debug] [2026-03-24T02:55:43.771Z] E0323 22:55:43.771303    2571 watch.go:40] Failed to load config from "/Users/mayamarkus-malone/Documents/Personal_CS/bcup/dataconnect": could not find dataconnect.yaml in `/Users/mayamarkus-malone/Documents/Personal_CS/bcup/dataconnect`
 {"metadata":{"emulator":{"name":"dataconnect"},"message":"E0323 22:55:43.771303    2571 watch.go:40] Failed to load config from \"/Users/mayamarkus-malone/Documents/Personal_CS/bcup/dataconnect\": could not find dataconnect.yaml in `/Users/mayamarkus-malone/Documents/Personal_CS/bcup/dataconnect`\n"}}
[debug] [2026-03-24T02:55:53.770Z] E0323 22:55:53.770568    2571 watch.go:40] Failed to load config from "/Users/mayamarkus-malone/Documents/Personal_CS/bcup/dataconnect": could not find dataconnect.yaml in `/Users/mayamarkus-malone/Documents/Personal_CS/bcup/dataconnect`
 {"metadata":{"emulator":{"name":"dataconnect"},"message":"E0323 22:55:53.770568    2571 watch.go:40] Failed to load config from \"/Users/mayamarkus-malone/Documents/Personal_CS/bcup/dataconnect\": could not find dataconnect.yaml in `/Users/mayamarkus-malone/Documents/Personal_CS/bcup/dataconnect`\n"}}
[debug] [2026-03-24T02:56:03.771Z] E0323 22:56:03.771414    2571 watch.go:40] Failed to load config from "/Users/mayamarkus-malone/Documents/Personal_CS/bcup/dataconnect": could not find dataconnect.yaml in `/Users/mayamarkus-malone/Documents/Personal_CS/bcup/dataconnect`
 {"metadata":{"emulator":{"name":"dataconnect"},"message":"E0323 22:56:03.771414    2571 watch.go:40] Failed to load config from \"/Users/mayamarkus-malone/Documents/Personal_CS/bcup/dataconnect\": could not find dataconnect.yaml in `/Users/mayamarkus-malone/Documents/Personal_CS/bcup/dataconnect`\n"}}
[debug] [2026-03-24T02:56:13.771Z] E0323 22:56:13.771395    2571 watch.go:40] Failed to load config from "/Users/mayamarkus-malone/Documents/Personal_CS/bcup/dataconnect": could not find dataconnect.yaml in `/Users/mayamarkus-malone/Documents/Personal_CS/bcup/dataconnect`
 {"metadata":{"emulator":{"name":"dataconnect"},"message":"E0323 22:56:13.771395    2571 watch.go:40] Failed to load config from \"/Users/mayamarkus-malone/Documents/Personal_CS/bcup/dataconnect\": could not find dataconnect.yaml in `/Users/mayamarkus-malone/Documents/Personal_CS/bcup/dataconnect`\n"}}
[debug] [2026-03-24T02:56:23.771Z] E0323 22:56:23.771302    2571 watch.go:40] Failed to load config from "/Users/mayamarkus-malone/Documents/Personal_CS/bcup/dataconnect": could not find dataconnect.yaml in `/Users/mayamarkus-malone/Documents/Personal_CS/bcup/dataconnect`
E0323 22:56:23.771285    2571 watch.go:116] watchAllDir unable to walk dir `/Users/mayamarkus-malone/Documents/Personal_CS/bcup/dataconnect`: lstat /Users/mayamarkus-malone/Documents/Personal_CS/bcup/dataconnect: no such file or directory
 {"metadata":{"emulator":{"name":"dataconnect"},"message":"E0323 22:56:23.771302    2571 watch.go:40] Failed to load config from \"/Users/mayamarkus-malone/Documents/Personal_CS/bcup/dataconnect\": could not find dataconnect.yaml in `/Users/mayamarkus-malone/Documents/Personal_CS/bcup/dataconnect`\nE0323 22:56:23.771285    2571 watch.go:116] watchAllDir unable to walk dir `/Users/mayamarkus-malone/Documents/Personal_CS/bcup/dataconnect`: lstat /Users/mayamarkus-malone/Documents/Personal_CS/bcup/dataconnect: no such file or directory\n"}}
[debug] [2026-03-24T02:56:33.772Z] E0323 22:56:33.772569    2571 watch.go:40] Failed to load config from "/Users/mayamarkus-malone/Documents/Personal_CS/bcup/dataconnect": could not find dataconnect.yaml in `/Users/mayamarkus-malone/Documents/Personal_CS/bcup/dataconnect`
 {"metadata":{"emulator":{"name":"dataconnect"},"message":"E0323 22:56:33.772569    2571 watch.go:40] Failed to load config from \"/Users/mayamarkus-malone/Documents/Personal_CS/bcup/dataconnect\": could not find dataconnect.yaml in `/Users/mayamarkus-malone/Documents/Personal_CS/bcup/dataconnect`\n"}}
[debug] [2026-03-24T02:56:43.771Z] E0323 22:56:43.771347    2571 watch.go:40] Failed to load config from "/Users/mayamarkus-malone/Documents/Personal_CS/bcup/dataconnect": could not find dataconnect.yaml in `/Users/mayamarkus-malone/Documents/Personal_CS/bcup/dataconnect`
 {"metadata":{"emulator":{"name":"dataconnect"},"message":"E0323 22:56:43.771347    2571 watch.go:40] Failed to load config from \"/Users/mayamarkus-malone/Documents/Personal_CS/bcup/dataconnect\": could not find dataconnect.yaml in `/Users/mayamarkus-malone/Documents/Personal_CS/bcup/dataconnect`\n"}}
[debug] [2026-03-24T02:56:53.771Z] E0323 22:56:53.771521    2571 watch.go:40] Failed to load config from "/Users/mayamarkus-malone/Documents/Personal_CS/bcup/dataconnect": could not find dataconnect.yaml in `/Users/mayamarkus-malone/Documents/Personal_CS/bcup/dataconnect`
 {"metadata":{"emulator":{"name":"dataconnect"},"message":"E0323 22:56:53.771521    2571 watch.go:40] Failed to load config from \"/Users/mayamarkus-malone/Documents/Personal_CS/bcup/dataconnect\": could not find dataconnect.yaml in `/Users/mayamarkus-malone/Documents/Personal_CS/bcup/dataconnect`\n"}}
[debug] [2026-03-24T02:57:03.771Z] E0323 22:57:03.771574    2571 watch.go:40] Failed to load config from "/Users/mayamarkus-malone/Documents/Personal_CS/bcup/dataconnect": could not find dataconnect.yaml in `/Users/mayamarkus-malone/Documents/Personal_CS/bcup/dataconnect`
 {"metadata":{"emulator":{"name":"dataconnect"},"message":"E0323 22:57:03.771574    2571 watch.go:40] Failed to load config from \"/Users/mayamarkus-malone/Documents/Personal_CS/bcup/dataconnect\": could not find dataconnect.yaml in `/Users/mayamarkus-malone/Documents/Personal_CS/bcup/dataconnect`\n"}}
[debug] [2026-03-24T02:57:13.771Z] E0323 22:57:13.771497    2571 watch.go:40] Failed to load config from "/Users/mayamarkus-malone/Documents/Personal_CS/bcup/dataconnect": could not find dataconnect.yaml in `/Users/mayamarkus-malone/Documents/Personal_CS/bcup/dataconnect`
 {"metadata":{"emulator":{"name":"dataconnect"},"message":"E0323 22:57:13.771497    2571 watch.go:40] Failed to load config from \"/Users/mayamarkus-malone/Documents/Personal_CS/bcup/dataconnect\": could not find dataconnect.yaml in `/Users/mayamarkus-malone/Documents/Personal_CS/bcup/dataconnect`\n"}}
[debug] [2026-03-24T02:57:23.771Z] E0323 22:57:23.771425    2571 watch.go:116] watchAllDir unable to walk dir `/Users/mayamarkus-malone/Documents/Personal_CS/bcup/dataconnect`: lstat /Users/mayamarkus-malone/Documents/Personal_CS/bcup/dataconnect: no such file or directory
E0323 22:57:23.771455    2571 watch.go:40] Failed to load config from "/Users/mayamarkus-malone/Documents/Personal_CS/bcup/dataconnect": could not find dataconnect.yaml in `/Users/mayamarkus-malone/Documents/Personal_CS/bcup/dataconnect`
 {"metadata":{"emulator":{"name":"dataconnect"},"message":"E0323 22:57:23.771425    2571 watch.go:116] watchAllDir unable to walk dir `/Users/mayamarkus-malone/Documents/Personal_CS/bcup/dataconnect`: lstat /Users/mayamarkus-malone/Documents/Personal_CS/bcup/dataconnect: no such file or directory\nE0323 22:57:23.771455    2571 watch.go:40] Failed to load config from \"/Users/mayamarkus-malone/Documents/Personal_CS/bcup/dataconnect\": could not find dataconnect.yaml in `/Users/mayamarkus-malone/Documents/Personal_CS/bcup/dataconnect`\n"}}
[debug] [2026-03-24T02:57:33.771Z] E0323 22:57:33.771015    2571 watch.go:40] Failed to load config from "/Users/mayamarkus-malone/Documents/Personal_CS/bcup/dataconnect": could not find dataconnect.yaml in `/Users/mayamarkus-malone/Documents/Personal_CS/bcup/dataconnect`
 {"metadata":{"emulator":{"name":"dataconnect"},"message":"E0323 22:57:33.771015    2571 watch.go:40] Failed to load config from \"/Users/mayamarkus-malone/Documents/Personal_CS/bcup/dataconnect\": could not find dataconnect.yaml in `/Users/mayamarkus-malone/Documents/Personal_CS/bcup/dataconnect`\n"}}
[debug] [2026-03-24T02:57:43.771Z] E0323 22:57:43.770967    2571 watch.go:40] Failed to load config from "/Users/mayamarkus-malone/Documents/Personal_CS/bcup/dataconnect": could not find dataconnect.yaml in `/Users/mayamarkus-malone/Documents/Personal_CS/bcup/dataconnect`
 {"metadata":{"emulator":{"name":"dataconnect"},"message":"E0323 22:57:43.770967    2571 watch.go:40] Failed to load config from \"/Users/mayamarkus-malone/Documents/Personal_CS/bcup/dataconnect\": could not find dataconnect.yaml in `/Users/mayamarkus-malone/Documents/Personal_CS/bcup/dataconnect`\n"}}
[debug] [2026-03-24T02:57:53.771Z] E0323 22:57:53.771436    2571 watch.go:40] Failed to load config from "/Users/mayamarkus-malone/Documents/Personal_CS/bcup/dataconnect": could not find dataconnect.yaml in `/Users/mayamarkus-malone/Documents/Personal_CS/bcup/dataconnect`
 {"metadata":{"emulator":{"name":"dataconnect"},"message":"E0323 22:57:53.771436    2571 watch.go:40] Failed to load config from \"/Users/mayamarkus-malone/Documents/Personal_CS/bcup/dataconnect\": could not find dataconnect.yaml in `/Users/mayamarkus-malone/Documents/Personal_CS/bcup/dataconnect`\n"}}
[debug] [2026-03-24T02:58:03.771Z] E0323 22:58:03.771543    2571 watch.go:40] Failed to load config from "/Users/mayamarkus-malone/Documents/Personal_CS/bcup/dataconnect": could not find dataconnect.yaml in `/Users/mayamarkus-malone/Documents/Personal_CS/bcup/dataconnect`
 {"metadata":{"emulator":{"name":"dataconnect"},"message":"E0323 22:58:03.771543    2571 watch.go:40] Failed to load config from \"/Users/mayamarkus-malone/Documents/Personal_CS/bcup/dataconnect\": could not find dataconnect.yaml in `/Users/mayamarkus-malone/Documents/Personal_CS/bcup/dataconnect`\n"}}
[debug] [2026-03-24T02:58:13.771Z] E0323 22:58:13.771454    2571 watch.go:40] Failed to load config from "/Users/mayamarkus-malone/Documents/Personal_CS/bcup/dataconnect": could not find dataconnect.yaml in `/Users/mayamarkus-malone/Documents/Personal_CS/bcup/dataconnect`
 {"metadata":{"emulator":{"name":"dataconnect"},"message":"E0323 22:58:13.771454    2571 watch.go:40] Failed to load config from \"/Users/mayamarkus-malone/Documents/Personal_CS/bcup/dataconnect\": could not find dataconnect.yaml in `/Users/mayamarkus-malone/Documents/Personal_CS/bcup/dataconnect`\n"}}
[debug] [2026-03-24T02:58:23.772Z] E0323 22:58:23.771583    2571 watch.go:116] watchAllDir unable to walk dir `/Users/mayamarkus-malone/Documents/Personal_CS/bcup/dataconnect`: lstat /Users/mayamarkus-malone/Documents/Personal_CS/bcup/dataconnect: no such file or directory
 {"metadata":{"emulator":{"name":"dataconnect"},"message":"E0323 22:58:23.771583    2571 watch.go:116] watchAllDir unable to walk dir `/Users/mayamarkus-malone/Documents/Personal_CS/bcup/dataconnect`: lstat /Users/mayamarkus-malone/Documents/Personal_CS/bcup/dataconnect: no such file or directory\n"}}
[debug] [2026-03-24T02:58:23.772Z] E0323 22:58:23.772074    2571 watch.go:40] Failed to load config from "/Users/mayamarkus-malone/Documents/Personal_CS/bcup/dataconnect": could not find dataconnect.yaml in `/Users/mayamarkus-malone/Documents/Personal_CS/bcup/dataconnect`
 {"metadata":{"emulator":{"name":"dataconnect"},"message":"E0323 22:58:23.772074    2571 watch.go:40] Failed to load config from \"/Users/mayamarkus-malone/Documents/Personal_CS/bcup/dataconnect\": could not find dataconnect.yaml in `/Users/mayamarkus-malone/Documents/Personal_CS/bcup/dataconnect`\n"}}
[debug] [2026-03-24T02:58:33.770Z] E0323 22:58:33.770697    2571 watch.go:40] Failed to load config from "/Users/mayamarkus-malone/Documents/Personal_CS/bcup/dataconnect": could not find dataconnect.yaml in `/Users/mayamarkus-malone/Documents/Personal_CS/bcup/dataconnect`
 {"metadata":{"emulator":{"name":"dataconnect"},"message":"E0323 22:58:33.770697    2571 watch.go:40] Failed to load config from \"/Users/mayamarkus-malone/Documents/Personal_CS/bcup/dataconnect\": could not find dataconnect.yaml in `/Users/mayamarkus-malone/Documents/Personal_CS/bcup/dataconnect`\n"}}
[debug] [2026-03-24T02:58:43.773Z] E0323 22:58:43.772323    2571 watch.go:40] Failed to load config from "/Users/mayamarkus-malone/Documents/Personal_CS/bcup/dataconnect": could not find dataconnect.yaml in `/Users/mayamarkus-malone/Documents/Personal_CS/bcup/dataconnect`
 {"metadata":{"emulator":{"name":"dataconnect"},"message":"E0323 22:58:43.772323    2571 watch.go:40] Failed to load config from \"/Users/mayamarkus-malone/Documents/Personal_CS/bcup/dataconnect\": could not find dataconnect.yaml in `/Users/mayamarkus-malone/Documents/Personal_CS/bcup/dataconnect`\n"}}
[debug] [2026-03-24T02:58:53.769Z] E0323 22:58:53.768793    2571 watch.go:40] Failed to load config from "/Users/mayamarkus-malone/Documents/Personal_CS/bcup/dataconnect": could not find dataconnect.yaml in `/Users/mayamarkus-malone/Documents/Personal_CS/bcup/dataconnect`
 {"metadata":{"emulator":{"name":"dataconnect"},"message":"E0323 22:58:53.768793    2571 watch.go:40] Failed to load config from \"/Users/mayamarkus-malone/Documents/Personal_CS/bcup/dataconnect\": could not find dataconnect.yaml in `/Users/mayamarkus-malone/Documents/Personal_CS/bcup/dataconnect`\n"}}
[debug] [2026-03-24T02:59:03.769Z] E0323 22:59:03.769081    2571 watch.go:40] Failed to load config from "/Users/mayamarkus-malone/Documents/Personal_CS/bcup/dataconnect": could not find dataconnect.yaml in `/Users/mayamarkus-malone/Documents/Personal_CS/bcup/dataconnect`
 {"metadata":{"emulator":{"name":"dataconnect"},"message":"E0323 22:59:03.769081    2571 watch.go:40] Failed to load config from \"/Users/mayamarkus-malone/Documents/Personal_CS/bcup/dataconnect\": could not find dataconnect.yaml in `/Users/mayamarkus-malone/Documents/Personal_CS/bcup/dataconnect`\n"}}
[debug] [2026-03-24T02:59:13.768Z] E0323 22:59:13.767935    2571 watch.go:40] Failed to load config from "/Users/mayamarkus-malone/Documents/Personal_CS/bcup/dataconnect": could not find dataconnect.yaml in `/Users/mayamarkus-malone/Documents/Personal_CS/bcup/dataconnect`
 {"metadata":{"emulator":{"name":"dataconnect"},"message":"E0323 22:59:13.767935    2571 watch.go:40] Failed to load config from \"/Users/mayamarkus-malone/Documents/Personal_CS/bcup/dataconnect\": could not find dataconnect.yaml in `/Users/mayamarkus-malone/Documents/Personal_CS/bcup/dataconnect`\n"}}
[debug] [2026-03-24T02:59:23.767Z] E0323 22:59:23.767698    2571 watch.go:116] watchAllDir unable to walk dir `/Users/mayamarkus-malone/Documents/Personal_CS/bcup/dataconnect`: lstat /Users/mayamarkus-malone/Documents/Personal_CS/bcup/dataconnect: no such file or directory
E0323 22:59:23.767715    2571 watch.go:40] Failed to load config from "/Users/mayamarkus-malone/Documents/Personal_CS/bcup/dataconnect": could not find dataconnect.yaml in `/Users/mayamarkus-malone/Documents/Personal_CS/bcup/dataconnect`
 {"metadata":{"emulator":{"name":"dataconnect"},"message":"E0323 22:59:23.767698    2571 watch.go:116] watchAllDir unable to walk dir `/Users/mayamarkus-malone/Documents/Personal_CS/bcup/dataconnect`: lstat /Users/mayamarkus-malone/Documents/Personal_CS/bcup/dataconnect: no such file or directory\nE0323 22:59:23.767715    2571 watch.go:40] Failed to load config from \"/Users/mayamarkus-malone/Documents/Personal_CS/bcup/dataconnect\": could not find dataconnect.yaml in `/Users/mayamarkus-malone/Documents/Personal_CS/bcup/dataconnect`\n"}}
[debug] [2026-03-24T02:59:33.767Z] E0323 22:59:33.767716    2571 watch.go:40] Failed to load config from "/Users/mayamarkus-malone/Documents/Personal_CS/bcup/dataconnect": could not find dataconnect.yaml in `/Users/mayamarkus-malone/Documents/Personal_CS/bcup/dataconnect`
 {"metadata":{"emulator":{"name":"dataconnect"},"message":"E0323 22:59:33.767716    2571 watch.go:40] Failed to load config from \"/Users/mayamarkus-malone/Documents/Personal_CS/bcup/dataconnect\": could not find dataconnect.yaml in `/Users/mayamarkus-malone/Documents/Personal_CS/bcup/dataconnect`\n"}}
[debug] [2026-03-24T02:59:43.768Z] E0323 22:59:43.767980    2571 watch.go:40] Failed to load config from "/Users/mayamarkus-malone/Documents/Personal_CS/bcup/dataconnect": could not find dataconnect.yaml in `/Users/mayamarkus-malone/Documents/Personal_CS/bcup/dataconnect`
 {"metadata":{"emulator":{"name":"dataconnect"},"message":"E0323 22:59:43.767980    2571 watch.go:40] Failed to load config from \"/Users/mayamarkus-malone/Documents/Personal_CS/bcup/dataconnect\": could not find dataconnect.yaml in `/Users/mayamarkus-malone/Documents/Personal_CS/bcup/dataconnect`\n"}}
[debug] [2026-03-24T02:59:53.767Z] E0323 22:59:53.767596    2571 watch.go:40] Failed to load config from "/Users/mayamarkus-malone/Documents/Personal_CS/bcup/dataconnect": could not find dataconnect.yaml in `/Users/mayamarkus-malone/Documents/Personal_CS/bcup/dataconnect`
 {"metadata":{"emulator":{"name":"dataconnect"},"message":"E0323 22:59:53.767596    2571 watch.go:40] Failed to load config from \"/Users/mayamarkus-malone/Documents/Personal_CS/bcup/dataconnect\": could not find dataconnect.yaml in `/Users/mayamarkus-malone/Documents/Personal_CS/bcup/dataconnect`\n"}}
[debug] [2026-03-24T03:00:03.767Z] E0323 23:00:03.767660    2571 watch.go:40] Failed to load config from "/Users/mayamarkus-malone/Documents/Personal_CS/bcup/dataconnect": could not find dataconnect.yaml in `/Users/mayamarkus-malone/Documents/Personal_CS/bcup/dataconnect`
 {"metadata":{"emulator":{"name":"dataconnect"},"message":"E0323 23:00:03.767660    2571 watch.go:40] Failed to load config from \"/Users/mayamarkus-malone/Documents/Personal_CS/bcup/dataconnect\": could not find dataconnect.yaml in `/Users/mayamarkus-malone/Documents/Personal_CS/bcup/dataconnect`\n"}}
[debug] [2026-03-24T03:00:13.768Z] E0323 23:00:13.767766    2571 watch.go:40] Failed to load config from "/Users/mayamarkus-malone/Documents/Personal_CS/bcup/dataconnect": could not find dataconnect.yaml in `/Users/mayamarkus-malone/Documents/Personal_CS/bcup/dataconnect`
 {"metadata":{"emulator":{"name":"dataconnect"},"message":"E0323 23:00:13.767766    2571 watch.go:40] Failed to load config from \"/Users/mayamarkus-malone/Documents/Personal_CS/bcup/dataconnect\": could not find dataconnect.yaml in `/Users/mayamarkus-malone/Documents/Personal_CS/bcup/dataconnect`\n"}}
[debug] [2026-03-24T03:00:23.767Z] E0323 23:00:23.767566    2571 watch.go:40] Failed to load config from "/Users/mayamarkus-malone/Documents/Personal_CS/bcup/dataconnect": could not find dataconnect.yaml in `/Users/mayamarkus-malone/Documents/Personal_CS/bcup/dataconnect`
E0323 23:00:23.767551    2571 watch.go:116] watchAllDir unable to walk dir `/Users/mayamarkus-malone/Documents/Personal_CS/bcup/dataconnect`: lstat /Users/mayamarkus-malone/Documents/Personal_CS/bcup/dataconnect: no such file or directory
 {"metadata":{"emulator":{"name":"dataconnect"},"message":"E0323 23:00:23.767566    2571 watch.go:40] Failed to load config from \"/Users/mayamarkus-malone/Documents/Personal_CS/bcup/dataconnect\": could not find dataconnect.yaml in `/Users/mayamarkus-malone/Documents/Personal_CS/bcup/dataconnect`\nE0323 23:00:23.767551    2571 watch.go:116] watchAllDir unable to walk dir `/Users/mayamarkus-malone/Documents/Personal_CS/bcup/dataconnect`: lstat /Users/mayamarkus-malone/Documents/Personal_CS/bcup/dataconnect: no such file or directory\n"}}
[debug] [2026-03-24T03:00:33.767Z] E0323 23:00:33.767743    2571 watch.go:40] Failed to load config from "/Users/mayamarkus-malone/Documents/Personal_CS/bcup/dataconnect": could not find dataconnect.yaml in `/Users/mayamarkus-malone/Documents/Personal_CS/bcup/dataconnect`
 {"metadata":{"emulator":{"name":"dataconnect"},"message":"E0323 23:00:33.767743    2571 watch.go:40] Failed to load config from \"/Users/mayamarkus-malone/Documents/Personal_CS/bcup/dataconnect\": could not find dataconnect.yaml in `/Users/mayamarkus-malone/Documents/Personal_CS/bcup/dataconnect`\n"}}
[debug] [2026-03-24T03:00:43.768Z] E0323 23:00:43.767778    2571 watch.go:40] Failed to load config from "/Users/mayamarkus-malone/Documents/Personal_CS/bcup/dataconnect": could not find dataconnect.yaml in `/Users/mayamarkus-malone/Documents/Personal_CS/bcup/dataconnect`
 {"metadata":{"emulator":{"name":"dataconnect"},"message":"E0323 23:00:43.767778    2571 watch.go:40] Failed to load config from \"/Users/mayamarkus-malone/Documents/Personal_CS/bcup/dataconnect\": could not find dataconnect.yaml in `/Users/mayamarkus-malone/Documents/Personal_CS/bcup/dataconnect`\n"}}
[debug] [2026-03-24T03:00:53.768Z] E0323 23:00:53.767723    2571 watch.go:40] Failed to load config from "/Users/mayamarkus-malone/Documents/Personal_CS/bcup/dataconnect": could not find dataconnect.yaml in `/Users/mayamarkus-malone/Documents/Personal_CS/bcup/dataconnect`
 {"metadata":{"emulator":{"name":"dataconnect"},"message":"E0323 23:00:53.767723    2571 watch.go:40] Failed to load config from \"/Users/mayamarkus-malone/Documents/Personal_CS/bcup/dataconnect\": could not find dataconnect.yaml in `/Users/mayamarkus-malone/Documents/Personal_CS/bcup/dataconnect`\n"}}
[debug] [2026-03-24T03:01:03.767Z] E0323 23:01:03.767346    2571 watch.go:40] Failed to load config from "/Users/mayamarkus-malone/Documents/Personal_CS/bcup/dataconnect": could not find dataconnect.yaml in `/Users/mayamarkus-malone/Documents/Personal_CS/bcup/dataconnect`
 {"metadata":{"emulator":{"name":"dataconnect"},"message":"E0323 23:01:03.767346    2571 watch.go:40] Failed to load config from \"/Users/mayamarkus-malone/Documents/Personal_CS/bcup/dataconnect\": could not find dataconnect.yaml in `/Users/mayamarkus-malone/Documents/Personal_CS/bcup/dataconnect`\n"}}
[debug] [2026-03-24T03:01:13.767Z] E0323 23:01:13.767051    2571 watch.go:40] Failed to load config from "/Users/mayamarkus-malone/Documents/Personal_CS/bcup/dataconnect": could not find dataconnect.yaml in `/Users/mayamarkus-malone/Documents/Personal_CS/bcup/dataconnect`
 {"metadata":{"emulator":{"name":"dataconnect"},"message":"E0323 23:01:13.767051    2571 watch.go:40] Failed to load config from \"/Users/mayamarkus-malone/Documents/Personal_CS/bcup/dataconnect\": could not find dataconnect.yaml in `/Users/mayamarkus-malone/Documents/Personal_CS/bcup/dataconnect`\n"}}
[debug] [2026-03-24T03:01:23.768Z] E0323 23:01:23.767881    2571 watch.go:40] Failed to load config from "/Users/mayamarkus-malone/Documents/Personal_CS/bcup/dataconnect": could not find dataconnect.yaml in `/Users/mayamarkus-malone/Documents/Personal_CS/bcup/dataconnect`
 {"metadata":{"emulator":{"name":"dataconnect"},"message":"E0323 23:01:23.767881    2571 watch.go:40] Failed to load config from \"/Users/mayamarkus-malone/Documents/Personal_CS/bcup/dataconnect\": could not find dataconnect.yaml in `/Users/mayamarkus-malone/Documents/Personal_CS/bcup/dataconnect`\n"}}
[debug] [2026-03-24T03:01:23.769Z] E0323 23:01:23.767817    2571 watch.go:116] watchAllDir unable to walk dir `/Users/mayamarkus-malone/Documents/Personal_CS/bcup/dataconnect`: lstat /Users/mayamarkus-malone/Documents/Personal_CS/bcup/dataconnect: no such file or directory
 {"metadata":{"emulator":{"name":"dataconnect"},"message":"E0323 23:01:23.767817    2571 watch.go:116] watchAllDir unable to walk dir `/Users/mayamarkus-malone/Documents/Personal_CS/bcup/dataconnect`: lstat /Users/mayamarkus-malone/Documents/Personal_CS/bcup/dataconnect: no such file or directory\n"}}
[debug] [2026-03-24T03:01:33.768Z] E0323 23:01:33.767768    2571 watch.go:40] Failed to load config from "/Users/mayamarkus-malone/Documents/Personal_CS/bcup/dataconnect": could not find dataconnect.yaml in `/Users/mayamarkus-malone/Documents/Personal_CS/bcup/dataconnect`
 {"metadata":{"emulator":{"name":"dataconnect"},"message":"E0323 23:01:33.767768    2571 watch.go:40] Failed to load config from \"/Users/mayamarkus-malone/Documents/Personal_CS/bcup/dataconnect\": could not find dataconnect.yaml in `/Users/mayamarkus-malone/Documents/Personal_CS/bcup/dataconnect`\n"}}
[debug] [2026-03-24T03:01:43.767Z] E0323 23:01:43.767600    2571 watch.go:40] Failed to load config from "/Users/mayamarkus-malone/Documents/Personal_CS/bcup/dataconnect": could not find dataconnect.yaml in `/Users/mayamarkus-malone/Documents/Personal_CS/bcup/dataconnect`
 {"metadata":{"emulator":{"name":"dataconnect"},"message":"E0323 23:01:43.767600    2571 watch.go:40] Failed to load config from \"/Users/mayamarkus-malone/Documents/Personal_CS/bcup/dataconnect\": could not find dataconnect.yaml in `/Users/mayamarkus-malone/Documents/Personal_CS/bcup/dataconnect`\n"}}
[debug] [2026-03-24T03:01:53.769Z] E0323 23:01:53.769644    2571 watch.go:40] Failed to load config from "/Users/mayamarkus-malone/Documents/Personal_CS/bcup/dataconnect": could not find dataconnect.yaml in `/Users/mayamarkus-malone/Documents/Personal_CS/bcup/dataconnect`
 {"metadata":{"emulator":{"name":"dataconnect"},"message":"E0323 23:01:53.769644    2571 watch.go:40] Failed to load config from \"/Users/mayamarkus-malone/Documents/Personal_CS/bcup/dataconnect\": could not find dataconnect.yaml in `/Users/mayamarkus-malone/Documents/Personal_CS/bcup/dataconnect`\n"}}
[debug] [2026-03-24T03:02:03.768Z] E0323 23:02:03.768317    2571 watch.go:40] Failed to load config from "/Users/mayamarkus-malone/Documents/Personal_CS/bcup/dataconnect": could not find dataconnect.yaml in `/Users/mayamarkus-malone/Documents/Personal_CS/bcup/dataconnect`
 {"metadata":{"emulator":{"name":"dataconnect"},"message":"E0323 23:02:03.768317    2571 watch.go:40] Failed to load config from \"/Users/mayamarkus-malone/Documents/Personal_CS/bcup/dataconnect\": could not find dataconnect.yaml in `/Users/mayamarkus-malone/Documents/Personal_CS/bcup/dataconnect`\n"}}
[debug] [2026-03-24T03:02:13.769Z] E0323 23:02:13.769318    2571 watch.go:40] Failed to load config from "/Users/mayamarkus-malone/Documents/Personal_CS/bcup/dataconnect": could not find dataconnect.yaml in `/Users/mayamarkus-malone/Documents/Personal_CS/bcup/dataconnect`
 {"metadata":{"emulator":{"name":"dataconnect"},"message":"E0323 23:02:13.769318    2571 watch.go:40] Failed to load config from \"/Users/mayamarkus-malone/Documents/Personal_CS/bcup/dataconnect\": could not find dataconnect.yaml in `/Users/mayamarkus-malone/Documents/Personal_CS/bcup/dataconnect`\n"}}
[debug] [2026-03-24T03:02:23.767Z] E0323 23:02:23.767462    2571 watch.go:116] watchAllDir unable to walk dir `/Users/mayamarkus-malone/Documents/Personal_CS/bcup/dataconnect`: lstat /Users/mayamarkus-malone/Documents/Personal_CS/bcup/dataconnect: no such file or directory
E0323 23:02:23.767494    2571 watch.go:40] Failed to load config from "/Users/mayamarkus-malone/Documents/Personal_CS/bcup/dataconnect": could not find dataconnect.yaml in `/Users/mayamarkus-malone/Documents/Personal_CS/bcup/dataconnect`
 {"metadata":{"emulator":{"name":"dataconnect"},"message":"E0323 23:02:23.767462    2571 watch.go:116] watchAllDir unable to walk dir `/Users/mayamarkus-malone/Documents/Personal_CS/bcup/dataconnect`: lstat /Users/mayamarkus-malone/Documents/Personal_CS/bcup/dataconnect: no such file or directory\nE0323 23:02:23.767494    2571 watch.go:40] Failed to load config from \"/Users/mayamarkus-malone/Documents/Personal_CS/bcup/dataconnect\": could not find dataconnect.yaml in `/Users/mayamarkus-malone/Documents/Personal_CS/bcup/dataconnect`\n"}}
[debug] [2026-03-24T03:02:33.768Z] E0323 23:02:33.767833    2571 watch.go:40] Failed to load config from "/Users/mayamarkus-malone/Documents/Personal_CS/bcup/dataconnect": could not find dataconnect.yaml in `/Users/mayamarkus-malone/Documents/Personal_CS/bcup/dataconnect`
 {"metadata":{"emulator":{"name":"dataconnect"},"message":"E0323 23:02:33.767833    2571 watch.go:40] Failed to load config from \"/Users/mayamarkus-malone/Documents/Personal_CS/bcup/dataconnect\": could not find dataconnect.yaml in `/Users/mayamarkus-malone/Documents/Personal_CS/bcup/dataconnect`\n"}}
[debug] [2026-03-24T03:02:43.768Z] E0323 23:02:43.767869    2571 watch.go:40] Failed to load config from "/Users/mayamarkus-malone/Documents/Personal_CS/bcup/dataconnect": could not find dataconnect.yaml in `/Users/mayamarkus-malone/Documents/Personal_CS/bcup/dataconnect`
 {"metadata":{"emulator":{"name":"dataconnect"},"message":"E0323 23:02:43.767869    2571 watch.go:40] Failed to load config from \"/Users/mayamarkus-malone/Documents/Personal_CS/bcup/dataconnect\": could not find dataconnect.yaml in `/Users/mayamarkus-malone/Documents/Personal_CS/bcup/dataconnect`\n"}}
[debug] [2026-03-24T03:02:53.769Z] E0323 23:02:53.769198    2571 watch.go:40] Failed to load config from "/Users/mayamarkus-malone/Documents/Personal_CS/bcup/dataconnect": could not find dataconnect.yaml in `/Users/mayamarkus-malone/Documents/Personal_CS/bcup/dataconnect`
 {"metadata":{"emulator":{"name":"dataconnect"},"message":"E0323 23:02:53.769198    2571 watch.go:40] Failed to load config from \"/Users/mayamarkus-malone/Documents/Personal_CS/bcup/dataconnect\": could not find dataconnect.yaml in `/Users/mayamarkus-malone/Documents/Personal_CS/bcup/dataconnect`\n"}}
[debug] [2026-03-24T03:03:03.767Z] E0323 23:03:03.767600    2571 watch.go:40] Failed to load config from "/Users/mayamarkus-malone/Documents/Personal_CS/bcup/dataconnect": could not find dataconnect.yaml in `/Users/mayamarkus-malone/Documents/Personal_CS/bcup/dataconnect`
 {"metadata":{"emulator":{"name":"dataconnect"},"message":"E0323 23:03:03.767600    2571 watch.go:40] Failed to load config from \"/Users/mayamarkus-malone/Documents/Personal_CS/bcup/dataconnect\": could not find dataconnect.yaml in `/Users/mayamarkus-malone/Documents/Personal_CS/bcup/dataconnect`\n"}}
[debug] [2026-03-24T03:03:13.767Z] E0323 23:03:13.767695    2571 watch.go:40] Failed to load config from "/Users/mayamarkus-malone/Documents/Personal_CS/bcup/dataconnect": could not find dataconnect.yaml in `/Users/mayamarkus-malone/Documents/Personal_CS/bcup/dataconnect`
 {"metadata":{"emulator":{"name":"dataconnect"},"message":"E0323 23:03:13.767695    2571 watch.go:40] Failed to load config from \"/Users/mayamarkus-malone/Documents/Personal_CS/bcup/dataconnect\": could not find dataconnect.yaml in `/Users/mayamarkus-malone/Documents/Personal_CS/bcup/dataconnect`\n"}}
[debug] [2026-03-24T03:03:23.767Z] E0323 23:03:23.767275    2571 watch.go:40] Failed to load config from "/Users/mayamarkus-malone/Documents/Personal_CS/bcup/dataconnect": could not find dataconnect.yaml in `/Users/mayamarkus-malone/Documents/Personal_CS/bcup/dataconnect`
E0323 23:03:23.767256    2571 watch.go:116] watchAllDir unable to walk dir `/Users/mayamarkus-malone/Documents/Personal_CS/bcup/dataconnect`: lstat /Users/mayamarkus-malone/Documents/Personal_CS/bcup/dataconnect: no such file or directory
 {"metadata":{"emulator":{"name":"dataconnect"},"message":"E0323 23:03:23.767275    2571 watch.go:40] Failed to load config from \"/Users/mayamarkus-malone/Documents/Personal_CS/bcup/dataconnect\": could not find dataconnect.yaml in `/Users/mayamarkus-malone/Documents/Personal_CS/bcup/dataconnect`\nE0323 23:03:23.767256    2571 watch.go:116] watchAllDir unable to walk dir `/Users/mayamarkus-malone/Documents/Personal_CS/bcup/dataconnect`: lstat /Users/mayamarkus-malone/Documents/Personal_CS/bcup/dataconnect: no such file or directory\n"}}
[debug] [2026-03-24T03:03:33.767Z] E0323 23:03:33.767579    2571 watch.go:40] Failed to load config from "/Users/mayamarkus-malone/Documents/Personal_CS/bcup/dataconnect": could not find dataconnect.yaml in `/Users/mayamarkus-malone/Documents/Personal_CS/bcup/dataconnect`
 {"metadata":{"emulator":{"name":"dataconnect"},"message":"E0323 23:03:33.767579    2571 watch.go:40] Failed to load config from \"/Users/mayamarkus-malone/Documents/Personal_CS/bcup/dataconnect\": could not find dataconnect.yaml in `/Users/mayamarkus-malone/Documents/Personal_CS/bcup/dataconnect`\n"}}
[debug] [2026-03-24T03:03:43.767Z] E0323 23:03:43.767031    2571 watch.go:40] Failed to load config from "/Users/mayamarkus-malone/Documents/Personal_CS/bcup/dataconnect": could not find dataconnect.yaml in `/Users/mayamarkus-malone/Documents/Personal_CS/bcup/dataconnect`
 {"metadata":{"emulator":{"name":"dataconnect"},"message":"E0323 23:03:43.767031    2571 watch.go:40] Failed to load config from \"/Users/mayamarkus-malone/Documents/Personal_CS/bcup/dataconnect\": could not find dataconnect.yaml in `/Users/mayamarkus-malone/Documents/Personal_CS/bcup/dataconnect`\n"}}
